# Exported from MakeClothes (TM)
# author MRT
# license CC0
# homepage http://www.makehuman.org/
v -1.4384 0.9964 -0.1345
v -1.3015 1.3266 -0.0224
v -0.0175 1.3266 1.4744
v -1.2309 1.3266 0.9858
v -0.4643 1.3266 1.4278
v -0.6805 1.3266 1.3620
v -1.4481 1.3266 0.3741
v -1.4219 1.3266 0.5897
v -1.3461 1.3266 0.7986
v -1.0712 1.3266 1.1422
v -0.8853 1.3266 1.2653
v -1.4092 1.3266 0.1639
v -0.9460 1.3266 -0.2608
v -0.7567 1.3266 -0.3168
v -0.5688 1.3266 -0.3505
v -0.3831 1.3266 -0.3686
v -0.0177 1.3266 -0.3790
v -1.0619 0.9595 -0.4450
v -0.8431 0.9515 -0.5464
v -0.6251 0.9512 -0.6196
v -0.4123 0.9552 -0.6471
v -1.1377 1.3266 -0.1653
v -1.1352 0.9313 1.1634
v -0.9258 0.8959 1.2757
v -0.4709 0.8508 1.3914
v -1.3161 0.9691 1.0029
v -0.7024 0.8684 1.3472
v -1.2683 0.9754 -0.3136
v -1.5433 1.0158 0.0836
v -1.5756 1.0262 0.3233
v -1.4564 1.0017 0.8007
v -1.5435 1.0220 0.5685
v -0.1996 1.3266 -0.3764
v -0.2058 0.9599 -0.6503
v -0.2363 0.8418 1.4128
v -0.2421 1.3266 1.4620
v 1.3611 0.9963 -0.1673
v 1.2904 1.3266 -0.0309
v 1.1914 1.3266 0.9856
v 0.4293 1.3266 1.4425
v 0.6456 1.3266 1.3735
v 1.4225 1.3266 0.3739
v 1.3836 1.3266 0.5895
v 1.3080 1.3266 0.7984
v 1.0357 1.3266 1.1430
v 0.8504 1.3266 1.2697
v 1.3985 1.3266 0.1598
v 0.9150 1.3266 -0.2608
v 0.7214 1.3266 -0.3103
v 0.5337 1.3266 -0.3447
v 0.3478 1.3266 -0.3658
v 1.0118 0.9593 -0.4895
v 0.8134 0.9515 -0.5538
v 0.6084 0.9511 -0.6114
v 0.4029 0.9551 -0.6555
v -0.0036 0.9618 -0.6508
v 1.1173 1.3266 -0.1716
v 1.1209 0.9313 1.1460
v 0.9201 0.8959 1.2669
v 0.4680 0.8508 1.4016
v -0.0012 0.8391 1.4221
v 1.2890 0.9691 0.9830
v 0.6990 0.8684 1.3521
v 1.1959 0.9753 -0.3671
v 1.4821 1.0158 0.0776
v 1.5271 1.0263 0.3208
v 1.4169 1.0017 0.7831
v 1.5010 1.0220 0.5575
v 0.1643 1.3266 -0.3760
v 0.1989 0.9599 -0.6597
v 0.2337 0.8418 1.4221
v 0.2071 1.3266 1.4734
v -1.5454 0.5815 -0.2100
v -1.1731 0.5626 -0.5875
v -0.9392 0.5633 -0.7612
v -0.6951 0.5669 -0.8939
v -0.4568 0.5670 -0.9380
v -1.1679 0.5392 1.1795
v -0.9473 0.5197 1.2791
v -0.4786 0.4971 1.3709
v -1.3655 0.5606 1.0234
v -0.7158 0.5054 1.3374
v -1.3774 0.5686 -0.4062
v -1.6504 0.5931 0.0247
v -1.6824 0.5984 0.2915
v -1.5283 0.5804 0.8154
v -1.6383 0.5941 0.5644
v -0.2250 0.5675 -0.9268
v -0.2392 0.4932 1.3900
v 1.4487 0.5814 -0.3241
v 1.0916 0.5622 -0.6906
v 0.8927 0.5632 -0.7803
v 0.6755 0.5667 -0.8602
v 0.4492 0.5675 -0.9303
v 0.0001 0.5675 -0.9145
v 1.1593 0.5391 1.1329
v 0.9447 0.5197 1.2508
v 0.4787 0.4970 1.3714
v 0.0001 0.4922 1.3951
v 1.3701 0.5607 0.9693
v 0.7158 0.5054 1.3279
v 1.2728 0.5686 -0.5474
v 1.5860 0.5931 -0.0309
v 1.6541 0.5986 0.2570
v 1.5418 0.5805 0.7639
v 1.6447 0.5942 0.5262
v 0.2238 0.5677 -0.9305
v 0.2393 0.4932 1.3904
v -1.6038 0.1343 -0.2415
v -1.2273 0.1252 -0.6461
v -1.0018 0.1347 -0.8446
v -0.7484 0.1455 -0.9910
v -0.4853 0.1441 -1.0277
v -1.2002 0.1215 1.1909
v -0.9717 0.1150 1.2809
v -0.4898 0.1105 1.3649
v -1.4027 0.1293 1.0377
v -0.7338 0.1115 1.3346
v -1.4283 0.1254 -0.4465
v -1.7163 0.1427 0.0036
v -1.7488 0.1474 0.2841
v -1.5778 0.1384 0.8297
v -1.6963 0.1453 0.5682
v -0.2389 0.1393 -0.9849
v -0.2446 0.1109 1.3816
v 1.5094 0.1343 -0.3493
v 1.1469 0.1258 -0.7182
v 0.9557 0.1360 -0.8304
v 0.7285 0.1454 -0.9253
v 0.4773 0.1438 -0.9834
v -0.0000 0.1367 -0.9447
v 1.1956 0.1215 1.1377
v 0.9702 0.1149 1.2496
v 0.4901 0.1103 1.3650
v 0.0001 0.1113 1.3853
v 1.4229 0.1295 0.9770
v 0.7339 0.1113 1.3234
v 1.3232 0.1255 -0.5612
v 1.6589 0.1426 -0.0671
v 1.7410 0.1478 0.2380
v 1.6150 0.1387 0.7709
v 1.7290 0.1456 0.5250
v 0.2377 0.1392 -0.9688
v 0.2447 0.1108 1.3816
v -1.6026 -0.2966 -0.2027
v -1.2306 -0.3003 -0.5787
v -1.0099 -0.2935 -0.7413
v -0.7655 -0.2855 -0.8474
v -0.5097 -0.2837 -0.8896
v -1.2252 -0.2839 1.1810
v -0.9979 -0.2819 1.2713
v -0.5042 -0.2777 1.3485
v -1.4185 -0.2864 1.0201
v -0.7547 -0.2796 1.3220
v -1.4320 -0.3017 -0.3973
v -1.7151 -0.2912 0.0273
v -1.7554 -0.2860 0.2903
v -1.5859 -0.2871 0.8137
v -1.7010 -0.2860 0.5598
v -0.2525 -0.2847 -0.8736
v -0.2520 -0.2762 1.3636
v 1.5414 -0.2966 -0.2500
v 1.1711 -0.2995 -0.6110
v 0.9724 -0.2929 -0.7437
v 0.7453 -0.2857 -0.8287
v 0.5008 -0.2833 -0.8738
v -0.0001 -0.2857 -0.8651
v 1.2235 -0.2839 1.1477
v 0.9984 -0.2820 1.2529
v 0.5043 -0.2779 1.3484
v -0.0000 -0.2756 1.3675
v 1.4198 -0.2864 0.9823
v 0.7550 -0.2798 1.3168
v 1.3615 -0.3015 -0.4430
v 1.6769 -0.2912 -0.0035
v 1.7350 -0.2861 0.2755
v 1.5893 -0.2867 0.7767
v 1.7009 -0.2862 0.5361
v 0.2517 -0.2846 -0.8790
v 0.2521 -0.2763 1.3635
v -1.5721 -0.7616 -0.1561
v -1.2018 -0.7643 -0.5132
v -0.9872 -0.7610 -0.6660
v -0.7531 -0.7560 -0.7650
v -0.5062 -0.7524 -0.8144
v -1.2566 -0.7378 1.1885
v -1.0296 -0.7316 1.2946
v -0.5208 -0.7253 1.3569
v -1.4404 -0.7459 1.0160
v -0.7787 -0.7282 1.3440
v -1.4023 -0.7652 -0.3426
v -1.6806 -0.7583 0.0694
v -1.7367 -0.7535 0.3167
v -1.5887 -0.7513 0.8086
v -1.6880 -0.7534 0.5671
v -0.2543 -0.7500 -0.8236
v -0.2611 -0.7224 1.3707
v 1.5553 -0.7615 -0.1535
v 1.1884 -0.7637 -0.5116
v 0.9805 -0.7603 -0.6665
v 0.7504 -0.7559 -0.7670
v 0.5055 -0.7521 -0.8136
v -0.0000 -0.7494 -0.8211
v 1.2583 -0.7378 1.1865
v 1.0307 -0.7318 1.2961
v 0.5209 -0.7254 1.3577
v -0.0002 -0.7213 1.3751
v 1.4435 -0.7454 1.0136
v 0.7793 -0.7284 1.3444
v 1.3851 -0.7649 -0.3404
v 1.6726 -0.7582 0.0694
v 1.7301 -0.7535 0.3178
v 1.5909 -0.7509 0.8051
v 1.6878 -0.7534 0.5671
v 0.2541 -0.7499 -0.8228
v 0.2608 -0.7225 1.3704
v -1.5738 -1.2703 -0.1241
v -1.2025 -1.2701 -0.4784
v -0.9855 -1.2690 -0.6292
v -0.7498 -1.2667 -0.7366
v -0.5031 -1.2631 -0.8007
v -1.2875 -1.2483 1.2197
v -1.0587 -1.2402 1.3334
v -0.5383 -1.2339 1.3742
v -1.4718 -1.2575 1.0472
v -0.8015 -1.2370 1.3795
v -1.4032 -1.2709 -0.3109
v -1.6933 -1.2697 0.0984
v -1.7621 -1.2671 0.3399
v -1.6199 -1.2648 0.8371
v -1.7219 -1.2671 0.5941
v -0.2518 -1.2597 -0.8302
v -0.2708 -1.2300 1.3863
v 1.5750 -1.2700 -0.1242
v 1.2020 -1.2698 -0.4796
v 0.9853 -1.2686 -0.6306
v 0.7499 -1.2664 -0.7385
v 0.5031 -1.2630 -0.8019
v 0.0004 -1.2582 -0.8371
v 1.2892 -1.2483 1.2187
v 1.0618 -1.2405 1.3376
v 0.5386 -1.2337 1.3759
v -0.0004 -1.2283 1.3920
v 1.4782 -1.2569 1.0467
v 0.8030 -1.2370 1.3788
v 1.4031 -1.2707 -0.3107
v 1.6936 -1.2699 0.0992
v 1.7643 -1.2669 0.3400
v 1.6247 -1.2644 0.8348
v 1.7198 -1.2677 0.5910
v 0.2521 -1.2596 -0.8302
v 0.2701 -1.2301 1.3860
v -1.5630 -1.6776 -0.1023
v -1.1847 -1.6776 -0.4407
v -0.9707 -1.6779 -0.5833
v -0.7407 -1.6777 -0.6903
v -0.4979 -1.6761 -0.7575
v -1.2790 -1.6525 1.2227
v -1.0509 -1.6449 1.3303
v -0.5305 -1.6399 1.3669
v -1.4646 -1.6617 1.0582
v -0.7945 -1.6424 1.3690
v -1.3891 -1.6784 -0.2852
v -1.6849 -1.6759 0.1170
v -1.7477 -1.6736 0.3593
v -1.6063 -1.6685 0.8471
v -1.7095 -1.6721 0.6121
v -0.2497 -1.6748 -0.7914
v -0.2671 -1.6366 1.3740
v 1.5641 -1.6770 -0.1034
v 1.1866 -1.6775 -0.4426
v 0.9723 -1.6776 -0.5850
v 0.7412 -1.6774 -0.6933
v 0.4981 -1.6763 -0.7600
v -0.0002 -1.6742 -0.8009
v 1.2828 -1.6525 1.2256
v 1.0519 -1.6452 1.3304
v 0.5315 -1.6394 1.3686
v -0.0025 -1.6352 1.3833
v 1.4719 -1.6612 1.0594
v 0.7952 -1.6424 1.3721
v 1.3907 -1.6780 -0.2864
v 1.6864 -1.6760 0.1175
v 1.7528 -1.6736 0.3574
v 1.6124 -1.6681 0.8464
v 1.7091 -1.6720 0.6076
v 0.2496 -1.6749 -0.7918
v 0.2640 -1.6370 1.3740
v -1.5846 -2.1007 -0.1023
v -1.1981 -2.1002 -0.4349
v -0.9807 -2.1001 -0.5683
v -0.7485 -2.0995 -0.6760
v -0.5037 -2.0984 -0.7465
v -1.2956 -2.0743 1.2488
v -1.0607 -2.0674 1.3358
v -0.5372 -2.0622 1.3878
v -1.4867 -2.0835 1.0835
v -0.8028 -2.0650 1.3798
v -1.4064 -2.1002 -0.2859
v -1.7114 -2.0992 0.1193
v -1.7645 -2.0971 0.3701
v -1.6279 -2.0906 0.8695
v -1.7234 -2.0953 0.6252
v -0.2526 -2.0979 -0.7811
v -0.2733 -2.0590 1.3927
v 1.5890 -2.0993 -0.1060
v 1.2023 -2.0997 -0.4390
v 0.9827 -2.0993 -0.5721
v 0.7498 -2.0991 -0.6807
v 0.5041 -2.0986 -0.7492
v -0.0003 -2.0979 -0.7900
v 1.3025 -2.0740 1.2575
v 1.0627 -2.0681 1.3407
v 0.5364 -2.0611 1.3913
v -0.0063 -2.0579 1.3991
v 1.4981 -2.0828 1.0906
v 0.8028 -2.0646 1.3866
v 1.4104 -2.1000 -0.2896
v 1.7133 -2.0992 0.1184
v 1.7732 -2.0969 0.3686
v 1.6344 -2.0903 0.8687
v 1.7332 -2.0944 0.6243
v 0.2524 -2.0981 -0.7813
v 0.2657 -2.0597 1.3907
v -1.6254 -2.5633 -0.1077
v -1.2337 -2.5626 -0.4351
v -1.0079 -2.5614 -0.5595
v -0.7728 -2.5583 -0.6740
v -0.5215 -2.5561 -0.7441
v -1.3378 -2.5352 1.2822
v -1.0889 -2.5283 1.3575
v -0.5547 -2.5216 1.4232
v -1.5352 -2.5459 1.1151
v -0.8284 -2.5256 1.4028
v -1.4494 -2.5614 -0.2997
v -1.7564 -2.5632 0.1191
v -1.8027 -2.5617 0.3760
v -1.6689 -2.5543 0.8888
v -1.7665 -2.5574 0.6384
v -0.2619 -2.5547 -0.7762
v -0.2856 -2.5184 1.4189
v 1.6316 -2.5610 -0.1152
v 1.2380 -2.5612 -0.4398
v 1.0114 -2.5593 -0.5652
v 0.7766 -2.5575 -0.6811
v 0.5231 -2.5555 -0.7509
v -0.0004 -2.5539 -0.7867
v 1.3385 -2.5342 1.2904
v 1.0909 -2.5279 1.3674
v 0.5533 -2.5196 1.4220
v -0.0087 -2.5162 1.4245
v 1.5445 -2.5441 1.1176
v 0.8257 -2.5243 1.4090
v 1.4576 -2.5607 -0.3018
v 1.7577 -2.5616 0.1174
v 1.8210 -2.5588 0.3767
v 1.6764 -2.5524 0.8857
v 1.7902 -2.5543 0.6435
v 0.2623 -2.5544 -0.7798
v 0.2743 -2.5193 1.4150
v -1.6209 -2.9061 -0.0856
v -1.2317 -2.9049 -0.4082
v -0.9972 -2.9027 -0.5210
v -0.7661 -2.9011 -0.6438
v -0.5165 -2.8993 -0.7133
v -1.3319 -2.8797 1.2756
v -1.0838 -2.8733 1.3493
v -0.5482 -2.8666 1.4128
v -1.5316 -2.8883 1.1232
v -0.8174 -2.8702 1.3913
v -1.4555 -2.9047 -0.2843
v -1.7503 -2.9054 0.1358
v -1.7872 -2.9039 0.3878
v -1.6525 -2.8952 0.8897
v -1.7504 -2.9000 0.6436
v -0.2591 -2.8990 -0.7429
v -0.2817 -2.8638 1.3898
v 1.6196 -2.9048 -0.0913
v 1.2336 -2.9043 -0.4043
v 0.9989 -2.9032 -0.5199
v 0.7669 -2.9003 -0.6395
v 0.5197 -2.8996 -0.7145
v 0.0000 -2.8990 -0.7505
v 1.3213 -2.8796 1.2729
v 1.0745 -2.8753 1.3541
v 0.5427 -2.8668 1.4059
v -0.0104 -2.8649 1.4015
v 1.5258 -2.8858 1.1131
v 0.8093 -2.8696 1.3942
v 1.4601 -2.9046 -0.2776
v 1.7453 -2.9048 0.1377
v 1.8017 -2.9012 0.3909
v 1.6545 -2.8920 0.8835
v 1.7746 -2.8969 0.6481
v 0.2618 -2.8990 -0.7429
v 0.2670 -2.8650 1.3806
v -1.7830 -2.5061 -0.7972
v -1.1967 -2.9137 -1.1231
v -1.1530 -2.9774 -1.5683
v -0.7587 -3.0889 -1.5721
v -0.4527 -3.1414 -1.7609
v -1.3184 -2.5143 1.9083
v -1.0191 -2.5474 1.6773
v -0.5048 -2.4425 1.6590
v -1.6344 -2.5413 1.5298
v -0.7610 -2.4751 1.7787
v -1.6210 -2.6275 -1.3477
v -2.2276 -2.3004 -0.3038
v -2.5479 -2.2368 0.4118
v -2.1602 -2.3480 1.5128
v -2.0815 -2.3723 0.8983
v -0.2391 -3.2455 -1.5408
v -0.2426 -2.4084 1.6608
v 1.9621 -2.5013 -0.8717
v 1.1456 -2.9059 -1.1208
v 1.1469 -2.9576 -1.5755
v 0.7903 -3.0618 -1.6460
v 0.4722 -3.1498 -1.6932
v -0.0262 -3.1867 -1.7989
v 1.2692 -2.5184 1.8951
v 1.0166 -2.5435 1.6915
v 0.4997 -2.4432 1.6708
v 0.0012 -2.3880 1.7429
v 1.6243 -2.5293 1.5695
v 0.7619 -2.4771 1.7767
v 1.5873 -2.6398 -1.2896
v 2.1570 -2.3051 -0.2729
v 2.5685 -2.2318 0.3757
v 2.1528 -2.3650 1.4737
v 2.0859 -2.3806 0.8723
v 0.2068 -3.2378 -1.5610
v 0.2463 -2.4081 1.6609
v -1.9291 -3.6714 -0.8446
v -1.3594 -3.9423 -0.7071
v -1.0702 -4.0362 -0.8994
v -0.7759 -4.1736 -1.1410
v -0.5420 -4.3527 -1.3541
v -1.5180 -4.0553 2.0505
v -1.1037 -4.1183 2.1010
v -0.5653 -4.1204 1.8366
v -1.8925 -3.9721 1.7298
v -0.8894 -4.1743 1.8173
v -1.5170 -3.7664 -1.0238
v -2.0912 -3.6943 -0.2464
v -2.4570 -3.6067 0.3073
v -1.9293 -3.8889 1.1563
v -2.3934 -3.6487 0.9161
v -0.2693 -4.4945 -1.4970
v -0.2712 -4.0758 1.7535
v 1.9388 -3.6741 -0.8403
v 1.3617 -3.9425 -0.7067
v 1.0513 -4.0382 -0.8856
v 0.7896 -4.1725 -1.1558
v 0.5471 -4.3514 -1.3621
v 0.0030 -4.5283 -1.6155
v 1.5134 -4.0565 2.0572
v 1.0960 -4.1222 2.0918
v 0.5737 -4.1139 1.8781
v 0.0006 -4.0223 1.9642
v 1.8892 -3.9745 1.7321
v 0.8985 -4.1756 1.8137
v 1.5214 -3.7675 -1.0182
v 2.0968 -3.6922 -0.2438
v 2.4669 -3.6012 0.3070
v 1.9228 -3.8856 1.1643
v 2.4006 -3.6415 0.9158
v 0.2624 -4.4986 -1.4750
v 0.2759 -4.0781 1.7541
v -1.8643 -5.5584 -0.6197
v -1.4894 -5.8866 -0.7238
v -1.1652 -6.0260 -0.9600
v -1.0812 -6.1575 -1.4561
v -0.6840 -6.4289 -1.4747
v -1.8077 -5.9210 2.2307
v -1.3775 -6.0586 2.2763
v -0.6665 -6.1359 1.9980
v -1.9092 -5.8509 1.7069
v -1.0045 -6.1201 2.1647
v -1.7208 -5.6677 -1.0292
v -2.3055 -5.4029 -0.2317
v -2.3819 -5.3620 0.4933
v -1.9904 -5.6653 1.2306
v -2.5205 -5.3671 1.1251
v -0.3613 -6.5820 -1.7607
v -0.3254 -6.1191 1.8602
v 1.8645 -5.5540 -0.6018
v 1.4982 -5.8830 -0.7242
v 1.1886 -6.0254 -0.9621
v 1.0825 -6.1531 -1.4621
v 0.6909 -6.4251 -1.4897
v 0.0017 -6.6369 -1.9003
v 1.8130 -5.9166 2.2504
v 1.3695 -6.0513 2.3026
v 0.6515 -6.1157 2.0840
v -0.0019 -6.0693 2.0958
v 1.8716 -5.8509 1.7113
v 1.0447 -6.1402 2.0689
v 1.7413 -5.6650 -1.0184
v 2.3108 -5.3950 -0.2738
v 2.4225 -5.3553 0.4432
v 1.9953 -5.6646 1.2236
v 2.5483 -5.3630 1.1057
v 0.3606 -6.5826 -1.7572
v 0.3350 -6.1187 1.8744
v 0.0001 0.0081 1.4243
v 0.0001 -0.1375 1.4577
v -0.0000 -0.3331 1.4739
v -0.0001 -0.5861 1.5001
v 0.0000 -0.9153 1.5368
v 0.0003 -1.3177 1.5832
v 0.0012 -1.7387 1.6393
v 0.0023 -2.0997 1.7016
v -0.2454 -2.1179 1.6260
v -0.2498 -1.7510 1.5881
v -0.2564 -1.3255 1.5533
v -0.2628 -0.9211 1.5210
v -0.2704 -0.5902 1.4914
v -0.2759 -0.3357 1.4680
v -0.2630 -0.1391 1.4534
v -0.2479 0.0070 1.4211
v 0.9445 -0.0615 -0.8635
v 0.9479 -0.2612 -0.8724
v 0.9429 -0.4736 -0.8792
v 0.9358 -0.7219 -0.9195
v 0.9302 -1.0518 -0.9999
v 0.9427 -1.4981 -1.1478
v 1.0151 -2.0423 -1.3513
v 1.0993 -2.5722 -1.5073
v 1.1098 -2.5257 -1.0843
v 1.1428 -2.0078 -1.0267
v 1.2019 -1.4709 -0.9856
v 1.2319 -1.0311 -0.9295
v 1.2261 -0.7114 -0.8600
v 1.2090 -0.4720 -0.8101
v 1.1888 -0.2646 -0.7849
v 1.1690 -0.0678 -0.7628
v -0.9812 -0.0630 -0.8958
v -0.9695 -0.2644 -0.8922
v -0.9532 -0.4767 -0.8974
v -0.9369 -0.7240 -0.9358
v -0.9424 -1.0494 -1.0290
v -0.9937 -1.4879 -1.1848
v -1.0749 -2.0433 -1.3599
v -1.1325 -2.5877 -1.4921
v -0.7508 -2.6917 -1.5399
v -0.7389 -2.1154 -1.4809
v -0.7315 -1.5003 -1.3593
v -0.7303 -1.0150 -1.2168
v -0.7288 -0.6729 -1.1036
v -0.7294 -0.4270 -1.0360
v -0.7285 -0.2256 -1.0105
v -0.7236 -0.0394 -1.0052
v -0.2358 -0.0136 -1.0164
v -0.2419 -0.1860 -0.9979
v -0.2441 -0.3898 -0.9731
v -0.2447 -0.6570 -0.9804
v -0.2440 -1.0473 -1.0441
v -0.2366 -1.6026 -1.1641
v -0.2289 -2.2764 -1.3204
v -0.2275 -2.8605 -1.4551
v -0.0348 -2.8058 -1.7064
v -0.0285 -2.2283 -1.5402
v -0.0162 -1.5607 -1.3243
v -0.0042 -1.0187 -1.1236
v 0.0018 -0.6376 -1.0056
v 0.0023 -0.3749 -0.9815
v 0.0012 -0.1746 -0.9837
v -0.0008 -0.0083 -0.9820
v 0.2375 -0.0121 -1.0045
v 0.2453 -0.1828 -1.0058
v 0.2516 -0.3843 -1.0060
v 0.2573 -0.6475 -1.0278
v 0.2587 -1.0331 -1.1159
v 0.2429 -1.5880 -1.2362
v 0.2145 -2.2659 -1.3640
v 0.1963 -2.8520 -1.4812
v 0.4704 -2.7686 -1.5954
v 0.5113 -2.2127 -1.4044
v 0.5328 -1.5758 -1.2194
v 0.5292 -1.0503 -1.0876
v 0.5183 -0.6767 -1.0096
v 0.5057 -0.4138 -0.9878
v 0.4911 -0.2072 -0.9901
v 0.4781 -0.0254 -0.9985
v -1.6450 -0.0249 -0.3119
v -1.6680 -0.2201 -0.3457
v -1.6830 -0.4393 -0.3787
v -1.7044 -0.6898 -0.4204
v -1.7422 -1.0004 -0.4802
v -1.7873 -1.3876 -0.5693
v -1.7869 -1.8147 -0.6738
v -1.7523 -2.2003 -0.7486
v -1.5548 -2.2958 -1.2413
v -1.5140 -1.8666 -1.0509
v -1.4655 -1.4209 -0.8346
v -1.4162 -1.0344 -0.6742
v -1.4005 -0.7261 -0.5936
v -1.4118 -0.4780 -0.5623
v -1.4319 -0.2581 -0.5464
v -1.4412 -0.0555 -0.5225
v 0.4978 0.0040 1.4065
v 0.5212 -0.1451 1.4390
v 0.5305 -0.3465 1.4538
v 0.5237 -0.6058 1.4755
v 0.5170 -0.9413 1.5042
v 0.5184 -1.3484 1.5423
v 0.5253 -1.7754 1.5822
v 0.5192 -2.1479 1.6267
v 0.2502 -2.1180 1.6225
v 0.2511 -1.7508 1.5863
v 0.2552 -1.3261 1.5526
v 0.2623 -0.9218 1.5206
v 0.2701 -0.5907 1.4911
v 0.2756 -0.3361 1.4678
v 0.2631 -0.1393 1.4533
v 0.2481 0.0069 1.4210
v -0.7446 -0.0001 1.3785
v -0.7640 -0.1557 1.4159
v -0.7709 -0.3614 1.4405
v -0.7650 -0.6218 1.4869
v -0.7590 -0.9559 1.5572
v -0.7516 -1.3629 1.6438
v -0.7533 -1.7936 1.7196
v -0.7665 -2.1740 1.7725
v -1.0102 -2.2359 1.6361
v -1.0031 -1.8395 1.5985
v -1.0049 -1.3920 1.5526
v -1.0088 -0.9805 1.4618
v -0.9953 -0.6452 1.4020
v -0.9953 -0.3820 1.3813
v -0.9939 -0.1716 1.3657
v -0.9784 -0.0058 1.3307
v -1.7449 -0.0021 0.6265
v -1.7676 -0.2094 0.6435
v -1.7804 -0.4518 0.6465
v -1.8006 -0.7261 0.6552
v -1.8452 -1.0483 0.6767
v -1.9187 -1.4118 0.7145
v -1.9744 -1.7833 0.7726
v -2.0236 -2.1065 0.8357
v -2.4597 -1.9772 0.3896
v -2.3479 -1.6765 0.3570
v -2.2204 -1.3329 0.3243
v -2.0973 -0.9896 0.3031
v -1.9966 -0.6816 0.2937
v -1.9317 -0.4183 0.2893
v -1.8827 -0.1892 0.2864
v -1.8276 0.0067 0.2883
v -1.1487 -2.5348 -1.0791
v -1.1425 -2.0165 -0.9950
v -1.1704 -1.4761 -0.9326
v -1.2064 -1.0377 -0.8975
v -1.2226 -0.7157 -0.8498
v -1.2307 -0.4744 -0.8027
v -1.2333 -0.2664 -0.7627
v -1.2337 -0.0690 -0.7217
v 1.6518 -0.0076 0.8367
v 1.6719 -0.2001 0.8837
v 1.7061 -0.4187 0.9307
v 1.7747 -0.6716 0.9853
v 1.8547 -0.9814 1.0523
v 1.9482 -1.3514 1.1446
v 2.0364 -1.7408 1.2696
v 2.1081 -2.0833 1.3944
v 1.5956 -2.2289 1.4940
v 1.5763 -1.8379 1.4144
v 1.5548 -1.3980 1.3272
v 1.5274 -0.9987 1.2371
v 1.4965 -0.6773 1.1692
v 1.4641 -0.4213 1.1202
v 1.4416 -0.2041 1.0841
v 1.4327 -0.0143 1.0447
v 0.9775 -0.0055 1.3028
v 0.9934 -0.1712 1.3458
v 0.9942 -0.3816 1.3731
v 0.9926 -0.6448 1.4033
v 0.9991 -0.9800 1.4656
v 0.9893 -1.3924 1.5510
v 0.9865 -1.8408 1.5921
v 1.0019 -2.2350 1.6366
v 0.7641 -2.1747 1.7668
v 0.7512 -1.7945 1.7137
v 0.7512 -1.3642 1.6366
v 0.7561 -0.9577 1.5481
v 0.7629 -0.6227 1.4809
v 0.7698 -0.3617 1.4359
v 0.7638 -0.1557 1.4085
v 0.7442 -0.0005 1.3685
v -1.3093 -2.2037 1.8402
v -1.3001 -1.8094 1.7311
v -1.2945 -1.3655 1.6042
v -1.2788 -0.9615 1.4822
v -1.2582 -0.6421 1.3857
v -1.2402 -0.3931 1.3254
v -1.2217 -0.1863 1.2880
v -1.2062 -0.0105 1.2488
v -1.7810 -0.0031 -0.0429
v -1.8027 -0.2064 -0.0518
v -1.7967 -0.4441 -0.0444
v -1.7917 -0.7154 -0.0374
v -1.8177 -1.0363 -0.0387
v -1.8865 -1.4030 -0.0648
v -1.9765 -1.7818 -0.1040
v -2.1050 -2.0761 -0.2012
v -0.4975 0.0046 1.4066
v -0.5211 -0.1443 1.4393
v -0.5303 -0.3455 1.4538
v -0.5247 -0.6048 1.4751
v -0.5191 -0.9403 1.5027
v -0.5196 -1.3474 1.5395
v -0.5296 -1.7744 1.5789
v -0.5282 -2.1475 1.6210
v 1.2626 -2.2082 1.8308
v 1.2577 -1.8129 1.7257
v 1.2635 -1.3705 1.5976
v 1.2560 -0.9713 1.4616
v 1.2449 -0.6521 1.3601
v 1.2326 -0.3996 1.2922
v 1.2192 -0.1896 1.2467
v 1.2028 -0.0116 1.2011
v -1.5981 -2.2375 1.4609
v -1.5749 -1.8455 1.3801
v -1.5476 -1.4058 1.2950
v -1.5036 -1.0104 1.1999
v -1.4754 -0.6861 1.1506
v -1.4501 -0.4259 1.1306
v -1.4315 -0.2062 1.1232
v -1.4162 -0.0143 1.1016
v -0.4212 -2.7555 -1.6739
v -0.4302 -2.1857 -1.5100
v -0.4607 -1.5521 -1.3127
v -0.4817 -1.0378 -1.1454
v -0.4877 -0.6707 -1.0409
v -0.4875 -0.4110 -1.0039
v -0.4858 -0.2056 -1.0127
v -0.4810 -0.0244 -1.0354
v 0.7164 -0.0384 -0.9539
v 0.7308 -0.2245 -0.9822
v 0.7423 -0.4259 -1.0302
v 0.7509 -0.6715 -1.1059
v 0.7535 -1.0123 -1.2228
v 0.7511 -1.4921 -1.3841
v 0.7494 -2.0967 -1.5587
v 0.7712 -2.6681 -1.6590
v -2.0993 -2.0705 1.4339
v -2.0271 -1.7298 1.3103
v -1.9443 -1.3415 1.1814
v -1.8562 -0.9757 1.0745
v -1.7772 -0.6678 1.0020
v -1.7122 -0.4159 0.9619
v -1.6618 -0.1989 0.9317
v -1.6198 -0.0072 0.8945
v 1.3522 -0.0553 -0.6033
v 1.3640 -0.2581 -0.5915
v 1.3678 -0.4780 -0.5737
v 1.3806 -0.7275 -0.5761
v 1.4059 -1.0435 -0.6311
v 1.4468 -1.4511 -0.7452
v 1.4961 -1.9021 -0.9461
v 1.5346 -2.3156 -1.1592
v 1.9542 -2.1917 -0.8158
v 1.9088 -1.8024 -0.6946
v 1.8372 -1.3792 -0.5756
v 1.7626 -0.9960 -0.4851
v 1.6935 -0.6879 -0.4219
v 1.6381 -0.4389 -0.4023
v 1.5973 -0.2206 -0.4038
v 1.5565 -0.0256 -0.4019
v 2.0346 -2.1045 -0.1712
v 1.9428 -1.7894 -0.1059
v 1.8841 -1.4040 -0.0713
v 1.8179 -1.0383 -0.0432
v 1.7764 -0.7182 -0.0425
v 1.7602 -0.4454 -0.0618
v 1.7546 -0.2081 -0.0962
v 1.7228 -0.0040 -0.1112
v 1.8213 0.0079 0.2482
v 1.8651 -0.1897 0.2671
v 1.9131 -0.4197 0.2829
v 1.9885 -0.6820 0.2851
v 2.1023 -0.9878 0.2877
v 2.2301 -1.3295 0.3001
v 2.3598 -1.6729 0.3225
v 2.4743 -1.9742 0.3551
v 2.0301 -2.1147 0.7991
v 1.9791 -1.7888 0.7375
v 1.9228 -1.4159 0.6911
v 1.8534 -1.0494 0.6562
v 1.8080 -0.7251 0.6369
v 1.7796 -0.4513 0.6207
v 1.7836 -0.2101 0.6063
v 1.7803 -0.0009 0.5824
v 1.1113 -1.4243 1.3981
v 1.1310 -1.6600 1.4163
v 1.1375 -1.9091 1.4442
v 1.1438 -2.1673 1.4916
v 1.1502 -2.4639 1.5683
v 1.1412 -2.8580 1.7008
v 1.1143 -3.3683 1.8680
v 1.0905 -3.8708 2.0300
v 0.8974 -3.9149 1.7779
v 0.8829 -3.3873 1.6997
v 0.8794 -2.8491 1.6115
v 0.8782 -2.4331 1.5370
v 0.8752 -2.1293 1.4927
v 0.8729 -1.8758 1.4699
v 0.8687 -1.6367 1.4584
v 0.8490 -1.4127 1.4392
v -0.5768 -1.4036 1.4366
v -0.5941 -1.6186 1.4575
v -0.5985 -1.8480 1.4725
v -0.6001 -2.0928 1.4970
v -0.5997 -2.3930 1.5400
v -0.5950 -2.8058 1.6253
v -0.5781 -3.3369 1.7331
v -0.5640 -3.8582 1.8164
v -0.8875 -3.9148 1.7804
v -0.8781 -3.3884 1.6951
v -0.8824 -2.8513 1.6000
v -0.8825 -2.4349 1.5233
v -0.8794 -2.1305 1.4849
v -0.8729 -1.8774 1.4671
v -0.8681 -1.6381 1.4576
v -0.8485 -1.4135 1.4384
v -1.0285 -1.4305 -0.6606
v -1.0574 -1.6475 -0.6583
v -1.0747 -1.8846 -0.6691
v -1.0787 -2.1383 -0.6864
v -1.0702 -2.4445 -0.7064
v -1.0519 -2.8534 -0.7484
v -1.0409 -3.3508 -0.8094
v -1.0506 -3.8122 -0.8677
v -0.7684 -3.9224 -1.1300
v -0.8025 -3.4031 -1.0646
v -0.8289 -2.8599 -0.9714
v -0.8370 -2.4307 -0.8960
v -0.8375 -2.1208 -0.8434
v -0.8334 -1.8716 -0.8054
v -0.8103 -1.6403 -0.7860
v -0.7786 -1.4274 -0.7793
v 1.5483 -1.4535 1.1056
v 1.5884 -1.7063 1.1488
v 1.6270 -1.9734 1.1947
v 1.6720 -2.2460 1.2455
v 1.7239 -2.5421 1.3138
v 1.7730 -2.9055 1.4103
v 1.8213 -3.3438 1.5358
v 1.8742 -3.7642 1.6751
v 1.4946 -3.8294 1.9692
v 1.4721 -3.3723 1.7665
v 1.4486 -2.8950 1.5910
v 1.4287 -2.5096 1.4771
v 1.4102 -2.2102 1.4070
v 1.3909 -1.9432 1.3564
v 1.3727 -1.6841 1.3135
v 1.3477 -1.4387 1.2801
v 1.6997 -1.4732 0.8709
v 1.7292 -1.7399 0.8895
v 1.7501 -2.0220 0.9074
v 1.7734 -2.3088 0.9287
v 1.8168 -2.6098 0.9706
v 1.8624 -2.9524 1.0211
v 1.8981 -3.3403 1.0829
v 1.8909 -3.7138 1.1291
v -0.5151 -4.0834 -1.3136
v -0.5157 -3.5100 -1.1831
v -0.5365 -2.9023 -1.0599
v -0.5513 -2.4447 -0.9807
v -0.5588 -2.1245 -0.9307
v -0.5578 -1.8732 -0.8960
v -0.5377 -1.6424 -0.8730
v -0.5168 -1.4279 -0.8527
v 0.5712 -3.8510 1.8628
v 0.5795 -3.3329 1.7617
v 0.5914 -2.8030 1.6466
v 0.5965 -2.3914 1.5552
v 0.5961 -2.0918 1.5069
v 0.5971 -1.8472 1.4791
v 0.5944 -1.6180 1.4607
v 0.5763 -1.4029 1.4395
v 0.7789 -1.4269 -0.7814
v 0.8109 -1.6397 -0.7882
v 0.8345 -1.8708 -0.8083
v 0.8390 -2.1197 -0.8480
v 0.8395 -2.4294 -0.9023
v 0.8336 -2.8586 -0.9767
v 0.8135 -3.4005 -1.0782
v 0.7869 -3.9203 -1.1494
v 1.0328 -3.8125 -0.8573
v 1.0272 -3.3494 -0.8082
v 1.0394 -2.8524 -0.7479
v 1.0588 -2.4442 -0.7031
v 1.0701 -2.1381 -0.6840
v 1.0713 -1.8843 -0.6679
v 1.0569 -1.6469 -0.6585
v 1.0285 -1.4300 -0.6619
v 1.6368 -1.4629 -0.1677
v 1.6663 -1.7148 -0.2023
v 1.6930 -1.9821 -0.2431
v 1.7225 -2.2559 -0.2945
v 1.7518 -2.5499 -0.3628
v 1.7964 -2.8702 -0.4720
v 1.8599 -3.2068 -0.6295
v 1.9220 -3.5178 -0.7793
v 2.0630 -3.5456 -0.2110
v 2.0203 -3.2471 -0.1423
v 1.9772 -2.9186 -0.0756
v 1.9318 -2.6013 -0.0283
v 1.8788 -2.3052 0.0107
v 1.8262 -2.0232 0.0406
v 1.7913 -1.7436 0.0547
v 1.7621 -1.4774 0.0670
v -0.2511 -4.2156 -1.4389
v -0.2540 -3.6002 -1.3035
v -0.2668 -2.9390 -1.1649
v -0.2736 -2.4555 -1.0683
v -0.2745 -2.1287 -1.0066
v -0.2714 -1.8764 -0.9621
v -0.2642 -1.6456 -0.9247
v -0.2555 -1.4291 -0.8899
v 1.4609 -1.4482 -0.3542
v 1.5001 -1.6840 -0.3876
v 1.5322 -1.9338 -0.4438
v 1.5562 -2.1904 -0.5182
v 1.5685 -2.4753 -0.6125
v 1.5574 -2.8211 -0.7264
v 1.5153 -3.2196 -0.8514
v 1.4946 -3.5878 -0.9709
v 0.2941 -1.3952 1.4508
v 0.3071 -1.6039 1.4699
v 0.3064 -1.8265 1.4853
v 0.3052 -2.0653 1.5054
v 0.3050 -2.3620 1.5359
v 0.3038 -2.7744 1.6051
v 0.2896 -3.3080 1.6671
v 0.2724 -3.8255 1.7039
v 0.0012 -3.7675 1.9249
v 0.0040 -3.2658 1.8043
v 0.0030 -2.7532 1.6565
v 0.0020 -2.3467 1.5737
v 0.0021 -2.0526 1.5381
v 0.0010 -1.8168 1.5091
v 0.0002 -1.5970 1.4868
v 0.0002 -1.3908 1.4614
v -0.2673 -3.8231 1.7022
v -0.2873 -3.3047 1.6700
v -0.3034 -2.7726 1.6119
v -0.3028 -2.3623 1.5383
v -0.3028 -2.0655 1.5102
v -0.3060 -1.8267 1.4881
v -0.3071 -1.6042 1.4710
v -0.2939 -1.3954 1.4510
v -1.3451 -1.4400 1.2776
v -1.3647 -1.6871 1.3027
v -1.3791 -1.9481 1.3376
v -1.4000 -2.2144 1.3873
v -1.4240 -2.5120 1.4612
v -1.4454 -2.8942 1.5830
v -1.4695 -3.3683 1.7671
v -1.4964 -3.8268 1.9668
v -1.8761 -3.7622 1.6698
v -1.8143 -3.3443 1.5271
v -1.7528 -2.9095 1.3988
v -1.6999 -2.5474 1.3019
v -1.6485 -2.2510 1.2348
v -1.6049 -1.9792 1.1821
v -1.5720 -1.7103 1.1408
v -1.5407 -1.4552 1.1041
v 0.2553 -1.4290 -0.8900
v 0.2633 -1.6457 -0.9233
v 0.2701 -1.8768 -0.9592
v 0.2727 -2.1294 -1.0023
v 0.2711 -2.4567 -1.0614
v 0.2632 -2.9411 -1.1537
v 0.2479 -3.6038 -1.2848
v 0.2425 -4.2206 -1.4137
v 0.5199 -4.0824 -1.3195
v 0.5210 -3.5090 -1.1883
v 0.5405 -2.9015 -1.0637
v 0.5536 -2.4440 -0.9838
v 0.5600 -2.1239 -0.9328
v 0.5585 -1.8727 -0.8976
v 0.5381 -1.6420 -0.8746
v 0.5171 -1.4275 -0.8546
v 1.2519 -1.4384 -0.5101
v 1.2762 -1.6657 -0.5072
v 1.2910 -1.9123 -0.5079
v 1.3082 -2.1706 -0.5165
v 1.3342 -2.4690 -0.5439
v 1.3488 -2.8513 -0.5998
v 1.3467 -3.3107 -0.6548
v 1.3531 -3.7374 -0.6802
v -1.4611 -1.4479 -0.3550
v -1.5001 -1.6833 -0.3895
v -1.5313 -1.9329 -0.4463
v -1.5492 -2.1897 -0.5210
v -1.5398 -2.4770 -0.6077
v -1.5349 -2.8214 -0.7269
v -1.5047 -3.2196 -0.8563
v -1.4881 -3.5877 -0.9753
v -1.3537 -3.7369 -0.6796
v -1.3497 -3.3089 -0.6539
v -1.3416 -2.8521 -0.5953
v -1.3239 -2.4706 -0.5357
v -1.3073 -2.1709 -0.5097
v -1.2909 -1.9124 -0.5028
v -1.2754 -1.6660 -0.5053
v -1.2516 -1.4388 -0.5093
v 0.0010 -1.4289 -0.9009
v 0.0002 -1.6450 -0.9441
v -0.0004 -1.8744 -0.9917
v -0.0007 -2.1250 -1.0480
v -0.0009 -2.4523 -1.1225
v -0.0002 -2.9439 -1.2366
v 0.0008 -3.6197 -1.4015
v 0.0019 -4.2450 -1.5574
v -1.7629 -1.4766 0.0638
v -1.8020 -1.7403 0.0442
v -1.8473 -2.0177 0.0224
v -1.8927 -2.3022 -0.0015
v -1.9376 -2.6011 -0.0326
v -1.9805 -2.9191 -0.0799
v -2.0199 -3.2483 -0.1455
v -2.0589 -3.5477 -0.2124
v -1.9113 -3.5159 -0.7815
v -1.8442 -3.2071 -0.6297
v -1.7778 -2.8708 -0.4727
v -1.7291 -2.5524 -0.3583
v -1.7025 -2.2590 -0.2887
v -1.6799 -1.9839 -0.2400
v -1.6582 -1.7161 -0.1997
v -1.6342 -1.4633 -0.1674
v -1.6925 -1.4737 0.8750
v -1.7218 -1.7405 0.8877
v -1.7442 -2.0225 0.9032
v -1.7638 -2.3097 0.9245
v -1.7992 -2.6129 0.9584
v -1.8579 -2.9530 1.0137
v -1.8992 -3.3412 1.0727
v -1.8984 -3.7148 1.1152
v -2.3698 -3.4983 0.9047
v -2.2741 -3.2160 0.8243
v -2.1700 -2.9031 0.7388
v -2.0666 -2.6015 0.6766
v -1.9759 -2.3132 0.6327
v -1.9051 -2.0305 0.6108
v -1.8463 -1.7500 0.6021
v -1.8044 -1.4799 0.5953
v -2.4185 -3.4736 0.3053
v -2.3118 -3.2089 0.3160
v -2.2115 -2.9054 0.3147
v -2.1246 -2.6014 0.3117
v -2.0470 -2.3072 0.3091
v -1.9774 -2.0223 0.3097
v -1.9122 -1.7426 0.3144
v -1.8475 -1.4769 0.3227
v 1.8516 -1.4756 0.3215
v 1.9176 -1.7407 0.3107
v 1.9821 -2.0205 0.3052
v 2.0506 -2.3056 0.3046
v 2.1264 -2.6003 0.3071
v 2.2130 -2.9043 0.3129
v 2.3156 -3.2068 0.3171
v 2.4271 -3.4694 0.3060
v 2.3725 -3.4912 0.9049
v 2.2787 -3.2086 0.8236
v 2.1771 -2.8965 0.7338
v 2.0699 -2.5977 0.6690
v 1.9681 -2.3150 0.6218
v 1.8896 -2.0358 0.5986
v 1.8381 -1.7533 0.5905
v 1.8004 -1.4820 0.5882
v -1.0981 -3.8678 2.0368
v -1.1159 -3.3689 1.8634
v -1.1428 -2.8595 1.6935
v -1.1512 -2.4623 1.5665
v -1.1448 -2.1641 1.4956
v -1.1366 -1.9068 1.4495
v -1.1292 -1.6581 1.4183
v -1.1075 -1.4229 1.3972
v 1.4103 -2.7792 1.3242
v 1.4619 -3.0899 1.3648
v 1.5013 -3.4109 1.4257
v 1.5434 -3.7309 1.4909
v 1.5926 -4.0623 1.5640
v 1.6472 -4.4681 1.6727
v 1.7095 -5.0192 1.8808
v 1.7802 -5.6088 2.1421
v 1.3727 -5.6949 2.2220
v 1.3795 -5.0160 2.0115
v 1.3566 -4.4129 1.8300
v 1.3233 -4.0043 1.7160
v 1.2884 -3.6856 1.6315
v 1.2532 -3.3789 1.5543
v 1.2108 -3.0686 1.4819
v 1.1536 -2.7670 1.4270
v -1.6871 -2.8104 -0.1365
v -1.7265 -3.1266 -0.1659
v -1.7581 -3.4580 -0.2035
v -1.7902 -3.7926 -0.2388
v -1.8230 -4.1416 -0.2723
v -1.8526 -4.5219 -0.3402
v -1.8589 -4.9489 -0.4536
v -1.8388 -5.3567 -0.5578
v -1.7176 -5.4184 -0.9964
v -1.7340 -4.9352 -0.8593
v -1.7440 -4.4536 -0.7088
v -1.7200 -4.0682 -0.5910
v -1.6752 -3.7412 -0.5042
v -1.6247 -3.4258 -0.4319
v -1.5708 -3.1101 -0.3691
v -1.5110 -2.8062 -0.3270
v 0.2848 -2.7701 -0.8340
v 0.3116 -3.0426 -0.8620
v 0.3355 -3.3349 -0.9064
v 0.3415 -3.6435 -0.9703
v 0.3396 -4.0122 -1.0583
v 0.3350 -4.5930 -1.2136
v 0.3343 -5.4627 -1.4631
v 0.3452 -6.2571 -1.6868
v 0.6535 -6.1143 -1.4296
v 0.6416 -5.3649 -1.2892
v 0.6455 -4.5567 -1.1132
v 0.6498 -4.0117 -0.9879
v 0.6493 -3.6538 -0.9154
v 0.6394 -3.3475 -0.8588
v 0.6107 -3.0538 -0.8157
v 0.5661 -2.7767 -0.7911
v -0.2842 -2.7721 -0.8294
v -0.3103 -3.0438 -0.8604
v -0.3352 -3.3360 -0.9039
v -0.3445 -3.6445 -0.9676
v -0.3401 -4.0129 -1.0568
v -0.3348 -4.5931 -1.2141
v -0.3347 -5.4627 -1.4646
v -0.3467 -6.2565 -1.6903
v 0.0014 -6.3016 -1.8114
v 0.0010 -5.4896 -1.5528
v 0.0008 -4.6011 -1.2620
v 0.0005 -4.0119 -1.0806
v 0.0007 -3.6406 -0.9826
v 0.0008 -3.3316 -0.9161
v 0.0007 -3.0394 -0.8736
v 0.0000 -2.7676 -0.8462
v 1.2955 -2.8032 -0.4623
v 1.3454 -3.1086 -0.4695
v 1.3835 -3.4286 -0.4735
v 1.4267 -3.7412 -0.4899
v 1.4650 -4.0696 -0.5179
v 1.4915 -4.4809 -0.5867
v 1.5133 -5.0407 -0.6528
v 1.5060 -5.6119 -0.6877
v 1.7400 -5.4177 -0.9832
v 1.7644 -4.9365 -0.8393
v 1.7700 -4.4564 -0.6847
v 1.7374 -4.0697 -0.5734
v 1.6877 -3.7413 -0.4949
v 1.6333 -3.4247 -0.4302
v 1.5787 -3.1074 -0.3745
v 1.5224 -2.8013 -0.3382
v -1.1438 -2.7701 1.4094
v -1.1972 -3.0702 1.4712
v -1.2378 -3.3806 1.5438
v -1.2731 -3.6880 1.6184
v -1.3089 -4.0075 1.7002
v -1.3434 -4.4176 1.8089
v -1.3679 -5.0227 1.9836
v -1.3714 -5.7023 2.1936
v -1.7745 -5.6138 2.1204
v -1.7055 -5.0262 1.8537
v -1.6425 -4.4751 1.6472
v -1.5841 -4.0697 1.5399
v -1.5326 -3.7382 1.4690
v -1.4894 -3.4177 1.4070
v -1.4503 -3.0958 1.3508
v -1.3975 -2.7861 1.3079
v -0.0027 -2.7430 1.4923
v -0.0015 -3.0339 1.5421
v -0.0000 -3.3295 1.5927
v 0.0017 -3.6120 1.6467
v 0.0026 -3.9091 1.7000
v 0.0028 -4.3171 1.7788
v 0.0016 -4.9536 1.9199
v 0.0009 -5.6838 2.0566
v -0.3242 -5.7367 1.7956
v -0.3281 -4.9982 1.7094
v -0.3240 -4.3537 1.6176
v -0.3160 -3.9416 1.5658
v -0.3122 -3.6384 1.5341
v -0.3142 -3.3480 1.5188
v -0.3140 -3.0464 1.5069
v -0.3017 -2.7520 1.4768
v -1.8823 -5.5900 1.6164
v -1.8509 -5.0609 1.4545
v -1.8107 -4.5454 1.3326
v -1.7607 -4.1402 1.2662
v -1.7120 -3.7927 1.2241
v -1.6827 -3.4561 1.1943
v -1.6528 -3.1211 1.1646
v -1.6007 -2.8020 1.1305
v 1.0383 -5.8571 -1.4106
v 0.9867 -5.1959 -1.1999
v 0.9368 -4.5019 -0.9723
v 0.9015 -4.0187 -0.8348
v 0.8934 -3.6798 -0.7645
v 0.8886 -3.3754 -0.7234
v 0.8677 -3.0744 -0.7094
v 0.8296 -2.7871 -0.7045
v 1.0429 -5.7627 2.0023
v 1.0297 -5.0347 1.8689
v 1.0179 -4.4041 1.7239
v 0.9965 -3.9914 1.6345
v 0.9684 -3.6758 1.5857
v 0.9467 -3.3726 1.5421
v 0.9179 -3.0627 1.5025
v 0.8794 -2.7621 1.4610
v -0.5950 -2.7551 1.4802
v -0.6190 -3.0508 1.5315
v -0.6282 -3.3538 1.5764
v -0.6375 -3.6471 1.6223
v -0.6453 -3.9541 1.6710
v -0.6527 -4.3673 1.7431
v -0.6552 -5.0104 1.8491
v -0.6624 -5.7499 1.9558
v -1.0010 -5.7391 2.1132
v -1.0064 -5.0193 1.9423
v -1.0138 -4.3974 1.7656
v -1.0008 -3.9886 1.6594
v -0.9708 -3.6751 1.5974
v -0.9421 -3.3739 1.5437
v -0.9127 -3.0649 1.4956
v -0.8760 -2.7648 1.4500
v 1.6910 -2.8093 -0.1395
v 1.7269 -3.1263 -0.1623
v 1.7495 -3.4587 -0.1936
v 1.7860 -3.7929 -0.2252
v 1.8250 -4.1378 -0.2632
v 1.8617 -4.5177 -0.3286
v 1.8671 -4.9459 -0.4456
v 1.8358 -5.3549 -0.5438
v 2.2973 -5.2135 -0.2619
v 2.2424 -4.8724 -0.1702
v 2.1720 -4.5015 -0.0746
v 2.0856 -4.1463 -0.0130
v 2.0013 -3.8062 0.0259
v 1.9316 -3.4699 0.0541
v 1.8742 -3.1344 0.0786
v 1.8233 -2.8134 0.0988
v -1.0617 -2.7988 -0.5735
v -1.1013 -3.0955 -0.5804
v -1.1229 -3.4046 -0.5850
v -1.1302 -3.7124 -0.5982
v -1.1337 -4.0437 -0.6236
v -1.1449 -4.4891 -0.6944
v -1.1412 -5.1224 -0.7932
v -1.1345 -5.7445 -0.9065
v -1.0408 -5.8599 -1.4126
v -0.9989 -5.1958 -1.2113
v -0.9553 -4.4978 -0.9938
v -0.9173 -4.0141 -0.8589
v -0.9046 -3.6767 -0.7829
v -0.8955 -3.3730 -0.7355
v -0.8728 -3.0724 -0.7106
v -0.8271 -2.7869 -0.6991
v 1.8898 -2.8140 0.3751
v 1.9358 -3.1410 0.3758
v 1.9841 -3.4835 0.3776
v 2.0344 -3.8287 0.3805
v 2.0938 -4.1780 0.3871
v 2.1537 -4.5368 0.3967
v 2.2186 -4.8996 0.4121
v 2.3256 -5.2116 0.4295
v 2.5077 -5.1823 1.0803
v 2.3928 -4.8541 0.9673
v 2.2904 -4.4947 0.8418
v 2.1865 -4.1447 0.7681
v 2.0821 -3.8068 0.7274
v 1.9962 -3.4703 0.6988
v 1.9267 -3.1322 0.6775
v 1.8674 -2.8071 0.6625
v -1.2902 -2.8066 -0.4547
v -1.3423 -3.1102 -0.4684
v -1.3779 -3.4284 -0.4760
v -1.4186 -3.7428 -0.4930
v -1.4550 -4.0713 -0.5210
v -1.4859 -4.4818 -0.5895
v -1.5071 -5.0412 -0.6550
v -1.4991 -5.6158 -0.6882
v 0.5914 -2.7497 1.4865
v 0.6169 -3.0443 1.5364
v 0.6303 -3.3462 1.5866
v 0.6410 -3.6387 1.6380
v 0.6456 -3.9446 1.6928
v 0.6539 -4.3552 1.7773
v 0.6564 -4.9919 1.9159
v 0.6512 -5.7272 2.0480
v 0.3367 -5.7370 1.8027
v 0.3402 -4.9976 1.7144
v 0.3338 -4.3534 1.6193
v 0.3221 -3.9412 1.5645
v 0.3169 -3.6387 1.5331
v 0.3152 -3.3485 1.5145
v 0.3128 -3.0468 1.4962
v 0.2968 -2.7513 1.4709
v -0.6504 -6.1179 -1.4122
v -0.6408 -5.3680 -1.2731
v -0.6425 -4.5593 -1.1000
v -0.6455 -4.0135 -0.9783
v -0.6477 -3.6550 -0.9098
v -0.6416 -3.3489 -0.8525
v -0.6104 -3.0552 -0.8113
v -0.5642 -2.7789 -0.7830
v 2.0124 -5.4533 1.1626
v 2.0129 -5.0115 1.0898
v 1.9468 -4.5664 1.0073
v 1.8877 -4.1775 0.9762
v 1.8254 -3.8267 0.9505
v 1.8014 -3.4810 0.9412
v 1.7766 -3.1374 0.9252
v 1.7369 -2.8109 0.9031
v -1.8635 -2.8188 0.3774
v -1.9102 -3.1456 0.3859
v -1.9537 -3.4881 0.3998
v -2.0004 -3.8333 0.4147
v -2.0629 -4.1821 0.4253
v -2.1168 -4.5414 0.4373
v -2.1882 -4.9018 0.4560
v -2.2878 -5.2138 0.4797
v -2.2932 -5.2218 -0.2154
v -2.2300 -4.8823 -0.1224
v -2.1564 -4.5106 -0.0325
v -2.0731 -4.1535 0.0218
v -1.9871 -3.8128 0.0489
v -1.9238 -3.4743 0.0653
v -1.8687 -3.1378 0.0819
v -1.8155 -2.8171 0.1004
v -2.0121 -5.4573 1.1605
v -2.0176 -5.0138 1.0815
v -1.9520 -4.5678 1.0066
v -1.8924 -4.1803 0.9722
v -1.8292 -3.8310 0.9345
v -1.8094 -3.4849 0.9257
v -1.7753 -3.1403 0.9160
v -1.7263 -2.8140 0.8975
v 1.1653 -5.7431 -0.9118
v 1.1668 -5.1204 -0.8013
v 1.1631 -4.4873 -0.6953
v 1.1509 -4.0418 -0.6249
v 1.1393 -3.7106 -0.6012
v 1.1264 -3.4034 -0.5870
v 1.1030 -3.0948 -0.5833
v 1.0644 -2.7980 -0.5853
v 1.6064 -2.7984 1.1366
v 1.6443 -3.1195 1.1676
v 1.6670 -3.4537 1.2028
v 1.6876 -3.7910 1.2349
v 1.7318 -4.1386 1.2757
v 1.7782 -4.5437 1.3442
v 1.8182 -5.0580 1.4706
v 1.8478 -5.5883 1.6270
v -2.4923 -5.1831 1.0999
v -2.3906 -4.8511 0.9878
v -2.2913 -4.4917 0.8593
v -2.1951 -4.1400 0.7832
v -2.0995 -3.7992 0.7418
v -2.0089 -3.4641 0.7101
v -1.9262 -3.1297 0.6820
v -1.8521 -2.8084 0.6604
v -0.2564 -2.3184 -0.7778
v -1.6771 -1.2671 0.7195
v -1.7399 -2.3174 0.6307
v -1.7494 -1.2670 0.4658
v -1.6460 -2.3126 0.8792
v 1.4827 -1.8703 1.0754
v -1.6551 -2.1003 0.0043
v 0.7984 -1.8517 1.3789
v -0.0101 -3.0057 1.4056
v -1.5012 -2.1005 -0.1993
v -1.7349 -1.2686 0.2184
v -1.7900 -3.0442 0.3918
v -1.5490 -1.2613 0.9460
v -0.9320 -1.2388 1.3666
v -1.7550 -3.0459 0.1404
v -1.3038 -2.1003 -0.3627
v -1.1778 -1.2439 1.2844
v -1.7596 -3.0399 0.6491
v -0.6704 -1.2356 1.3762
v -0.8696 -1.2682 -0.6891
v -0.3785 -2.0981 -0.7677
v -0.8190 -3.0109 1.3979
v -1.5359 -3.0284 1.1236
v -0.5507 -3.0075 1.4170
v 1.2433 -3.0449 -0.4020
v -1.6587 -3.0349 0.8933
v -0.6274 -1.2650 -0.7735
v 0.7715 -3.0411 -0.6365
v -0.4057 -2.0604 1.3852
v 1.6457 -0.7526 0.6893
v 1.0048 -3.0442 -0.5156
v -0.3777 -1.2613 -0.8189
v -0.0004 -3.0396 -0.7476
v 1.7049 -0.7562 0.1936
v -1.5661 -2.0871 0.9832
v 1.7995 -2.8992 0.5208
v -1.4662 -3.0451 -0.2814
v 1.7255 -0.7521 0.4428
v 1.7191 -2.8944 0.7674
v -1.3775 -1.2545 1.1345
v 0.5232 -3.0401 -0.7131
v 1.5969 -2.8888 1.0025
v 0.6761 -2.8677 1.4125
v -1.7547 -2.0962 0.4988
v 1.2009 -2.8771 1.3254
v -1.0724 -2.2891 1.3416
v 1.7825 -2.9035 0.2630
v -1.3054 -1.2709 -0.3955
v 0.9429 -2.8734 1.3713
v -0.1265 -2.0978 -0.7880
v -1.6404 -1.2698 -0.0174
v 1.4320 -2.8833 1.2049
v -1.4935 -1.2706 -0.2213
v -1.3133 -2.2956 1.2645
v -1.7476 -2.0982 0.2425
v 0.1280 -2.8647 1.3916
v -0.9921 -2.3221 -0.5645
v -0.7583 -2.3205 -0.6743
v 0.4057 -2.8662 1.3912
v -0.5110 -2.3191 -0.7448
v 1.6287 -3.0455 -0.0882
v -1.2124 -2.3225 -0.4347
v -0.2826 -3.0050 1.3913
v -0.2612 -3.0399 -0.7404
v -1.6776 -2.0937 0.7484
v -1.0961 -1.2694 -0.5576
v 0.3804 -0.7507 -0.8213
v 1.2882 -0.7650 -0.4258
v -0.1272 -0.7496 -0.8220
v -0.1307 -0.7216 1.3741
v -1.7131 -0.7560 0.1929
v -0.6501 -0.7268 1.3510
v -1.6453 -0.7530 0.6921
v -0.9055 -0.7299 1.3255
v -0.0052 0.9851 1.4507
v -1.7258 -0.7525 0.4415
v 1.0861 -0.7622 -0.5936
v -1.0960 -0.7629 -0.5943
v 0.8679 -0.7580 -0.7232
v 1.6266 -0.7599 -0.0497
v -1.5180 -0.7490 0.9155
v 0.6290 -0.7539 -0.7965
v -0.3912 -0.7237 1.3646
v 1.4734 -0.7634 -0.2493
v -0.3809 -0.7510 -0.8223
v -1.3039 -0.7654 -0.4277
v -1.4910 -0.7636 -0.2517
v 1.3545 -0.7419 1.1041
v 0.1304 -0.7217 1.3738
v 1.5198 -0.7487 0.9118
v 1.1490 -0.7344 1.2496
v -0.8733 -0.7584 -0.7229
v 0.3910 -0.7239 1.3648
v -0.6618 0.7663 -0.7779
v -0.4357 0.7697 -0.8164
v 0.0732 1.3266 -0.3782
v -1.3496 -0.7427 1.1057
v -0.6305 -0.7541 -0.7966
v 0.9063 -0.7300 1.3260
v -1.6386 -0.7597 -0.0509
v 0.6245 -0.2840 -0.8565
v -0.2532 -0.9986 -0.8269
v -1.1480 -0.7343 1.2500
v 0.6505 -0.7270 1.3523
v 0.1271 -0.7495 -0.8217
v -1.7018 -1.0022 0.5819
v 0.8618 -0.2884 -0.7904
v -0.1300 1.3266 1.4693
v -0.8940 0.7646 -0.6733
v -1.7443 -1.0024 0.3308
v -1.6796 -1.0062 0.0880
v -1.3948 -1.0116 -0.3229
v 1.0731 -0.2966 -0.6801
v -1.1245 0.7682 -0.5335
v -1.6038 -1.0000 0.8223
v -0.3537 1.3266 1.4485
v -0.5292 -0.9722 1.3642
v -1.0433 -0.9784 1.3131
v -0.0088 1.0944 -0.4992
v -1.7395 -0.2891 0.1571
v -1.7457 -0.2841 0.4253
v -1.4542 -0.9940 1.0288
v 0.2565 -0.4913 1.3659
v -1.6490 -0.2871 0.6919
v 0.2539 -0.5117 -0.8406
v -0.7899 -0.9751 1.3605
v -0.6396 -0.2843 -0.8803
v -0.3782 -0.2768 1.3578
v -1.5647 -1.0088 -0.1360
v -0.8777 -0.2808 1.3008
v -1.1149 -0.2829 1.2336
v -1.3249 -0.2854 1.1078
v -1.1963 -1.0114 -0.4934
v -1.4987 0.7937 -0.1866
v -0.5046 -1.0021 -0.8065
v -0.7497 -1.0062 -0.7489
v -0.3802 -0.2840 -0.8862
v -0.9823 -1.0097 -0.6452
v -0.6299 -0.2786 1.3364
v -1.2708 -0.9853 1.2023
v -1.5046 -0.2874 0.9208
v 1.1807 -0.5265 -0.5514
v 0.9781 -0.5213 -0.6959
v 0.7493 -0.5155 -0.7897
v 0.0949 1.3266 1.4762
v 1.5463 -0.5244 -0.1912
v -0.7939 1.1011 -0.4232
v -0.3081 0.9577 -0.6493
v -1.1671 0.9665 -0.3854
v -0.0001 -0.5121 -0.8338
v -0.9984 1.1193 -0.3502
v -0.2541 -0.5119 -0.8340
v -0.9809 1.3266 1.2078
v -0.2566 -0.4912 1.3662
v -0.5917 1.0929 -0.4746
v -0.8506 1.3266 -0.2926
v 0.5049 -0.5122 -0.8340
v -1.3879 1.3266 0.6960
v -0.0001 -0.4904 1.3703
v -1.6976 -0.5202 0.0482
v -1.4429 1.3266 0.4817
v -1.7441 -0.5151 0.3004
v -0.8824 -2.9020 -0.5840
v 0.5127 -0.4936 1.3517
v -0.3928 1.0917 -0.4961
v -1.6917 -0.5150 0.5601
v -1.4378 1.3266 0.2674
v -0.1085 1.3266 -0.3782
v 1.2419 -0.5039 1.1671
v -0.7848 1.3266 1.3169
v -1.1138 -2.9042 -0.4616
v -0.9534 0.9545 -0.4972
v 1.0150 -0.4995 1.2729
v -1.5841 -0.5139 0.8074
v -0.7335 0.9505 -0.5880
v -0.2911 1.3266 -0.3734
v 1.5798 -0.5134 0.7900
v 1.7347 -2.5539 0.7657
v -0.7607 -0.5154 -0.7924
v 1.7261 -0.5152 0.3003
v -0.5092 -0.5125 -0.8369
v 1.6708 -0.5202 0.0430
v 1.7991 -2.5608 0.2444
v 1.6828 -0.5150 0.5514
v -0.5182 0.9528 -0.6387
v -1.0144 -0.4994 1.2791
v 1.6248 -0.2934 -0.1352
v 1.4277 -0.5098 0.9974
v -1.2406 -0.5038 1.1825
v 1.2652 -0.3016 -0.5281
v -1.4175 -0.5285 -0.3687
v -0.1262 -0.2854 -0.8643
v 1.4523 -0.2997 -0.3525
v -1.4638 1.2064 0.1340
v 0.7675 -0.4963 1.3287
v -0.7670 -0.4961 1.3292
v 1.3738 -0.5283 -0.3824
v -0.6906 1.0240 1.3533
v -1.4975 1.2210 0.3575
v -0.5126 -0.4934 1.3514
v -1.4723 1.2161 0.5825
v -1.3969 1.1906 0.7998
v -1.4275 -0.5098 1.0154
v 1.8188 -2.5563 0.5116
v -0.1260 -0.2758 1.3666
v 0.4141 -2.5196 1.4161
v -1.1020 1.1027 1.1509
v 0.3783 -0.2770 1.3577
v -1.0427 1.3266 -0.2190
v -0.6627 1.3266 -0.3357
v -0.4757 1.3266 -0.3613
v 0.1260 -0.2758 1.3665
v -0.9045 1.0586 1.2693
v 0.8967 -2.5583 -0.6276
v 1.4507 -2.5390 1.2147
v -1.7209 -2.5559 0.7652
v 0.1330 -2.5178 1.4215
v 1.1247 -2.5604 -0.5027
v 1.6184 -2.5488 1.0060
v -1.7919 -2.5595 0.5071
v 1.2169 -2.5300 1.3435
v 0.3931 -2.5548 -0.7695
v -0.1315 -2.5541 -0.7840
v 0.6301 -0.2789 1.3354
v 1.1146 -0.2828 1.2071
v 0.1260 -0.2854 -0.8728
v -0.4659 1.0010 1.4080
v 1.3226 -0.2854 1.0703
v 0.9599 -2.5268 1.3866
v 0.8781 -0.2809 1.2895
v 0.3765 -0.2837 -0.8802
v 0.6895 -2.5207 1.4296
v 0.1310 -2.5540 -0.7852
v -1.2708 1.1499 0.9928
v -1.2256 1.3266 -0.0997
v -1.4987 1.0068 -0.0292
v -0.5152 -2.7192 -0.7205
v 1.7362 -0.2843 0.4091
v 1.7105 -0.2892 0.1362
v -1.3604 0.9856 -0.2297
v -1.3298 -2.6988 1.2761
v -0.5481 -2.6860 1.4104
v -1.3630 1.3266 0.0663
v -1.0827 -2.6923 1.3471
v 1.6516 -0.2868 0.6599
v 1.5082 -0.2871 0.8824
v 1.3500 -2.5612 -0.3742
v -1.1552 1.3266 1.0681
v -1.4454 -2.7247 -0.2879
v -1.7466 -2.7258 0.1295
v -1.5267 -2.7083 1.1175
v -1.3607 1.1786 -0.0705
v -0.1487 -2.5164 1.4187
v 0.6515 -2.5565 -0.7223
v 1.7002 -2.5619 -0.0024
v -0.8194 -2.6896 1.3891
v 1.5541 -2.5601 -0.2190
v -0.5734 1.3266 1.3992
v -1.2925 1.3266 0.8956
v 1.6259 0.3708 -0.0569
v 0.2256 0.9888 1.4485
v 1.7049 0.3759 0.2429
v 0.7237 0.3109 1.3238
v 0.1822 1.0934 -0.5019
v -0.3400 0.5675 -0.9373
v -0.3589 0.4947 1.3827
v 1.6971 0.3726 0.5226
v -1.2781 0.5644 -0.4957
v 0.2306 0.3561 -0.9759
v -0.8170 0.5648 -0.8368
v 0.2417 0.3048 1.3852
v -1.4680 0.5747 -0.3125
v 0.9559 0.3199 1.2477
v 1.5155 1.0226 0.2006
v -1.6053 0.5877 -0.0975
v 1.2972 0.3502 -0.5748
v -0.5753 0.5668 -0.9243
v -1.4524 0.5710 0.9250
v 0.0000 0.3538 -0.9528
v 1.5259 0.5877 -0.1804
v 1.1774 0.3329 1.1322
v 0.7049 0.3609 -0.9166
v 1.3615 0.5746 -0.4472
v 1.1833 0.5642 -0.6262
v 1.3581 0.9866 0.8871
v -1.0586 0.5624 -0.6752
v 1.5873 0.3621 0.7643
v -0.9825 -0.0793 1.2706
v 0.4648 0.3600 -0.9875
v -1.6767 0.5968 0.1554
v 1.2099 0.9503 1.0696
v -1.6697 0.3724 0.5667
v -0.2324 0.3556 -0.9794
v 0.5055 0.9528 -0.6373
v -1.7187 0.3756 0.2876
v 0.7112 0.9506 -0.5826
v 0.1119 0.5676 -0.9211
v -1.2112 -0.0779 1.1824
v 1.4793 0.3609 -0.3526
v 1.1465 1.1466 -0.2472
v -0.5019 -0.0666 -0.9600
v 1.1206 0.3473 -0.7239
v 0.9272 0.3539 -0.8275
v 0.3360 0.5676 -0.9372
v -0.7610 -0.0668 -0.9214
v 0.5842 0.8584 1.3813
v -1.5535 0.3619 0.8229
v 0.8113 0.8809 1.3139
v -1.2325 -0.0840 -0.6146
v -0.8322 0.5118 1.3124
v 0.8318 0.5118 1.2941
v -1.0598 0.5289 1.2354
v 0.1197 0.4924 1.3939
v -1.0088 -0.0759 -0.7946
v -0.5978 0.5006 1.3562
v -1.6077 -0.0787 -0.2241
v 1.4635 0.5711 0.8712
v 0.5978 0.5005 1.3534
v 0.3591 0.4946 1.3833
v 1.0238 0.9128 1.2116
v -1.2699 0.5499 1.1091
v -0.2416 0.3049 1.3851
v -0.0001 -0.0710 -0.9000
v -1.5221 0.1294 -0.3473
v 0.9822 -0.0792 1.2425
v 1.2074 -0.0779 1.1344
v -1.3276 0.1238 -0.5437
v 0.0000 -0.0770 1.3697
v 1.6607 0.5978 0.3964
v -1.6670 0.1386 -0.1236
v 0.0975 0.9613 -0.6547
v 0.3007 0.9577 -0.6613
v 1.6717 -0.0721 -0.0450
v 1.6282 0.5969 0.1137
v 0.4961 -0.0786 1.3504
v -0.1997 1.0934 -0.4987
v 1.3428 -0.0851 -0.5044
v -1.5662 1.0261 0.4465
v -0.3607 0.1420 -1.0156
v 0.7427 -0.0792 1.3126
v 1.6031 0.5883 0.6486
v 1.3297 0.7684 0.9747
v 0.3511 0.8454 1.4148
v 1.4252 -0.0755 0.9728
v 0.0000 0.6724 1.4041
v -0.8535 0.1128 1.3114
v -1.5072 1.0137 0.6874
v 0.9357 0.7128 1.2591
v -0.9994 -0.5219 -0.6970
v 1.1439 0.7394 1.1395
v -1.0878 0.1180 1.2414
v 0.4744 0.6802 1.3841
v 0.1163 0.8397 1.4240
v -1.3046 0.1253 1.1227
v -1.2177 -0.5271 -0.5434
v -0.6158 0.1455 -1.0216
v -1.2302 0.9503 1.0892
v -1.5692 1.0226 0.2015
v 0.2478 -0.0775 1.3660
v -1.3921 0.9865 0.9061
v -1.5872 -0.5244 -0.1779
v -1.0331 0.9128 1.2253
v 0.8576 0.7647 -0.6908
v 1.7452 -0.0673 0.2491
v -1.1969 1.1467 -0.2347
v -1.1169 0.1285 -0.7441
v 0.6453 0.7663 -0.7592
v 1.5229 1.0262 0.4397
v 1.6107 -0.0713 0.7691
v 0.4837 0.3063 1.3668
v -0.0000 0.7753 -0.8174
v 0.2463 -0.0691 -0.9211
v 0.0001 0.3046 1.3898
v -0.8797 0.1416 -0.9313
v 1.4648 1.0137 0.6726
v 1.4013 0.3477 0.9701
v 0.4298 0.7697 -0.8207
v -0.8153 0.8810 1.3157
v 1.7255 -0.0679 0.5252
v -0.5873 0.8584 1.3724
v 0.8535 0.1128 1.2907
v 0.3187 1.3266 1.4621
v -0.1187 0.8398 1.4180
v 1.3108 0.1254 1.0636
v 1.4302 1.0067 -0.0455
v 1.2812 0.9855 -0.2766
v 0.8465 0.1421 -0.8796
v 0.6042 0.1455 -0.9618
v -0.3537 0.8454 1.4045
v 0.6125 0.1105 1.3484
v 1.0590 0.7680 -0.6147
v 1.7067 0.1455 0.0843
v -1.3312 -0.3020 -0.4864
v 1.4300 1.2161 0.5806
v 1.0532 0.1295 -0.7750
v -0.1192 0.1373 -0.9547
v -0.1046 0.9613 -0.6505
v 0.3674 0.1104 1.3756
v -1.6718 -0.2933 -0.0938
v 0.1223 0.1111 1.3844
v -1.5221 -0.2997 -0.3034
v 1.5257 0.1339 0.8782
v -0.6123 0.1107 1.3520
v -1.1231 -0.2975 -0.6634
v -0.8909 -0.2888 -0.8029
v -1.4940 0.1336 0.9394
v -0.3671 0.1106 1.3755
v 1.7498 0.1481 0.3873
v -1.6425 0.1419 0.7035
v 1.6816 0.1423 0.6518
v -0.2363 0.9888 1.4374
v -1.7415 0.1454 0.1409
v 1.3193 1.1785 -0.0767
v 0.2558 1.3266 -0.3720
v -1.7359 0.1479 0.4277
v -0.2658 -0.9689 1.3771
v -1.6042 0.8080 0.0409
v -1.6368 0.8151 0.2976
v 1.4088 1.3266 0.4815
v -1.5000 0.7939 0.8050
v 1.1057 0.9664 -0.4366
v 1.3509 1.3266 0.6958
v 1.5649 -1.0086 -0.1354
v -1.3301 0.7782 -0.3769
v 1.0171 1.3266 -0.2231
v 0.4912 -0.0663 -0.9204
v 0.5385 1.3266 1.4136
v 0.7498 -1.0059 -0.7510
v 0.7379 -0.0669 -0.8734
v 0.9461 1.3266 1.2097
v 0.9821 -1.0092 -0.6468
v -1.3461 0.7683 1.0125
v 0.9619 -0.0750 -0.7873
v 1.4207 1.3266 0.2659
v 0.8891 1.0586 1.2682
v -0.7093 0.6927 1.3417
v 1.1951 -1.0110 -0.4942
v 0.9560 1.1192 -0.3560
v -1.5995 0.8105 0.5606
v 0.5042 -1.0019 -0.8068
v -0.2477 -0.0774 1.3661
v 0.5696 1.0929 -0.4649
v -0.2482 -0.0691 -0.9323
v -1.1548 0.7394 1.1723
v 1.4331 1.2063 0.1316
v 0.7648 1.1011 -0.4199
v 1.1180 1.3266 1.0681
v 1.4110 0.7936 -0.2641
v -0.2148 0.7738 -0.8176
v 1.2546 1.3266 0.8954
v 1.1574 -0.0832 -0.6680
v -0.0003 -0.9675 1.3819
v -0.4744 0.6802 1.3791
v 0.7499 1.3266 1.3248
v 1.4595 -0.9934 1.0293
v 1.3534 1.3266 0.0595
v -0.9380 0.7128 1.2783
v 1.0454 -0.9786 1.3161
v 1.5279 -0.0786 -0.3050
v -0.2372 0.6741 1.3981
v 1.3939 -1.0114 -0.3225
v 1.2729 -0.9853 1.2021
v 0.3749 1.0917 -0.4965
v 0.9140 0.9544 -0.5268
v 1.4157 0.1293 -0.4629
v -1.4098 -0.0758 1.0271
v 1.5938 0.1387 -0.2142
v -0.4959 -0.0783 1.3506
v 0.7909 -0.9752 1.3605
v 1.3545 1.1906 0.7952
v 0.0002 -0.9973 -0.8295
v 1.2326 0.1241 -0.6444
v -1.4354 -0.0852 -0.4233
v -0.1222 0.1112 1.3845
v 1.2108 1.3266 -0.1079
v 0.3557 0.1419 -0.9848
v 0.4405 1.3266 -0.3570
v -1.7013 -0.0680 0.5622
v 0.6273 1.3266 -0.3285
v -0.7425 -0.0790 1.3224
v 0.1192 0.1373 -0.9514
v 1.4631 1.2210 0.3568
v 1.2373 1.1499 0.9865
v 1.0793 1.1027 1.1451
v 0.5293 -0.9723 1.3657
v -1.5828 -0.0715 0.8219
v 0.8161 1.3266 -0.2887
v 0.6778 1.0240 1.3611
v -1.0507 -1.4388 1.3247
v -1.7546 -0.0675 0.2857
v 0.4545 1.0010 1.4205
v -0.5311 -1.4337 1.3624
v -0.4985 -1.4671 -0.7712
v -1.7197 -0.0723 0.0133
v -0.7929 -1.4362 1.3679
v 1.0830 0.1180 1.1991
v -0.9732 -1.4707 -0.5988
v -0.7419 -1.4698 -0.7060
v -1.4608 -1.4553 1.0466
v -1.6039 -1.4616 0.8372
v -1.7073 -1.4644 0.6030
v -0.2499 -1.4645 -0.8031
v 1.6070 -0.9997 0.8199
v 1.5608 -1.4695 -0.1073
v 1.6822 -1.0063 0.0878
v 1.7456 -1.0023 0.3317
v -0.2668 -1.4301 1.3713
v -1.2767 -1.4463 1.2137
v 0.4989 -1.4672 -0.7732
v 0.0004 -1.4634 -0.8121
v 0.7420 -1.4696 -0.7084
v 1.0526 -1.4390 1.3268
v 1.1873 -1.4706 -0.4537
v 1.2794 -1.4464 1.2137
v 0.9733 -1.4705 -0.6007
v 1.7037 -1.0024 0.5813
v 0.2533 -0.9985 -0.8265
v 0.2652 -0.9690 1.3769
v -0.4052 -1.2320 1.3791
v -1.1874 -1.4707 -0.4520
v -1.5598 -1.4699 -0.1067
v 1.6419 -1.2698 -0.0174
v 1.4941 -1.2704 -0.2212
v -0.1357 -1.2287 1.3905
v 0.3778 -1.2612 -0.8194
v -1.3951 -1.8878 -0.2840
v 0.1262 -1.2586 -0.8352
v -1.7541 -1.8839 0.3657
v -0.1256 -1.2587 -0.8354
v -1.6965 -1.8861 0.1185
v -0.2505 -1.8854 -0.7854
v 0.6274 -1.2647 -0.7752
v 1.0955 -1.2691 -0.5588
v -0.2696 -1.8460 1.3816
v -1.6150 -1.8779 0.8588
v 0.9337 -1.2390 1.3665
v 0.9756 -1.8868 -0.5767
v 0.7438 -1.8868 -0.6849
v 1.3874 -1.2529 1.1372
v -1.7146 -1.8822 0.6195
v 0.8695 -1.2677 -0.6904
v -1.7462 -1.4656 0.3514
v 1.1796 -1.2439 1.2850
v 1.1924 -1.8868 -0.4394
v -1.3897 -1.4713 -0.2915
v 1.3048 -1.2706 -0.3960
v -1.6795 -1.4680 0.1131
v 1.5745 -1.8867 -0.1034
v 1.7349 -1.2688 0.2198
v -1.2890 -1.6781 -0.3647
v -1.5416 -1.6653 0.9577
v -0.3988 -1.6381 1.3677
v -1.6312 -1.6768 0.0034
v 1.6326 -1.6765 0.0030
v -1.4814 -1.6781 -0.1985
v 1.5537 -1.2610 0.9440
v 0.6714 -1.2353 1.3781
v -0.6205 -1.6770 -0.7287
v -0.8577 -1.6780 -0.6418
v -1.0791 -1.6776 -0.5152
v -1.7379 -1.6728 0.4864
v 0.1350 -1.2288 1.3902
v -1.6598 -1.6711 0.7308
v 0.4048 -1.2319 1.3800
v 1.2909 -1.6778 -0.3665
v 1.4824 -1.6776 -0.1995
v -0.7978 -1.8519 1.3735
v -1.4727 -1.8711 1.0703
v 0.6207 -1.6770 -0.7318
v 0.7093 0.6927 1.3389
v -0.5326 -1.8493 1.3754
v -0.1352 -1.6354 1.3793
v -1.2849 -1.8618 1.2351
v 0.8588 -1.6776 -0.6441
v 1.2433 0.7781 -0.4807
v -0.1250 -1.6743 -0.7982
v 1.4790 0.7939 0.7697
v 1.7537 -1.2668 0.4650
v 1.5898 0.8152 0.2834
v -1.0542 -1.8543 1.3349
v 1.0810 -1.6775 -0.5167
v 1.6811 -1.2667 0.7163
v 1.5362 0.8080 0.0147
v 1.5714 0.8106 0.5362
v -1.5723 -1.8876 -0.1014
v 0.2656 -1.4303 1.3714
v -0.9738 -1.8873 -0.5740
v 1.7047 -1.4646 0.5985
v -0.4996 -1.8860 -0.7505
v -1.5794 0.3610 -0.2280
v -0.7430 -1.8871 -0.6812
v 0.2504 -1.4646 -0.8035
v 1.3900 -1.4710 -0.2914
v -1.2060 0.3476 -0.6254
v 0.2372 0.6741 1.4026
v -0.7234 0.3610 -0.9692
v 0.7942 -1.4363 1.3688
v 0.2145 0.7738 -0.8284
v 1.4674 -1.4548 1.0464
v -0.9761 0.3539 -0.8201
v 0.5322 -1.4334 1.3640
v 1.2665 0.5499 1.0568
v 0.5631 0.5679 -0.9013
v -0.0010 -1.4287 1.3790
v -1.1892 -1.8871 -0.4363
v -0.7237 0.3110 1.3352
v 1.0535 0.5289 1.1973
v -1.4072 0.3502 -0.4301
v -1.6875 0.3708 0.0134
v -1.7254 -1.6748 0.2359
v -1.5902 0.5882 0.6941
v -1.6695 0.5977 0.4292
v -0.6631 -1.6414 1.3687
v -1.1702 -1.6485 1.2855
v 1.6797 -1.4681 0.1140
v -1.3840 0.3476 1.0312
v -0.1195 0.4925 1.3939
v -1.3699 -1.6586 1.1411
v 0.7859 0.5650 -0.8191
v -0.3741 -1.6753 -0.7779
v 1.6093 -1.4612 0.8360
v -0.9581 0.3199 1.2795
v 1.7499 -1.4655 0.3504
v -0.4835 0.3065 1.3668
v -0.9234 -1.6436 1.3593
v 0.9948 0.5620 -0.7407
v -0.4721 0.3590 -1.0107
v 1.2267 -2.7244 -0.4109
v -0.1119 0.5674 -0.9169
v -1.1826 0.3329 1.1848
v 0.9344 -2.0665 1.3696
v 0.9971 -2.7221 -0.5334
v -0.2821 -2.6827 1.3964
v 0.6281 -2.0989 -0.7200
v 1.5740 -2.0866 0.9851
v 0.6700 -2.0624 1.3954
v 0.5177 -2.7200 -0.7227
v 1.1868 -2.0701 1.3107
v -0.0002 -2.7189 -0.7603
v 1.3202 -2.6989 1.2745
v -1.7882 -2.7241 0.3815
v 1.6135 -2.7247 -0.0973
v -0.0096 -2.6831 1.4013
v 1.7654 -2.0955 0.4978
v 1.7533 -2.0983 0.2411
v -1.3439 -2.5618 -0.3699
v 1.5215 -2.7069 1.1090
v 1.0741 -2.6930 1.3512
v 0.4016 -2.0602 1.3890
v -1.6966 -2.5636 0.0027
v -1.5431 -2.5621 -0.2102
v -1.6542 -2.7158 0.8877
v 0.1297 -2.0587 1.3966
v -1.7452 -2.7207 0.6378
v 1.0937 -2.0994 -0.5070
v -0.2588 -2.7188 -0.7516
v 0.5455 -2.6860 1.4024
v -0.1409 -2.0578 1.3957
v 0.8681 -2.0992 -0.6310
v 1.5056 -2.0996 -0.2035
v 1.6584 -2.0994 0.0020
v -0.7644 -2.7213 -0.6530
v -0.9974 -2.7235 -0.5362
v -0.6697 -2.0639 1.3869
v -1.4401 -2.5410 1.2041
v -1.2393 -3.0457 -0.4040
v -1.6112 -2.7270 -0.0902
v -1.0028 -3.0434 -0.5154
v -0.6926 -2.5234 1.4195
v -0.9334 -2.0663 1.3650
v -1.1828 -2.0709 1.3037
v -0.7721 -3.0418 -0.6403
v 1.3084 -2.1000 -0.3673
v -0.9596 -2.5271 1.3781
v -0.3924 -2.5552 -0.7642
v -1.3897 -2.0807 1.1669
v -1.2273 -2.7249 -0.4168
v -1.3347 -3.0206 1.2742
v 1.6531 -2.3120 0.8774
v -1.0907 -2.1002 -0.5035
v -1.0861 -3.0142 1.3535
v -0.8665 -2.0999 -0.6264
v -0.5210 -3.0402 -0.7116
v 0.1260 -2.0980 -0.7877
v 1.7565 -2.3155 0.6328
v -1.7853 -2.5624 0.2457
v -1.6101 -2.5500 1.0069
v 0.3786 -2.0983 -0.7692
v 0.2690 -2.2813 1.4028
v -0.4196 -2.5196 1.4114
v 0.7654 -2.7208 -0.6507
v 1.4071 -2.0784 1.1823
v 0.2562 -2.3186 -0.7790
v -0.6272 -2.0989 -0.7159
v 1.0749 -2.2896 1.3501
v 1.3177 -2.2953 1.2736
v -0.0005 -2.3184 -0.7865
v 1.7283 -1.6751 0.2358
v 0.5431 -2.2823 1.4055
v 0.7605 -2.3201 -0.6804
v 1.6659 -1.6706 0.7292
v 1.5188 -2.3043 1.1047
v -0.0080 -2.2792 1.4102
v 1.7423 -1.6726 0.4830
v 0.6645 -1.6408 1.3718
v 0.5116 -2.3192 -0.7486
v 1.3824 -1.6570 1.1490
v -0.2789 -2.2804 1.4057
v 0.9243 -1.6437 1.3600
v 1.7934 -2.3187 0.3724
v 1.7327 -2.3213 0.1177
v 1.6085 -2.3211 -0.1104
v 0.8112 -2.2860 1.3964
v 0.9947 -2.3206 -0.5692
v -1.2167 -2.5320 1.3289
v -1.6322 -3.0462 -0.0841
v 1.2173 -2.3217 -0.4395
v 1.4302 -2.3216 -0.2946
v 1.1724 -1.6482 1.2858
v 0.2606 -2.7191 -0.7523
v -0.8929 -2.5593 -0.6218
v 0.2694 -2.6846 1.3874
v -1.1216 -2.5622 -0.4965
v 1.6501 -2.7138 0.8785
v -0.3886 -2.8995 -0.7303
v -0.6489 -2.5569 -0.7145
v -1.5427 -2.9054 -0.1909
v 0.3741 -1.6755 -0.7792
v -1.3472 -2.9058 -0.3483
v 0.8113 -2.6889 1.3890
v 0.2627 -3.0397 -0.7406
v 1.6849 -2.0931 0.7470
v -1.6916 -2.9061 0.0240
v 1.7698 -2.7179 0.6414
v 0.1247 -1.6744 -0.7984
v -0.6427 -2.9005 -0.6839
v -1.4370 -2.8843 1.2068
v 0.2665 -3.0060 1.3838
v -1.2083 -2.8772 1.3144
v -0.9513 -2.8722 1.3666
v 1.4489 -2.7251 -0.2812
v 0.3977 -1.6381 1.3693
v 1.7377 -2.7252 0.1325
v 1.7973 -2.7220 0.3851
v 0.1306 -1.6360 1.3799
v 1.5477 -1.6649 0.9568
v 1.6988 -1.8861 0.1183
v 1.7606 -1.8839 0.3637
v 0.3911 -2.8991 -0.7325
v -0.1295 -2.8992 -0.7489
v 1.6214 -1.8776 0.8581
v 0.1304 -2.8989 -0.7485
v 1.3979 -1.8875 -0.2867
v -1.7744 -2.9017 0.5161
v -0.6815 -2.8687 1.4076
v -0.0045 -1.8448 1.3902
v 0.2643 -1.8466 1.3808
v -1.7054 -2.8977 0.7674
v -1.6020 -2.3231 -0.1046
v -0.1451 -2.8640 1.3908
v 0.5329 -1.8485 1.3787
v -0.0003 -1.8852 -0.7947
v 1.2912 -1.8615 1.2416
v 1.0554 -1.8547 1.3358
v -1.5964 -2.8920 1.0106
v 0.6466 -2.8998 -0.6840
v -0.4165 -2.8655 1.3944
v 1.7805 -3.0367 0.6537
v 0.4999 -1.8863 -0.7530
v 1.5481 -2.9040 -0.1948
v 1.6646 -3.0315 0.8889
v 0.2502 -1.8856 -0.7856
v 1.6873 -2.9052 0.0200
v 1.8083 -3.0416 0.3950
v -0.5446 -2.2835 1.4040
v 1.3515 -2.9049 -0.3458
v -1.5078 -2.3050 1.0988
v 1.7187 -1.8818 0.6164
v -1.7714 -2.9051 0.2608
v 0.8134 -3.0102 1.4023
v -1.4245 -2.3217 -0.2911
v 1.5310 -3.0258 1.1151
v 1.7539 -3.0452 0.1413
v -1.7807 -2.3197 0.3731
v 0.5439 -3.0075 1.4116
v -0.8129 -2.2867 1.3892
v 1.0785 -3.0162 1.3586
v 1.3254 -3.0202 1.2731
v -1.7311 -2.3216 0.1194
v 1.4704 -3.0448 -0.2762
v 0.8839 -2.9022 -0.5817
v 1.1163 -2.9035 -0.4629
v -2.1337 -3.7836 1.0072
v -2.5012 -3.5884 0.6237
v -2.2398 -3.6637 0.0499
v -1.8838 -3.9431 1.4509
v -1.0048 -4.1573 1.9547
v -1.2920 -4.0981 2.0870
v -0.7449 -4.1537 1.8049
v -0.9258 -4.0931 -1.0392
v -0.6481 -4.2670 -1.2326
v -0.4143 -4.4363 -1.4157
v -1.7236 -4.0201 1.9018
v -1.4405 -3.8671 -0.8469
v -1.9996 -3.6929 -0.5486
v -1.7324 -3.6947 -1.0125
v -1.1997 -3.9916 -0.7581
v 2.2919 -5.5186 1.1864
v 2.3860 -5.3681 0.0505
v 2.5612 -5.3128 0.8025
v 0.4990 -6.1196 1.9699
v 1.1599 -6.0775 -1.2514
v 1.9052 -5.8777 2.0191
v -2.2661 -5.5202 1.1959
v 0.1665 -6.0906 1.9893
v 1.3049 -5.9558 -0.7479
v 1.8221 -5.7769 1.4194
v -2.5332 -5.3186 0.8339
v 1.5958 -5.9934 2.3026
v 0.5310 -6.5166 -1.6213
v -0.1774 -6.6294 -1.8382
v 1.2116 -6.1113 2.1700
v 0.8481 -6.1342 2.0599
v 0.1792 -6.6297 -1.8360
v 1.6182 -5.7831 -0.8923
v -0.1643 -6.0903 1.9825
v 0.8972 -6.2923 -1.4725
v 2.0559 -5.4855 -0.4077
v 1.8472 -5.5991 -0.8662
v -1.7947 -2.5420 -1.1382
v -1.4008 -2.7961 -1.2223
v -1.9335 -2.4465 -0.5225
v -0.3608 -3.2053 -1.6413
v -0.9007 -2.5204 1.7005
v -1.1851 -2.5382 1.8040
v -1.4495 -2.5416 1.7320
v -0.6063 -3.1178 -1.6796
v -1.1591 -2.9670 -1.3370
v -0.9760 -3.0418 -1.5813
v 0.9087 -2.5192 1.7055
v 1.4007 -2.5457 1.7252
v 0.9821 -3.0236 -1.6228
v 0.6398 -3.1190 -1.6515
v 0.6459 -2.4622 1.7190
v 2.3871 -2.2789 0.1018
v 1.1413 -2.9521 -1.3421
v -0.1321 -3.2199 -1.6710
v 0.3816 -2.4248 1.6441
v 0.1204 -2.3966 1.6991
v 1.9225 -2.4362 1.5621
v -0.6467 -2.4613 1.7080
v -1.9119 -2.4575 1.5138
v -0.3847 -2.4248 1.6377
v 2.3253 -2.3106 0.5724
v -2.1810 -2.3434 1.2291
v 2.0809 -2.3862 1.1987
v -2.4287 -2.2712 0.0773
v -2.2837 -2.3186 0.6069
v 1.8333 -2.5586 -1.1206
v 1.9606 -2.4431 -0.5706
v 1.3573 -2.8059 -1.1759
v -0.1173 -2.3956 1.7052
v 0.3595 -3.2091 -1.6127
v 0.0959 -3.2114 -1.6991
v 1.1627 -2.5333 1.8133
v -0.4220 -4.0974 1.7955
v 2.0090 -3.6925 -0.5463
v 1.7385 -3.6994 -1.0031
v -0.1378 -4.0457 1.8652
v 0.4108 -4.4390 -1.4021
v 0.1291 -4.5278 -1.5494
v -0.1250 -4.5273 -1.5544
v 0.6618 -4.2639 -1.2525
v 1.1951 -3.9918 -0.7590
v 1.0038 -4.1627 1.9410
v 1.7199 -4.0236 1.9058
v 0.9182 -4.0966 -1.0265
v 1.2882 -4.0982 2.0902
v 1.4433 -3.8672 -0.8445
v 2.2482 -3.6598 0.0500
v 1.8779 -3.9416 1.4557
v 0.7526 -4.1487 1.8332
v 0.1395 -4.0468 1.8639
v 0.4269 -4.0971 1.8089
v 2.5099 -3.5806 0.6244
v 2.1387 -3.7813 1.0073
v -1.6061 -5.7865 -0.8915
v -2.0594 -5.4910 -0.3976
v -1.8377 -5.5993 -0.8919
v -1.9157 -5.8794 2.0058
v -0.8403 -6.1355 2.0587
v -1.1909 -6.1059 2.1969
v -0.5284 -6.5179 -1.6173
v -2.3523 -5.3776 0.1025
v -1.8462 -5.7771 1.4271
v -0.4967 -6.1277 1.9263
v -1.5973 -6.0023 2.2724
v -1.1497 -6.0790 -1.2464
v -1.2907 -5.9570 -0.7480
v -0.8931 -6.2960 -1.4642
v 1.0863 -4.0428 2.0823
v 0.8253 -1.3187 1.4091
v 1.8065 -5.8192 2.2273
v 1.1246 -2.6334 1.4040
v 0.0020 -2.2533 1.7258
v -0.2453 0.0548 1.4038
v -1.8397 -5.4972 -0.5972
v -1.4810 -2.6713 -0.3162
v -0.5622 -4.0371 1.8366
v -0.8242 -1.3191 1.4092
v -1.0629 -3.9661 -0.8881
v -0.7621 -1.3398 -0.7587
v 0.3549 -6.4863 -1.7414
v 0.5444 -2.6540 -0.7794
v -0.3562 -6.4856 -1.7456
v -0.0002 -2.6490 -0.8226
v 1.1358 -2.7882 -1.5481
v 1.1597 0.0095 -0.7489
v -1.1524 -2.8063 -1.5370
v -0.7289 0.0273 -0.9839
v 1.8948 -3.9091 1.7205
v 1.3180 -1.3360 1.2476
v -0.2321 -3.0771 -1.5026
v -0.0008 0.0509 -0.9725
v 1.5062 -5.8031 -0.7008
v 1.4955 -2.6664 -0.3283
v 0.1986 -3.0692 -1.5245
v 0.4776 0.0374 -0.9826
v -1.7559 -2.3664 -0.7750
v -1.4389 0.0187 -0.4980
v 0.5112 -2.3069 1.6484
v 0.2455 0.0547 1.4038
v 1.8970 -3.8398 1.1450
v -0.5083 -1.3382 -0.8270
v 0.5568 -1.3127 1.4076
v 0.7864 -4.0931 -1.1584
v 1.0054 -1.3418 -0.6474
v -0.7684 -2.3367 1.7840
v -0.9748 0.0491 1.3101
v -2.0500 -2.2476 0.8643
v -1.7968 0.0693 0.2875
v 1.9422 -3.6243 -0.8282
v 1.7267 -1.3644 0.0842
v -1.3733 -5.9470 2.2569
v -1.3674 -2.6479 1.2961
v -0.0009 -5.9447 2.0976
v -0.2937 -2.6227 1.4524
v -0.2529 -1.3370 -0.8603
v -1.5703 -2.6614 1.1231
v -1.2323 0.0090 -0.6983
v 2.1391 -2.2336 1.4383
v 1.4297 0.0500 1.0182
v 1.5010 -3.7116 -1.0131
v 0.8063 -2.6602 -0.7025
v 1.0106 -2.4011 1.6641
v 0.7385 0.0503 1.3489
v 0.8566 -2.6293 1.4427
v -1.2030 0.0488 1.2253
v -0.6647 -6.0145 1.9870
v -0.8533 -2.6325 1.4292
v -2.1656 -2.1884 -0.2589
v 0.2706 -4.0003 1.7214
v 0.0000 -1.3044 1.4261
v 1.8360 -5.4941 -0.5801
v 1.8012 -2.6719 0.1041
v -1.1428 -5.9438 -0.9382
v -0.7995 -2.6617 -0.6899
v 2.3795 -5.3152 0.4408
v 1.8401 -2.6644 0.6551
v -0.5203 -2.3061 1.6405
v -0.2819 -1.3074 1.4185
v -1.4982 -5.8075 -0.7008
v -1.5091 -3.9851 2.0299
v -1.5048 -1.3484 1.0735
v 0.2529 -4.4149 -1.4562
v 0.5086 -1.3379 -0.8286
v 0.6479 -5.9913 2.0835
v 0.2862 -2.6217 1.4542
v 1.1986 0.0489 1.1748
v -0.5416 -2.6572 -0.7661
v 1.3618 -3.8802 -0.6862
v -1.4110 0.0500 1.0780
v 1.7194 -2.6664 0.8981
v -0.4839 0.0375 -1.0230
v -1.4962 -3.7111 -1.0180
v -1.2270 -1.3463 -0.4943
v 0.0025 -4.4412 -1.6060
v 0.7867 -2.8904 -1.6606
v -1.6036 0.0575 0.8688
v -2.0779 -3.6501 -0.2362
v -1.6032 -1.3578 -0.1427
v -1.9041 -3.8413 1.1328
v -1.7616 -1.3645 0.5941
v 1.5577 -2.4943 -1.2358
v 1.5392 0.0419 -0.3863
v -2.3387 -5.3197 0.4929
v -1.7897 -2.6765 0.1089
v -1.8011 -1.3629 0.3321
v -1.7021 -2.6706 0.8945
v 1.0435 -2.6666 -0.5858
v 1.8634 -5.7736 1.6827
v 1.6985 0.0602 -0.0981
v 2.5230 -2.1063 0.3686
v 1.7643 0.0648 0.5587
v 2.4646 -3.5595 0.3018
v 1.7587 -1.3658 0.5895
v -1.8172 -2.6677 0.6489
v -1.0823 -1.3247 1.3653
v 0.0001 0.0557 1.4071
v 0.0001 -0.0572 1.4495
v 0.0000 -0.2293 1.4646
v -0.0001 -0.4512 1.4856
v -0.0000 -0.7403 1.5174
v 0.0001 -1.1095 1.5588
v 0.0007 -1.5312 1.6097
v 0.0019 -1.9295 1.6725
v -0.2450 -2.2737 1.6418
v -0.2461 -1.9447 1.6094
v -0.2532 -1.5411 1.5697
v -0.2597 -1.1162 1.5368
v -0.2663 -0.7453 1.5058
v -0.2744 -0.4545 1.4787
v -0.2716 -0.2313 1.4595
v -0.2544 -0.0585 1.4460
v 0.9409 0.0123 -0.8400
v 0.9476 -0.1593 -0.8707
v 0.9458 -0.3652 -0.8737
v 0.9395 -0.5906 -0.8948
v 0.9325 -0.8738 -0.9531
v 0.9312 -1.2597 -1.0640
v 0.9719 -1.7625 -1.2481
v 1.0604 -2.3200 -1.4396
v 1.1258 -2.7375 -1.1056
v 1.1205 -2.2792 -1.0552
v 1.1725 -1.7323 -1.0048
v 1.2227 -1.2353 -0.9610
v 1.2316 -0.8579 -0.8946
v 1.2182 -0.5851 -0.8300
v 1.1990 -0.3664 -0.7964
v 1.1782 -0.1649 -0.7730
v -0.9869 0.0147 -0.8798
v -0.9754 -0.1622 -0.8958
v -0.9621 -0.3684 -0.8922
v -0.9443 -0.5934 -0.9113
v -0.9346 -0.8743 -0.9743
v -0.9618 -1.2529 -1.1001
v -1.0341 -1.7547 -1.2751
v -1.1085 -2.3297 -1.4318
v -0.7581 -2.9157 -1.5558
v -0.7443 -2.4221 -1.5164
v -0.7342 -1.7982 -1.4284
v -0.7305 -1.2380 -1.2858
v -0.7297 -0.8284 -1.1558
v -0.7291 -0.5414 -1.0626
v -0.7292 -0.3233 -1.0189
v -0.7266 -0.1305 -1.0082
v -0.2364 0.0483 -1.0107
v -0.2383 -0.0961 -1.0113
v -0.2437 -0.2829 -0.9833
v -0.2445 -0.5120 -0.9706
v -0.2446 -0.8332 -1.0060
v -0.2415 -1.3038 -1.0963
v -0.2323 -1.9350 -1.2410
v -0.2268 -2.5929 -1.3944
v -0.0329 -3.0192 -1.7617
v -0.0336 -2.5418 -1.6332
v -0.0223 -1.8892 -1.4354
v -0.0104 -1.2682 -1.2158
v -0.0001 -0.8100 -1.0527
v 0.0024 -0.4951 -0.9869
v 0.0017 -0.2697 -0.9814
v 0.0004 -0.0873 -0.9864
v 0.2372 0.0495 -0.9954
v 0.2415 -0.0938 -1.0077
v 0.2485 -0.2787 -1.0050
v 0.2546 -0.5047 -1.0114
v 0.2591 -0.8212 -1.0660
v 0.2538 -1.2884 -1.1736
v 0.2288 -1.9224 -1.2996
v 0.2018 -2.5838 -1.4274
v 0.4662 -2.9807 -1.6594
v 0.4890 -2.5125 -1.5065
v 0.5268 -1.8901 -1.3054
v 0.5327 -1.2932 -1.1464
v 0.5242 -0.8463 -1.0426
v 0.5120 -0.5350 -0.9923
v 0.4986 -0.3062 -0.9883
v 0.4841 -0.1132 -0.9958
v -1.6313 0.0423 -0.2864
v -1.6579 -0.1182 -0.3305
v -1.6761 -0.3268 -0.3617
v -1.6917 -0.5592 -0.3978
v -1.7202 -0.8356 -0.4476
v -1.7678 -1.1854 -0.5203
v -1.7952 -1.6006 -0.6230
v -1.7679 -2.0173 -0.7158
v -1.5847 -2.4794 -1.3043
v -1.5332 -2.0899 -1.1546
v -1.4912 -1.6393 -0.9406
v -1.4393 -1.2182 -0.7437
v -1.4028 -0.8707 -0.6256
v -1.4045 -0.5968 -0.5740
v -1.4215 -0.3659 -0.5541
v -1.4383 -0.1540 -0.5364
v 0.4921 0.0526 1.3887
v 0.5099 -0.0628 1.4314
v 0.5285 -0.2396 1.4451
v 0.5280 -0.4677 1.4642
v 0.5197 -0.7633 1.4888
v 0.5162 -1.1382 1.5218
v 0.5236 -1.5642 1.5618
v 0.5228 -1.9717 1.6054
v 0.2495 -2.2737 1.6400
v 0.2495 -1.9447 1.6066
v 0.2528 -1.5410 1.5683
v 0.2588 -1.1169 1.5362
v 0.2660 -0.7458 1.5055
v 0.2740 -0.4549 1.4784
v 0.2714 -0.2316 1.4593
v 0.2546 -0.0587 1.4459
v -0.7388 0.0506 1.3597
v -0.7554 -0.0703 1.4047
v -0.7701 -0.2527 1.4262
v -0.7681 -0.4835 1.4608
v -0.7620 -0.7788 1.5189
v -0.7555 -1.1522 1.6000
v -0.7503 -1.5802 1.6837
v -0.7597 -1.9933 1.7503
v -1.0147 -2.4038 1.6561
v -1.0058 -2.0481 1.6162
v -1.0023 -1.6168 1.5811
v -1.0089 -1.1782 1.5056
v -1.0020 -0.8030 1.4254
v -0.9930 -0.5055 1.3910
v -0.9969 -0.2713 1.3740
v -0.9874 -0.0820 1.3548
v -1.7275 0.0638 0.6032
v -1.7598 -0.0995 0.6392
v -1.7743 -0.3266 0.6457
v -1.7879 -0.5841 0.6488
v -1.8205 -0.8807 0.6655
v -1.8789 -1.2265 0.6924
v -1.9506 -1.6000 0.7417
v -1.9985 -1.9531 0.8051
v -2.5031 -2.1107 0.4042
v -2.4076 -1.8338 0.3733
v -2.2847 -1.5076 0.3400
v -2.1570 -1.1586 0.3121
v -2.0426 -0.8298 0.2974
v -1.9604 -0.5449 0.2910
v -1.9069 -0.3001 0.2883
v -1.8576 -0.0856 0.2870
v -1.1731 -2.7461 -1.1054
v -1.1400 -2.2885 -1.0391
v -1.1522 -1.7388 -0.9571
v -1.1912 -1.2413 -0.9157
v -1.2162 -0.8637 -0.8749
v -1.2274 -0.5883 -0.8251
v -1.2324 -0.3684 -0.7818
v -1.2335 -0.1664 -0.7432
v 1.6401 0.0574 0.8095
v 1.6627 -0.0995 0.8614
v 1.6852 -0.3062 0.9066
v 1.7375 -0.5395 0.9566
v 1.8135 -0.8182 1.0170
v 1.9001 -1.1603 1.0933
v 1.9943 -1.5478 1.2043
v 2.0742 -1.9207 1.3358
v 1.6089 -2.3934 1.5311
v 1.5862 -2.0444 1.4548
v 1.5657 -1.6181 1.3729
v 1.5424 -1.1893 1.2800
v 1.5120 -0.8283 1.2002
v 1.4806 -0.5429 1.1429
v 1.4497 -0.3092 1.1009
v 1.4370 -0.1048 1.0677
v 0.9739 0.0490 1.2802
v 0.9870 -0.0812 1.3310
v 0.9959 -0.2710 1.3595
v 0.9919 -0.5052 1.3881
v 0.9962 -0.8025 1.4286
v 0.9951 -1.1782 1.5067
v 0.9849 -1.6177 1.5759
v 0.9915 -2.0490 1.6116
v 0.7660 -2.3376 1.7782
v 0.7566 -1.9942 1.7446
v 0.7498 -1.5811 1.6776
v 0.7533 -1.1540 1.5907
v 0.7593 -0.7801 1.5112
v 0.7667 -0.4841 1.4563
v 0.7693 -0.2529 1.4203
v 0.7551 -0.0703 1.3963
v -1.3151 -2.3706 1.8814
v -1.3043 -2.0170 1.7896
v -1.2971 -1.5882 1.6678
v -1.2885 -1.1543 1.5400
v -1.2677 -0.7912 1.4299
v -1.2492 -0.5107 1.3521
v -1.2308 -0.2857 1.3052
v -1.2136 -0.0936 1.2719
v -1.7578 0.0610 -0.0253
v -1.7980 -0.0983 -0.0525
v -1.8018 -0.3217 -0.0487
v -1.7922 -0.5746 -0.0406
v -1.7981 -0.8691 -0.0356
v -1.8483 -1.2154 -0.0481
v -1.9279 -1.5955 -0.0815
v -2.0383 -1.9452 -0.1445
v -0.4918 0.0530 1.3885
v -0.5097 -0.0621 1.4316
v -0.5284 -0.2387 1.4453
v -0.5281 -0.4667 1.4641
v -0.5214 -0.7623 1.4880
v -0.5181 -1.1372 1.5193
v -0.5254 -1.5631 1.5596
v -0.5300 -1.9709 1.6011
v 1.2673 -2.3755 1.8701
v 1.2589 -2.0207 1.7834
v 1.2603 -1.5920 1.6627
v 1.2608 -1.1615 1.5272
v 1.2505 -0.8019 1.4055
v 1.2390 -0.5191 1.3232
v 1.2262 -0.2907 1.2671
v 1.2113 -0.0952 1.2285
v -1.6150 -2.4027 1.4950
v -1.5856 -2.0525 1.4213
v -1.5629 -1.6251 1.3387
v -1.5234 -1.2008 1.2419
v -1.4868 -0.8390 1.1686
v -1.4620 -0.5492 1.1384
v -1.4408 -0.3125 1.1273
v -1.4233 -0.1058 1.1172
v -0.4336 -2.9721 -1.7284
v -0.4202 -2.4915 -1.6005
v -0.4455 -1.8621 -1.4118
v -0.4731 -1.2754 -1.2214
v -0.4864 -0.8376 -1.0860
v -0.4876 -0.5309 -1.0144
v -0.4870 -0.3042 -1.0038
v -0.4837 -0.1118 -1.0260
v 0.7168 0.0266 -0.9249
v 0.7240 -0.1291 -0.9673
v 0.7367 -0.3223 -1.0034
v 0.7471 -0.5403 -1.0631
v 0.7531 -0.8268 -1.1590
v 0.7527 -1.2332 -1.2985
v 0.7496 -1.7853 -1.4739
v 0.7559 -2.3998 -1.6244
v -2.1337 -2.2178 1.4817
v -2.0640 -1.9097 1.3748
v -1.9871 -1.5368 1.2447
v -1.8993 -1.1528 1.1233
v -1.8155 -0.8138 1.0337
v -1.7421 -0.5362 0.9792
v -1.6858 -0.3043 0.9468
v -1.6404 -0.0985 0.9151
v 1.3424 0.0190 -0.5931
v 1.3592 -0.1539 -0.5992
v 1.3655 -0.3658 -0.5825
v 1.3728 -0.5971 -0.5692
v 1.3915 -0.8746 -0.5987
v 1.4244 -1.2368 -0.6777
v 1.4719 -1.6768 -0.8364
v 1.5164 -2.1173 -1.0598
v 1.9626 -2.3595 -0.8523
v 1.9354 -2.0059 -0.7595
v 1.8746 -1.5900 -0.6321
v 1.7995 -1.1792 -0.5262
v 1.7270 -0.8326 -0.4509
v 1.6635 -0.5581 -0.4068
v 1.6170 -0.3271 -0.4026
v 1.5774 -0.1188 -0.4050
v 2.0952 -2.2032 -0.2223
v 1.9787 -1.9654 -0.1332
v 1.9151 -1.5976 -0.0885
v 1.8486 -1.2167 -0.0531
v 1.7940 -0.8717 -0.0409
v 1.7639 -0.5762 -0.0471
v 1.7599 -0.3233 -0.0799
v 1.7443 -0.0989 -0.1106
v 1.7917 0.0704 0.2422
v 1.8462 -0.0851 0.2562
v 1.8876 -0.3010 0.2773
v 1.9449 -0.5460 0.2852
v 2.0432 -0.8293 0.2851
v 2.1648 -1.1559 0.2929
v 2.2957 -1.5040 0.3096
v 2.4199 -1.8303 0.3385
v 2.0576 -2.2568 0.8310
v 2.0053 -1.9598 0.7680
v 1.9540 -1.6048 0.7121
v 1.8853 -1.2292 0.6712
v 1.8297 -0.8803 0.6456
v 1.7890 -0.5832 0.6279
v 1.7792 -0.3272 0.6136
v 1.7876 -0.0988 0.5984
v -0.3593 -0.0196 -1.0360
v -0.3659 -0.1970 -1.0106
v -0.3676 -0.4013 -0.9925
v -0.3685 -0.6652 -1.0162
v -0.3641 -1.0462 -1.0968
v -0.3542 -1.5859 -1.2303
v -0.3416 -2.2434 -1.4006
v -0.3358 -2.8204 -1.5528
v 1.2623 -0.0641 -0.6874
v 1.2740 -0.2643 -0.6929
v 1.2839 -0.4777 -0.6974
v 1.2962 -0.7218 -0.7225
v 1.3080 -1.0394 -0.7848
v 1.3126 -1.4668 -0.8680
v 1.3055 -1.9726 -0.9781
v 1.3043 -2.4529 -1.0892
v -1.8160 0.0015 0.1132
v -1.8514 -0.1997 0.1085
v -1.8716 -0.4353 0.1190
v -1.9067 -0.7035 0.1322
v -1.9805 -1.0172 0.1442
v -2.0862 -1.3692 0.1496
v -2.2030 -1.7267 0.1473
v -2.3234 -2.0270 0.1157
v 1.7808 0.0010 0.0614
v 1.8179 -0.2013 0.0805
v 1.8422 -0.4368 0.1141
v 1.8897 -0.7058 0.1295
v 1.9752 -1.0187 0.1415
v 2.0791 -1.3707 0.1451
v 2.1815 -1.7317 0.1468
v 2.2834 -2.0453 0.1409
v 1.7170 -0.0053 0.7182
v 1.7210 -0.2080 0.7553
v 1.7253 -0.4399 0.7906
v 1.7623 -0.7053 0.8349
v 1.8136 -1.0235 0.8895
v 1.8873 -1.3933 0.9653
v 1.9551 -1.7747 1.0595
v 2.0210 -2.1108 1.1434
v -1.1131 -0.0703 -0.8091
v -1.1040 -0.2716 -0.8270
v -1.0955 -0.4828 -0.8458
v -1.0882 -0.7272 -0.8848
v -1.0887 -1.0513 -0.9528
v -1.0982 -1.4918 -1.0521
v -1.1177 -2.0425 -1.1788
v -1.1311 -2.5786 -1.2838
v -1.6833 -0.0057 0.7692
v -1.7095 -0.2087 0.7981
v -1.7313 -0.4405 0.8211
v -1.7642 -0.7045 0.8552
v -1.8193 -1.0200 0.9134
v -1.8997 -1.3843 0.9913
v -1.9827 -1.7617 1.0840
v -2.0840 -2.0842 1.1653
v 1.0909 -0.0080 1.2573
v 1.1069 -0.1804 1.3017
v 1.1140 -0.3912 1.3356
v 1.1235 -0.6502 1.3787
v 1.1391 -0.9799 1.4516
v 1.1466 -1.3881 1.5574
v 1.1388 -1.8365 1.6392
v 1.1491 -2.2300 1.7294
v 0.6227 0.0018 1.3914
v 0.6447 -0.1504 1.4266
v 0.6530 -0.3542 1.4462
v 0.6484 -0.6150 1.4774
v 0.6422 -0.9515 1.5195
v 0.6411 -1.3597 1.5734
v 0.6487 -1.7882 1.6287
v 0.6556 -2.1639 1.6792
v 1.8210 0.0061 0.4287
v 1.8437 -0.1979 0.4450
v 1.8594 -0.4383 0.4483
v 1.9028 -0.7109 0.4438
v 1.9795 -1.0282 0.4382
v 2.0733 -1.3826 0.4445
v 2.1653 -1.7386 0.4675
v 2.2481 -2.0483 0.5138
v 0.5953 -0.0292 -0.9780
v 0.6097 -0.2130 -0.9871
v 0.6254 -0.4175 -1.0088
v 0.6388 -0.6727 -1.0576
v 0.6493 -1.0311 -1.1542
v 0.6535 -1.5341 -1.3019
v 0.6493 -2.1573 -1.4777
v 0.6387 -2.7273 -1.6096
v 1.6366 -0.0135 -0.2740
v 1.6673 -0.2152 -0.2691
v 1.6828 -0.4457 -0.2482
v 1.7086 -0.7092 -0.2472
v 1.7525 -1.0255 -0.2858
v 1.8107 -1.4007 -0.3530
v 1.8626 -1.8064 -0.4325
v 1.9070 -2.1712 -0.5118
v -0.3724 0.0059 1.4158
v -0.3937 -0.1412 1.4479
v -0.4063 -0.3399 1.4619
v -0.4021 -0.5967 1.4838
v -0.3972 -0.9299 1.5111
v -0.3928 -1.3354 1.5420
v -0.3917 -1.7618 1.5740
v -0.3920 -2.1322 1.6060
v 1.4519 -0.0413 -0.5083
v 1.4763 -0.2411 -0.4983
v 1.4995 -0.4612 -0.4870
v 1.5371 -0.7103 -0.4975
v 1.5895 -1.0219 -0.5571
v 1.6508 -1.4192 -0.6580
v 1.7220 -1.8579 -0.8194
v 1.7900 -2.2496 -1.0092
v -1.5212 -0.0127 1.0027
v -1.5494 -0.2063 1.0266
v -1.5873 -0.4257 1.0370
v -1.6387 -0.6824 1.0574
v -1.6996 -0.9990 1.1119
v -1.7710 -1.3813 1.2098
v -1.8310 -1.7984 1.3167
v -1.8706 -2.1661 1.4328
v 0.8311 -0.0523 -0.9117
v 0.8413 -0.2466 -0.9333
v 0.8419 -0.4541 -0.9646
v 0.8405 -0.7011 -1.0262
v 0.8370 -1.0354 -1.1271
v 0.8429 -1.4995 -1.2780
v 0.8725 -2.0793 -1.4586
v 0.9297 -2.6347 -1.5858
v -0.6001 -0.0295 -1.0253
v -0.6058 -0.2131 -1.0143
v -0.6094 -0.4176 -1.0193
v -0.6114 -0.6717 -1.0678
v -0.6108 -1.0275 -1.1758
v -0.5948 -1.5274 -1.3338
v -0.5751 -2.1519 -1.4999
v -0.5815 -2.7263 -1.6177
v -1.3127 -0.0128 1.1842
v -1.3260 -0.1971 1.2144
v -1.3405 -0.4103 1.2382
v -1.3535 -0.6645 1.2811
v -1.3652 -0.9869 1.3563
v -1.3837 -1.3903 1.4629
v -1.3949 -1.8362 1.5710
v -1.4157 -2.2331 1.6646
v 1.3153 -0.0139 1.1296
v 1.3265 -0.1979 1.1721
v 1.3445 -0.4114 1.2133
v 1.3587 -0.6659 1.2721
v 1.3656 -0.9875 1.3566
v 1.3692 -1.3897 1.4708
v 1.3691 -1.8351 1.5810
v 1.3773 -2.2348 1.6638
v -0.6226 0.0025 1.3946
v -0.6444 -0.1495 1.4288
v -0.6530 -0.3531 1.4470
v -0.6501 -0.6136 1.4784
v -0.6450 -0.9499 1.5204
v -0.6424 -1.3582 1.5731
v -0.6546 -1.7862 1.6302
v -0.6634 -2.1621 1.6799
v -1.7129 -0.0136 -0.1882
v -1.7302 -0.2152 -0.2088
v -1.7264 -0.4462 -0.2210
v -1.7222 -0.7098 -0.2418
v -1.7398 -1.0280 -0.2776
v -1.7828 -1.4070 -0.3372
v -1.8158 -1.8160 -0.3988
v -1.8530 -2.1726 -0.4618
v -1.0938 -0.0086 1.2958
v -1.1081 -0.1798 1.3317
v -1.1173 -0.3893 1.3538
v -1.1281 -0.6474 1.3860
v -1.1530 -0.9776 1.4528
v -1.1694 -1.3871 1.5567
v -1.1714 -1.8338 1.6520
v -1.1759 -2.2290 1.7381
v 0.8620 -0.0031 1.3392
v 0.8799 -0.1627 1.3818
v 0.8831 -0.3713 1.4091
v 0.8791 -0.6345 1.4460
v 0.8786 -0.9714 1.5082
v 0.8711 -1.3832 1.5892
v 0.8683 -1.8239 1.6406
v 0.8890 -2.2119 1.6795
v 1.5479 -0.0125 0.9450
v 1.5612 -0.2053 0.9841
v 1.5884 -0.4244 1.0195
v 1.6427 -0.6799 1.0635
v 1.7063 -0.9963 1.1218
v 1.7782 -1.3810 1.2089
v 1.8399 -1.7931 1.3315
v 1.8850 -2.1517 1.4672
v 0.1176 -0.0092 -0.9889
v 0.1221 -0.1764 -0.9944
v 0.1249 -0.3770 -0.9928
v 0.1270 -0.6407 -1.0117
v 0.1246 -1.0260 -1.1124
v 0.1103 -1.5763 -1.2790
v 0.0968 -2.2492 -1.4633
v 0.0900 -2.8289 -1.6128
v -1.3410 -0.0644 -0.6210
v -1.3329 -0.2646 -0.6552
v -1.3180 -0.4786 -0.6834
v -1.3046 -0.7231 -0.7189
v -1.3037 -1.0392 -0.7794
v -1.3138 -1.4588 -0.8706
v -1.3256 -1.9624 -0.9994
v -1.3410 -2.4410 -1.1415
v 0.1240 0.0077 1.4235
v 0.1316 -0.1380 1.4566
v 0.1400 -0.3339 1.4722
v 0.1385 -0.5873 1.4971
v 0.1353 -0.9171 1.5304
v 0.1309 -1.3204 1.5692
v 0.1255 -1.7434 1.6112
v 0.1224 -2.1076 1.6567
v -1.8028 0.0053 0.4659
v -1.8414 -0.1975 0.4736
v -1.8665 -0.4368 0.4651
v -1.9004 -0.7101 0.4550
v -1.9663 -1.0291 0.4522
v -2.0569 -1.3845 0.4640
v -2.1443 -1.7409 0.5014
v -2.2190 -2.0537 0.5541
v -0.8625 -0.0028 1.3578
v -0.8801 -0.1630 1.3946
v -0.8834 -0.3716 1.4142
v -0.8787 -0.6346 1.4473
v -0.8785 -0.9713 1.5104
v -0.8702 -1.3830 1.5925
v -0.8678 -1.8237 1.6437
v -0.8846 -2.2128 1.6797
v 0.3727 0.0056 1.4158
v 0.3937 -0.1416 1.4477
v 0.4061 -0.3404 1.4616
v 0.4017 -0.5973 1.4836
v 0.3962 -0.9304 1.5115
v 0.3912 -1.3360 1.5435
v 0.3889 -1.7620 1.5752
v 0.3878 -2.1321 1.6083
v -1.5455 -0.0404 -0.4223
v -1.5493 -0.2401 -0.4480
v -1.5450 -0.4604 -0.4715
v -1.5503 -0.7098 -0.5074
v -1.5750 -1.0203 -0.5753
v -1.6272 -1.4111 -0.6954
v -1.6750 -1.8441 -0.8704
v -1.7261 -2.2351 -1.0397
v 0.3578 -0.0187 -1.0108
v 0.3697 -0.1956 -1.0036
v 0.3802 -0.3997 -1.0016
v 0.3893 -0.6633 -1.0233
v 0.3967 -1.0442 -1.1073
v 0.3926 -1.5872 -1.2307
v 0.3649 -2.2484 -1.3827
v 0.3435 -2.8238 -1.5286
v -0.1154 -0.0092 -0.9921
v -0.1176 -0.1769 -0.9863
v -0.1200 -0.3783 -0.9731
v -0.1220 -0.6432 -0.9899
v -0.1251 -1.0302 -1.0820
v -0.1267 -1.5819 -1.2436
v -0.1315 -2.2554 -1.4308
v -0.1349 -2.8372 -1.5814
v -0.8464 -0.0504 -0.9623
v -0.8430 -0.2448 -0.9613
v -0.8348 -0.4526 -0.9751
v -0.8238 -0.6996 -1.0283
v -0.8249 -1.0346 -1.1260
v -0.8505 -1.5012 -1.2606
v -0.9029 -2.0898 -1.4046
v -0.9523 -2.6488 -1.5195
v 1.0600 -0.0693 -0.8138
v 1.0709 -0.2692 -0.8261
v 1.0793 -0.4802 -0.8390
v 1.0880 -0.7243 -0.8804
v 1.0952 -1.0492 -0.9506
v 1.0943 -1.4935 -1.0520
v 1.1048 -2.0391 -1.1797
v 1.1116 -2.5658 -1.2970
v -0.1238 0.0078 1.4236
v -0.1314 -0.1379 1.4567
v -0.1401 -0.3337 1.4723
v -0.1386 -0.5871 1.4970
v -0.1352 -0.9169 1.5297
v -0.1307 -1.3201 1.5693
v -0.1237 -1.7433 1.6126
v -0.1183 -2.1068 1.6625
v 1.0862 -1.3255 1.3680
v 1.1232 -1.5387 1.4071
v 1.1349 -1.7838 1.4283
v 1.1404 -2.0364 1.4649
v 1.1477 -2.3071 1.5253
v 1.1490 -2.6456 1.6265
v 1.1290 -3.1023 1.7828
v 1.1011 -3.6343 1.9545
v 0.9027 -4.0964 1.7970
v 0.8883 -3.6666 1.7439
v 0.8801 -3.1075 1.6545
v 0.8792 -2.6238 1.5719
v 0.8767 -2.2709 1.5122
v 0.8741 -1.9997 1.4786
v 0.8719 -1.7551 1.4639
v 0.8613 -1.5215 1.4486
v -0.5569 -1.3132 1.4052
v -0.5876 -1.5081 1.4474
v -0.5971 -1.7322 1.4643
v -0.5996 -1.9670 1.4821
v -0.6009 -2.2320 1.5157
v -0.5982 -2.5829 1.5760
v -0.5880 -3.0605 1.6807
v -0.5685 -3.6132 1.7797
v -0.8910 -4.0950 1.8023
v -0.8810 -3.6671 1.7424
v -0.8800 -3.1093 1.6463
v -0.8827 -2.6262 1.5559
v -0.8825 -2.2723 1.5020
v -0.8758 -2.0008 1.4735
v -0.8717 -1.7567 1.4621
v -0.8607 -1.5226 1.4479
v -1.0055 -1.3423 -0.6461
v -1.0436 -1.5348 -0.6591
v -1.0683 -1.7646 -0.6618
v -1.0779 -2.0080 -0.6777
v -1.0765 -2.2812 -0.6956
v -1.0610 -2.6345 -0.7236
v -1.0450 -3.0959 -0.7804
v -1.0438 -3.5981 -0.8397
v -0.7691 -4.0950 -1.1398
v -0.7839 -3.6809 -1.1041
v -0.8181 -3.1218 -1.0173
v -0.8345 -2.6283 -0.9305
v -0.8378 -2.2640 -0.8674
v -0.8365 -1.9923 -0.8228
v -0.8245 -1.7545 -0.7930
v -0.7940 -1.5301 -0.7834
v 1.5120 -1.3473 1.0734
v 1.5699 -1.5759 1.1280
v 1.6075 -1.8393 1.1713
v 1.6476 -2.1085 1.2187
v 1.6983 -2.3884 1.2770
v 1.7479 -2.7133 1.3582
v 1.7971 -3.1183 1.4690
v 1.8474 -3.5666 1.6077
v 1.5063 -3.9863 2.0360
v 1.4836 -3.6147 1.8722
v 1.4608 -3.1262 1.6707
v 1.4377 -2.6889 1.5270
v 1.4200 -2.3526 1.4388
v 1.4001 -2.0748 1.3803
v 1.3818 -1.8131 1.3337
v 1.3626 -1.5577 1.2969
v 1.6614 -1.3600 0.8520
v 1.7170 -1.6025 0.8808
v 1.7410 -1.8804 0.8987
v 1.7591 -2.1646 0.9168
v 1.7927 -2.4562 0.9469
v 1.8384 -2.7748 0.9942
v 1.8862 -3.1419 1.0523
v 1.8957 -3.5372 1.1087
v -0.5325 -4.2691 -1.3485
v -0.5107 -3.8195 -1.2534
v -0.5257 -3.1934 -1.1159
v -0.5451 -2.6530 -1.0156
v -0.5557 -2.2714 -0.9531
v -0.5604 -1.9943 -0.9117
v -0.5493 -1.7564 -0.8834
v -0.5263 -1.5318 -0.8639
v 0.5703 -4.0298 1.8836
v 0.5740 -3.6074 1.8184
v 0.5854 -3.0576 1.7033
v 0.5955 -2.5804 1.5958
v 0.5961 -2.2309 1.5272
v 0.5968 -1.9661 1.4908
v 0.5972 -1.7315 1.4697
v 0.5872 -1.5075 1.4505
v 0.7623 -1.3394 -0.7605
v 0.7944 -1.5295 -0.7855
v 0.8254 -1.7539 -0.7954
v 0.8380 -1.9915 -0.8263
v 0.8397 -2.2627 -0.8730
v 0.8376 -2.6273 -0.9365
v 0.8253 -3.1199 -1.0252
v 0.7993 -3.6782 -1.1224
v 1.0433 -3.9671 -0.8754
v 1.0275 -3.5975 -0.8330
v 1.0319 -3.0944 -0.7819
v 1.0497 -2.6339 -0.7215
v 1.0661 -2.2811 -0.6924
v 1.0718 -2.0078 -0.6760
v 1.0668 -1.7641 -0.6612
v 1.0435 -1.5342 -0.6600
v 1.6047 -1.3575 -0.1428
v 1.6534 -1.5848 -0.1850
v 1.6793 -1.8478 -0.2217
v 1.7075 -2.1176 -0.2671
v 1.7370 -2.3992 -0.3262
v 1.7700 -2.7080 -0.4087
v 1.8274 -3.0373 -0.5476
v 1.8921 -3.3724 -0.7088
v 2.0825 -3.6480 -0.2340
v 2.0414 -3.4055 -0.1788
v 1.9989 -3.0828 -0.1067
v 1.9550 -2.7576 -0.0499
v 1.9063 -2.4507 -0.0083
v 1.8512 -2.1634 0.0275
v 1.8066 -1.8832 0.0488
v 1.7782 -1.6066 0.0599
v -0.2614 -4.4100 -1.4811
v -0.2499 -3.9343 -1.3758
v -0.2607 -3.2556 -1.2305
v -0.2711 -2.6723 -1.1109
v -0.2745 -2.2778 -1.0343
v -0.2735 -1.9977 -0.9831
v -0.2681 -1.7597 -0.9428
v -0.2600 -1.5344 -0.9079
v 1.4307 -1.3509 -0.3301
v 1.4814 -1.5623 -0.3691
v 1.5172 -1.8084 -0.4130
v 1.5452 -2.0605 -0.4788
v 1.5643 -2.3271 -0.5627
v 1.5671 -2.6396 -0.6673
v 1.5387 -3.0169 -0.7889
v 1.4980 -3.4164 -0.9128
v 0.2819 -1.3073 1.4182
v 0.3023 -1.4967 1.4609
v 0.3073 -1.7141 1.4773
v 0.3058 -1.9423 1.4936
v 0.3048 -2.2025 1.5177
v 0.3060 -2.5511 1.5664
v 0.2975 -3.0307 1.6408
v 0.2806 -3.5833 1.6873
v 0.0007 -3.9390 1.9626
v 0.0023 -3.5321 1.8706
v 0.0040 -3.0003 1.7279
v 0.0026 -2.5345 1.6029
v 0.0021 -2.1883 1.5548
v 0.0017 -1.9311 1.5225
v 0.0005 -1.7059 1.4972
v 0.0001 -1.4912 1.4741
v -0.2658 -3.9981 1.7203
v -0.2761 -3.5802 1.6870
v -0.2971 -3.0277 1.6488
v -0.3039 -2.5510 1.5678
v -0.3026 -2.2028 1.5224
v -0.3044 -1.9425 1.4975
v -0.3074 -1.7144 1.4791
v -0.3021 -1.4970 1.4612
v -1.3156 -1.3367 1.2474
v -1.3571 -1.5597 1.2901
v -1.3720 -1.8170 1.3190
v -1.3884 -2.0800 1.3601
v -1.4117 -2.3562 1.4201
v -1.4351 -2.6900 1.5140
v -1.4560 -3.1235 1.6683
v -1.4841 -3.6109 1.8726
v -1.8974 -3.9064 1.7176
v -1.8464 -3.5658 1.6002
v -1.7833 -3.1202 1.4605
v -1.7265 -2.7183 1.3452
v -1.6727 -2.3937 1.2660
v -1.6254 -2.1142 1.2067
v -1.5880 -1.8444 1.1605
v -1.5582 -1.5787 1.1231
v 0.2528 -1.3368 -0.8605
v 0.2592 -1.5343 -0.9074
v 0.2670 -1.7600 -0.9406
v 0.2720 -1.9982 -0.9796
v 0.2725 -2.2788 -1.0290
v 0.2683 -2.6739 -1.1022
v 0.2560 -3.2584 -1.2160
v 0.2421 -3.9387 -1.3533
v 0.5372 -4.2678 -1.3562
v 0.5157 -3.8184 -1.2592
v 0.5306 -3.1926 -1.1203
v 0.5482 -2.6522 -1.0191
v 0.5572 -2.2707 -0.9557
v 0.5614 -1.9939 -0.9135
v 0.5498 -1.7560 -0.8850
v 0.5267 -1.5314 -0.8657
v 1.2270 -1.3459 -0.4951
v 1.2649 -1.5479 -0.5089
v 1.2845 -1.7878 -0.5066
v 1.2981 -2.0390 -0.5107
v 1.3211 -2.3118 -0.5274
v 1.3464 -2.6476 -0.5702
v 1.3476 -3.0758 -0.6337
v 1.3491 -3.5386 -0.6698
v -1.4307 -1.3509 -0.3305
v -1.4817 -1.5617 -0.3706
v -1.5169 -1.8076 -0.4150
v -1.5426 -2.0594 -0.4822
v -1.5478 -2.3275 -0.5625
v -1.5355 -2.6412 -0.6625
v -1.5242 -3.0167 -0.7931
v -1.4895 -3.4166 -0.9172
v -1.3601 -3.8799 -0.6859
v -1.3521 -3.5376 -0.6690
v -1.3470 -3.0744 -0.6320
v -1.3322 -2.6498 -0.5617
v -1.3172 -2.3125 -0.5207
v -1.2981 -2.0391 -0.5041
v -1.2837 -1.7880 -0.5032
v -1.2645 -1.5482 -0.5079
v 0.0006 -1.3361 -0.8691
v 0.0005 -1.5342 -0.9228
v -0.0001 -1.7585 -0.9671
v -0.0006 -1.9948 -1.0183
v -0.0008 -2.2739 -1.0822
v -0.0007 -2.6716 -1.1723
v 0.0003 -3.2679 -1.3152
v 0.0013 -3.9597 -1.4857
v -1.7267 -1.3639 0.0826
v -1.7827 -1.6047 0.0535
v -1.8242 -1.8783 0.0336
v -1.8701 -2.1587 0.0108
v -1.9153 -2.4494 -0.0155
v -1.9593 -2.7578 -0.0538
v -2.0008 -3.0836 -0.1108
v -2.0386 -3.4073 -0.1802
v -1.9322 -3.6217 -0.8316
v -1.8793 -3.3717 -0.7098
v -1.8098 -3.0379 -0.5478
v -1.7496 -2.7088 -0.4089
v -1.7144 -2.4027 -0.3190
v -1.6913 -2.1199 -0.2633
v -1.6688 -1.8494 -0.2186
v -1.6483 -1.5857 -0.1835
v -1.6551 -1.3606 0.8557
v -1.7094 -1.6030 0.8821
v -1.7345 -1.8809 0.8950
v -1.7530 -2.1651 0.9128
v -1.7766 -2.4586 0.9378
v -1.8288 -2.7762 0.9858
v -1.8852 -3.1425 1.0436
v -1.9010 -3.5382 1.0965
v -2.3948 -3.5986 0.9266
v -2.3258 -3.3660 0.8688
v -2.2223 -3.0594 0.7786
v -2.1178 -2.7500 0.7058
v -2.0184 -2.4566 0.6512
v -1.9376 -2.1715 0.6193
v -1.8739 -1.8903 0.6066
v -1.8255 -1.6112 0.5977
v -2.4548 -3.5644 0.3020
v -2.3666 -3.3506 0.3113
v -2.2600 -3.0584 0.3162
v -2.1664 -2.7526 0.3132
v -2.0848 -2.4529 0.3101
v -2.0113 -2.1638 0.3089
v -1.9443 -1.8819 0.3118
v -1.8808 -1.6060 0.3177
v 1.8041 -1.3623 0.3319
v 1.8861 -1.6043 0.3153
v 1.9497 -1.8799 0.3073
v 2.0154 -2.1622 0.3044
v 2.0874 -2.4516 0.3055
v 2.1679 -2.7515 0.3098
v 2.2622 -3.0570 0.3159
v 2.3727 -3.3477 0.3130
v 2.4000 -3.5913 0.9267
v 2.3285 -3.3587 0.8691
v 2.2283 -3.0524 0.7759
v 2.1246 -2.7443 0.6992
v 2.0161 -2.4555 0.6431
v 1.9247 -2.1756 0.6075
v 1.8615 -1.8948 0.5940
v 1.8202 -1.6138 0.5881
v -1.0949 -4.0390 2.0918
v -1.1057 -3.6331 1.9553
v -1.1297 -3.1038 1.7752
v -1.1502 -2.6459 1.6206
v -1.1489 -2.3044 1.5273
v -1.1405 -2.0333 1.4701
v -1.1336 -1.7818 1.4322
v -1.1204 -1.5370 1.4074
v -0.4381 -1.4000 1.4410
v -0.4538 -1.6121 1.4606
v -0.4569 -1.8379 1.4755
v -0.4590 -2.0799 1.4958
v -0.4664 -2.3786 1.5288
v -0.4711 -2.7892 1.6125
v -0.4528 -3.3201 1.7013
v -0.4284 -3.8398 1.7630
v -1.2308 -1.4303 1.3473
v -1.2509 -1.6715 1.3704
v -1.2589 -1.9265 1.4046
v -1.2698 -2.1893 1.4506
v -1.2806 -2.4889 1.5179
v -1.2814 -2.8831 1.6319
v -1.2737 -3.3814 1.8017
v -1.2762 -3.8652 1.9866
v -1.1426 -1.4338 -0.5870
v -1.1670 -1.6554 -0.5814
v -1.1795 -1.8970 -0.5832
v -1.1848 -2.1531 -0.5935
v -1.1860 -2.4560 -0.6158
v -1.1874 -2.8522 -0.6626
v -1.1862 -3.3304 -0.7137
v -1.1822 -3.7757 -0.7377
v 1.7576 -1.4807 0.7323
v 1.7843 -1.7514 0.7396
v 1.8107 -2.0359 0.7506
v 1.8555 -2.3216 0.7636
v 1.9349 -2.6141 0.7998
v 2.0151 -2.9359 0.8459
v 2.0856 -3.2876 0.9095
v 2.1176 -3.6217 0.9683
v -0.9818 -1.4199 1.4247
v -1.0029 -1.6509 1.4410
v -1.0120 -1.8961 1.4518
v -1.0249 -2.1525 1.4724
v -1.0381 -2.4558 1.5165
v -1.0422 -2.8641 1.6196
v -1.0265 -3.3894 1.7568
v -1.0161 -3.9032 1.8948
v -1.6198 -1.4637 0.9983
v -1.6489 -1.7249 1.0265
v -1.6717 -2.0012 1.0572
v -1.6955 -2.2821 1.0967
v -1.7299 -2.5834 1.1496
v -1.7807 -2.9358 1.2274
v -1.8195 -3.3511 1.3160
v -1.8453 -3.7506 1.4074
v 1.1426 -1.4333 -0.5881
v 1.1674 -1.6548 -0.5828
v 1.1782 -1.8965 -0.5857
v 1.1811 -2.1525 -0.5975
v 1.1856 -2.4550 -0.6207
v 1.1872 -2.8512 -0.6666
v 1.1830 -3.3304 -0.7161
v 1.1781 -3.7753 -0.7417
v -1.8132 -1.4779 0.1942
v -1.8600 -1.7446 0.1833
v -1.9070 -2.0255 0.1742
v -1.9588 -2.3125 0.1677
v -2.0162 -2.6109 0.1611
v -2.0763 -2.9231 0.1491
v -2.1376 -3.2404 0.1256
v -2.1937 -3.5252 0.0835
v 0.6486 -1.4268 -0.8235
v 0.6759 -1.6401 -0.8364
v 0.6991 -1.8709 -0.8546
v 0.7009 -2.1215 -0.8869
v 0.6968 -2.4374 -0.9324
v 0.6860 -2.8817 -0.9999
v 0.6625 -3.4567 -1.1082
v 0.6416 -4.0046 -1.2137
v 1.8142 -1.4775 0.1956
v 1.8581 -1.7446 0.1862
v 1.9016 -2.0264 0.1804
v 1.9554 -2.3126 0.1730
v 2.0143 -2.6103 0.1642
v 2.0752 -2.9224 0.1535
v 2.1405 -3.2389 0.1299
v 2.2017 -3.5219 0.0846
v 1.8373 -1.4794 0.4537
v 1.8867 -1.7492 0.4496
v 1.9413 -2.0323 0.4505
v 2.0095 -2.3173 0.4607
v 2.0896 -2.6094 0.4839
v 2.1828 -2.9108 0.5223
v 2.2925 -3.2117 0.5732
v 2.4361 -3.4598 0.6075
v -1.8337 -1.4796 0.4563
v -1.8846 -1.7494 0.4567
v -1.9424 -2.0317 0.4599
v -2.0092 -2.3176 0.4702
v -2.0889 -2.6107 0.4935
v -2.1801 -2.9138 0.5272
v -2.2879 -3.2165 0.5729
v -2.4299 -3.4661 0.6066
v -0.1264 -1.4297 -0.8965
v -0.1303 -1.6470 -0.9327
v -0.1330 -1.8780 -0.9715
v -0.1342 -2.1307 -1.0175
v -0.1335 -2.4596 -1.0812
v -0.1274 -2.9508 -1.1834
v -0.1153 -3.6247 -1.3343
v -0.1113 -4.2489 -1.4794
v -1.5534 -1.4552 -0.2663
v -1.5843 -1.6994 -0.3033
v -1.6061 -1.9581 -0.3572
v -1.6204 -2.2242 -0.4237
v -1.6261 -2.5158 -0.5019
v -1.6425 -2.8513 -0.6122
v -1.6624 -3.2206 -0.7584
v -1.7066 -3.5442 -0.9250
v -1.7521 -1.4804 0.7366
v -1.7795 -1.7508 0.7371
v -1.8105 -2.0344 0.7411
v -1.8529 -2.3215 0.7540
v -1.9242 -2.6179 0.7856
v -2.0096 -2.9378 0.8399
v -2.0831 -3.2883 0.9084
v -2.1157 -3.6218 0.9671
v -1.7033 -1.4701 -0.0585
v -1.7299 -1.7294 -0.0844
v -1.7587 -2.0036 -0.1121
v -1.7873 -2.2851 -0.1465
v -1.8159 -2.5830 -0.1973
v -1.8535 -2.9030 -0.2784
v -1.9031 -3.2367 -0.3924
v -1.9589 -3.5430 -0.4981
v 0.1265 -1.4294 -0.8965
v 0.1290 -1.6469 -0.9319
v 0.1309 -1.8780 -0.9699
v 0.1318 -2.1308 -1.0159
v 0.1310 -2.4598 -1.0788
v 0.1259 -2.9513 -1.1798
v 0.1150 -3.6256 -1.3290
v 0.1140 -4.2497 -1.4743
v -1.3579 -1.4436 -0.4321
v -1.3883 -1.6754 -0.4419
v -1.4132 -1.9246 -0.4630
v -1.4338 -2.1837 -0.4985
v -1.4409 -2.4785 -0.5498
v -1.4482 -2.8423 -0.6375
v -1.4347 -3.2720 -0.7306
v -1.4258 -3.6748 -0.8046
v 1.3576 -1.4433 -0.4321
v 1.3878 -1.6753 -0.4422
v 1.4119 -1.9246 -0.4643
v 1.4342 -2.1835 -0.5001
v 1.4542 -2.4766 -0.5569
v 1.4575 -2.8417 -0.6393
v 1.4366 -3.2728 -0.7281
v 1.4281 -3.6748 -0.8030
v 0.3855 -1.4286 -0.8754
v 0.3996 -1.6446 -0.9008
v 0.4134 -1.8758 -0.9287
v 0.4173 -2.1282 -0.9648
v 0.4161 -2.4529 -1.0155
v 0.4093 -2.9261 -1.0954
v 0.3948 -3.5667 -1.2133
v 0.3894 -4.1662 -1.3381
v -1.4425 -1.4507 1.1881
v -1.4648 -1.7034 1.2138
v -1.4855 -1.9703 1.2443
v -1.5173 -2.2411 1.2881
v -1.5576 -2.5400 1.3516
v -1.6022 -2.9124 1.4625
v -1.6546 -3.3653 1.6314
v -1.6968 -3.8054 1.8094
v 0.4378 -1.3993 1.4427
v 0.4533 -1.6113 1.4620
v 0.4562 -1.8369 1.4782
v 0.4588 -2.0787 1.4990
v 0.4650 -2.3771 1.5356
v 0.4665 -2.7886 1.6184
v 0.4527 -3.3207 1.7080
v 0.4324 -3.8395 1.7766
v -0.1471 -1.3921 1.4584
v -0.1561 -1.5991 1.4806
v -0.1560 -1.8199 1.4988
v -0.1540 -2.0570 1.5233
v -0.1526 -2.3523 1.5545
v -0.1550 -2.7619 1.6273
v -0.1466 -3.2863 1.7269
v -0.1354 -3.7956 1.8121
v 1.2327 -1.4311 1.3472
v 1.2541 -1.6721 1.3711
v 1.2638 -1.9270 1.4048
v 1.2732 -2.1899 1.4514
v 1.2811 -2.4895 1.5195
v 1.2797 -2.8830 1.6353
v 1.2735 -3.3815 1.8049
v 1.2741 -3.8655 1.9884
v 0.1474 -1.3921 1.4582
v 0.1567 -1.5991 1.4799
v 0.1588 -1.8200 1.4973
v 0.1602 -2.0572 1.5206
v 0.1607 -2.3524 1.5522
v 0.1647 -2.7624 1.6249
v 0.1551 -3.2868 1.7286
v 0.1387 -3.7960 1.8125
v 1.5545 -1.4551 -0.2660
v 1.5885 -1.6990 -0.3035
v 1.6139 -1.9577 -0.3568
v 1.6335 -2.2235 -0.4230
v 1.6470 -2.5145 -0.5032
v 1.6596 -2.8516 -0.6083
v 1.6743 -3.2214 -0.7525
v 1.7133 -3.5479 -0.9163
v -0.3854 -1.4289 -0.8744
v -0.3995 -1.6447 -0.9006
v -0.4133 -1.8758 -0.9290
v -0.4171 -2.1281 -0.9653
v -0.4156 -2.4527 -1.0170
v -0.4079 -2.9254 -1.0991
v -0.3936 -3.5652 -1.2215
v -0.3916 -4.1636 -1.3514
v 1.7044 -1.4705 -0.0571
v 1.7284 -1.7304 -0.0809
v 1.7525 -2.0054 -0.1050
v 1.7864 -2.2854 -0.1440
v 1.8207 -2.5820 -0.1991
v 1.8592 -2.9021 -0.2797
v 1.9101 -3.2356 -0.3940
v 1.9675 -3.5423 -0.4981
v 0.9063 -1.4280 -0.7268
v 0.9378 -1.6421 -0.7267
v 0.9552 -1.8762 -0.7388
v 0.9543 -2.1277 -0.7621
v 0.9455 -2.4362 -0.7927
v 0.9258 -2.8555 -0.8458
v 0.9052 -3.3718 -0.9280
v 0.9007 -3.8591 -1.0003
v 0.7128 -1.4071 1.4421
v 0.7328 -1.6259 1.4649
v 0.7374 -1.8595 1.4821
v 0.7416 -2.1078 1.5105
v 0.7487 -2.4096 1.5583
v 0.7491 -2.8258 1.6341
v 0.7468 -3.3616 1.7306
v 0.7559 -3.8861 1.8156
v -0.6482 -1.4273 -0.8214
v -0.6753 -1.6406 -0.8342
v -0.6981 -1.8715 -0.8526
v -0.6996 -2.1222 -0.8844
v -0.6946 -2.4383 -0.9292
v -0.6827 -2.8827 -0.9963
v -0.6561 -3.4586 -1.0984
v -0.6297 -4.0069 -1.1984
v 1.6263 -1.4628 0.9955
v 1.6581 -1.7232 1.0277
v 1.6826 -1.9989 1.0606
v 1.7089 -2.2795 1.0998
v 1.7459 -2.5805 1.1538
v 1.7853 -2.9342 1.2308
v 1.8163 -3.3485 1.3291
v 1.8388 -3.7492 1.4191
v 1.4515 -1.4462 1.1976
v 1.4809 -1.6959 1.2336
v 1.5071 -1.9602 1.2721
v 1.5381 -2.2335 1.3133
v 1.5760 -2.5330 1.3790
v 1.6174 -2.9094 1.4835
v 1.6594 -3.3700 1.6334
v 1.6948 -3.8103 1.8109
v -0.9062 -1.4286 -0.7253
v -0.9377 -1.6427 -0.7254
v -0.9560 -1.8766 -0.7377
v -0.9566 -2.1281 -0.7613
v -0.9487 -2.4366 -0.7919
v -0.9307 -2.8566 -0.8451
v -0.9094 -3.3738 -0.9237
v -0.9038 -3.8583 -1.0061
v -0.7129 -1.4076 1.4390
v -0.7318 -1.6267 1.4608
v -0.7376 -1.8605 1.4744
v -0.7452 -2.1089 1.4990
v -0.7513 -2.4111 1.5436
v -0.7518 -2.8275 1.6197
v -0.7454 -3.3644 1.7107
v -0.7496 -3.8913 1.7828
v 0.9838 -1.4200 1.4241
v 1.0038 -1.6503 1.4402
v 1.0124 -1.8951 1.4514
v 1.0223 -2.1534 1.4767
v 1.0344 -2.4556 1.5269
v 1.0368 -2.8619 1.6318
v 1.0228 -3.3897 1.7590
v 1.0126 -3.9076 1.8828
v 1.3804 -2.6418 1.3152
v 1.4379 -2.9314 1.3398
v 1.4821 -3.2503 1.3945
v 1.5214 -3.5710 1.4578
v 1.5675 -3.8929 1.5255
v 1.6189 -4.2496 1.6107
v 1.6771 -4.7260 1.7616
v 1.7443 -5.3262 2.0171
v 1.3653 -5.9391 2.2865
v 1.3794 -5.3673 2.1233
v 1.3709 -4.6893 1.9105
v 1.3400 -4.1892 1.7672
v 1.3060 -3.8407 1.6720
v 1.2708 -3.5325 1.5928
v 1.2339 -3.2241 1.5167
v 1.1831 -2.9148 1.4517
v -1.6652 -2.6717 -0.1273
v -1.7068 -2.9649 -0.1488
v -1.7428 -3.2917 -0.1843
v -1.7736 -3.6248 -0.2219
v -1.8081 -3.9636 -0.2549
v -1.8353 -4.3269 -0.2979
v -1.8625 -4.7300 -0.3953
v -1.8478 -5.1648 -0.5112
v -1.7167 -5.5870 -1.0363
v -1.7225 -5.1900 -0.9346
v -1.7442 -4.6839 -0.7809
v -1.7347 -4.2495 -0.6457
v -1.6998 -3.9010 -0.5446
v -1.6495 -3.5835 -0.4669
v -1.5982 -3.2679 -0.3985
v -1.5423 -2.9545 -0.3447
v 0.2730 -2.6506 -0.8140
v 0.2979 -2.9029 -0.8479
v 0.3250 -3.1870 -0.8812
v 0.3407 -3.4864 -0.9365
v 0.3409 -3.8135 -1.0094
v 0.3374 -4.2642 -1.1238
v 0.3338 -5.0034 -1.3302
v 0.3380 -5.9035 -1.5898
v 0.6736 -6.3344 -1.4655
v 0.6434 -5.7790 -1.3670
v 0.6434 -4.9371 -1.2015
v 0.6481 -4.2503 -1.0402
v 0.6504 -3.8200 -0.9488
v 0.6460 -3.4986 -0.8853
v 0.6278 -3.1991 -0.8352
v 0.5894 -2.9122 -0.8016
v -0.2723 -2.6531 -0.8052
v -0.2969 -2.9043 -0.8461
v -0.3238 -3.1881 -0.8794
v -0.3422 -3.4875 -0.9335
v -0.3428 -3.8143 -1.0074
v -0.3370 -4.2646 -1.1231
v -0.3337 -5.0035 -1.3312
v -0.3390 -5.9032 -1.5924
v 0.0018 -6.5354 -1.8817
v 0.0011 -5.9409 -1.6979
v 0.0009 -5.0197 -1.3988
v 0.0006 -4.2669 -1.1563
v 0.0007 -3.8114 -1.0257
v 0.0008 -3.4831 -0.9466
v 0.0008 -3.1836 -0.8916
v 0.0004 -2.9000 -0.8606
v 1.2709 -2.6686 -0.4613
v 1.3215 -2.9521 -0.4655
v 1.3656 -3.2692 -0.4713
v 1.4029 -3.5857 -0.4800
v 1.4482 -3.9004 -0.4987
v 1.4781 -4.2588 -0.5496
v 1.5055 -4.7439 -0.6231
v 1.5121 -5.3430 -0.6736
v 1.7386 -5.5856 -1.0240
v 1.7484 -5.1898 -0.9188
v 1.7734 -4.6862 -0.7580
v 1.7557 -4.2518 -0.6247
v 1.7144 -3.9020 -0.5308
v 1.6599 -3.5829 -0.4618
v 1.6065 -3.2660 -0.4006
v 1.5503 -2.9511 -0.3530
v -1.1153 -2.6371 1.3853
v -1.1719 -2.9169 1.4382
v -1.2190 -3.2255 1.5072
v -1.2556 -3.5345 1.5810
v -1.2909 -3.8435 1.6574
v -1.3265 -4.1930 1.7491
v -1.3579 -4.6950 1.8858
v -1.3713 -5.3745 2.0946
v -1.8002 -5.8239 2.2071
v -1.7401 -5.3320 1.9924
v -1.6728 -4.7334 1.7345
v -1.6126 -4.2568 1.5858
v -1.5576 -3.9002 1.5023
v -1.5099 -3.5781 1.4374
v -1.4703 -3.2566 1.3779
v -1.4264 -2.9376 1.3273
v -0.0066 -2.6157 1.4664
v -0.0016 -2.8853 1.5178
v -0.0010 -3.1832 1.5667
v 0.0011 -3.4718 1.6203
v 0.0025 -3.7547 1.6739
v 0.0027 -4.0903 1.7309
v 0.0019 -4.6052 1.8446
v 0.0018 -5.3320 1.9943
v -0.3243 -5.9997 1.8268
v -0.3246 -5.3808 1.7563
v -0.3278 -4.6454 1.6624
v -0.3194 -4.1245 1.5853
v -0.3136 -3.7849 1.5474
v -0.3132 -3.4940 1.5274
v -0.3149 -3.1984 1.5127
v -0.3090 -2.8956 1.4964
v -1.9018 -5.7742 1.6761
v -1.8655 -5.3392 1.5360
v -1.8329 -4.7897 1.3857
v -1.7861 -4.3311 1.2942
v -1.7352 -3.9630 1.2442
v -1.6955 -3.6243 1.2074
v -1.6701 -3.2883 1.1811
v -1.6277 -2.9581 1.1455
v 1.0698 -6.0607 -1.4616
v 1.0105 -5.5566 -1.3166
v 0.9623 -4.8289 -1.0790
v 0.9156 -4.2335 -0.8920
v 0.8950 -3.8400 -0.7946
v 0.8929 -3.5268 -0.7405
v 0.8801 -3.2243 -0.7139
v 0.8511 -2.9274 -0.7070
v 1.0455 -6.0232 2.0441
v 1.0375 -5.4109 1.9424
v 1.0226 -4.6898 1.7927
v 1.0112 -4.1770 1.6693
v 0.9808 -3.8288 1.6095
v 0.9577 -3.5247 1.5641
v 0.9335 -3.2182 1.5223
v 0.8996 -2.9091 1.4808
v -0.5749 -2.6258 1.4543
v -0.6101 -2.8997 1.5067
v -0.6243 -3.2033 1.5542
v -0.6325 -3.5012 1.5996
v -0.6424 -3.7952 1.6466
v -0.6487 -4.1382 1.7009
v -0.6536 -4.6585 1.7927
v -0.6590 -5.3930 1.9076
v -1.0012 -5.9994 2.1569
v -1.0037 -5.3904 2.0380
v -1.0099 -4.6795 1.8468
v -1.0119 -4.1726 1.7024
v -0.9854 -3.8271 1.6270
v -0.9562 -3.5251 1.5705
v -0.9279 -3.2201 1.5193
v -0.8959 -2.9115 1.4720
v 1.6716 -2.6700 -0.1340
v 1.7093 -2.9642 -0.1482
v 1.7392 -3.2918 -0.1783
v 1.7647 -3.6257 -0.2088
v 1.8083 -3.9624 -0.2431
v 1.8415 -4.3221 -0.2896
v 1.8712 -4.7257 -0.3857
v 1.8519 -5.1634 -0.5002
v 2.3163 -5.3340 -0.2853
v 2.2718 -5.0529 -0.2206
v 2.2093 -4.6860 -0.1192
v 2.1299 -4.3214 -0.0398
v 2.0421 -3.9751 0.0082
v 1.9646 -3.6381 0.0411
v 1.9021 -3.3016 0.0663
v 1.8469 -2.9704 0.0904
v -1.0361 -2.6684 -0.5703
v -1.0842 -2.9435 -0.5775
v -1.1140 -3.2502 -0.5817
v -1.1280 -3.5583 -0.5910
v -1.1309 -3.8713 -0.6062
v -1.1384 -4.2436 -0.6560
v -1.1481 -4.7872 -0.7390
v -1.1358 -5.4564 -0.8535
v -1.0700 -6.0648 -1.4587
v -1.0165 -5.5582 -1.3236
v -0.9792 -4.8267 -1.0953
v -0.9335 -4.2287 -0.9159
v -0.9079 -3.8361 -0.8163
v -0.9013 -3.5241 -0.7564
v -0.8865 -3.2222 -0.7204
v -0.8531 -2.9259 -0.7058
v 1.8675 -2.6704 0.3746
v 1.9117 -2.9737 0.3754
v 1.9601 -3.3116 0.3767
v 2.0086 -3.6559 0.3787
v 2.0628 -4.0024 0.3835
v 2.1247 -4.3561 0.3913
v 2.1835 -4.7190 0.4038
v 2.2656 -5.0693 0.4204
v 2.5466 -5.3011 1.1110
v 2.4505 -5.0283 1.0315
v 2.3405 -4.6742 0.8995
v 2.2394 -4.3180 0.7987
v 2.1331 -3.9747 0.7458
v 2.0364 -3.6389 0.7120
v 1.9601 -3.3010 0.6876
v 1.8952 -2.9662 0.6692
v -1.2635 -2.6724 -0.4487
v -1.3185 -2.9545 -0.4622
v -1.3618 -3.2695 -0.4717
v -1.3955 -3.5861 -0.4830
v -1.4390 -3.9021 -0.5020
v -1.4694 -4.2601 -0.5528
v -1.5014 -4.7446 -0.6252
v -1.5052 -5.3444 -0.6741
v 0.5735 -2.6206 1.4632
v 0.6063 -2.8937 1.5107
v 0.6241 -3.1962 1.5618
v 0.6365 -3.4932 1.6124
v 0.6440 -3.7863 1.6650
v 0.6493 -4.1278 1.7274
v 0.6554 -4.6433 1.8420
v 0.6547 -5.3721 1.9887
v 0.3357 -5.9999 1.8371
v 0.3380 -5.3805 1.7603
v 0.3385 -4.6451 1.6656
v 0.3271 -4.1241 1.5854
v 0.3193 -3.7846 1.5470
v 0.3154 -3.4946 1.5244
v 0.3151 -3.1989 1.5057
v 0.3062 -2.8958 1.4851
v -0.6675 -6.3383 -1.4485
v -0.6421 -5.7821 -1.3509
v -0.6418 -4.9401 -1.1863
v -0.6436 -4.2525 -1.0288
v -0.6470 -3.8214 -0.9417
v -0.6468 -3.4997 -0.8800
v -0.6290 -3.2006 -0.8298
v -0.5881 -2.9137 -0.7973
v 1.9878 -5.6028 1.1889
v 2.0273 -5.2447 1.1304
v 1.9798 -4.7819 1.0444
v 1.9191 -4.3655 0.9885
v 1.8539 -4.0000 0.9625
v 1.8089 -3.6541 0.9448
v 1.7931 -3.3077 0.9365
v 1.7542 -2.9711 0.9116
v -1.8377 -2.6762 0.3754
v -1.8867 -2.9783 0.3809
v -1.9328 -3.3162 0.3923
v -1.9748 -3.6606 0.4076
v -2.0318 -4.0066 0.4203
v -2.0886 -4.3609 0.4306
v -2.1539 -4.7218 0.4462
v -2.2276 -5.0717 0.4674
v -2.3138 -5.3419 -0.2400
v -2.2624 -5.0624 -0.1733
v -2.1950 -4.6956 -0.0738
v -2.1156 -4.3296 -0.0006
v -2.0286 -3.9819 0.0375
v -1.9535 -3.6436 0.0576
v -1.8961 -3.3054 0.0732
v -1.8413 -2.9736 0.0913
v -1.9842 -5.6045 1.1928
v -2.0297 -5.2478 1.1244
v -1.9864 -4.7835 1.0389
v -1.9238 -4.3672 0.9884
v -1.8582 -4.0034 0.9518
v -1.8156 -3.6582 0.9273
v -1.7978 -3.3124 0.9236
v -1.7477 -2.9736 0.9055
v 1.1715 -5.9430 -0.9405
v 1.1654 -5.4551 -0.8628
v 1.1669 -4.7851 -0.7432
v 1.1573 -4.2418 -0.6563
v 1.1445 -3.8695 -0.6088
v 1.1334 -3.5568 -0.5933
v 1.1172 -3.2492 -0.5837
v 1.0846 -2.9431 -0.5843
v 1.5871 -2.6558 1.1324
v 1.6245 -2.9560 1.1484
v 1.6585 -3.2859 1.1867
v 1.6751 -3.6220 1.2179
v 1.7078 -3.9618 1.2547
v 1.7553 -4.3295 1.3038
v 1.7997 -4.7875 1.3994
v 1.8324 -5.3362 1.5516
v -2.5228 -5.3036 1.1311
v -2.4427 -5.0269 1.0518
v -2.3402 -4.6710 0.9189
v -2.2435 -4.3144 0.8151
v -2.1471 -3.9684 0.7597
v -2.0530 -3.6315 0.7258
v -1.9670 -3.2966 0.6953
v -1.8873 -2.9655 0.6711
v -1.7575 -2.8138 -0.0232
v -1.8011 -3.1332 -0.0463
v -1.8416 -3.4686 -0.0699
v -1.8883 -3.8068 -0.0885
v -1.9498 -4.1531 -0.1102
v -2.0075 -4.5233 -0.1623
v -2.0409 -4.9244 -0.2545
v -2.0444 -5.3022 -0.3457
v -1.8641 -2.8138 0.5237
v -1.9179 -3.1392 0.5457
v -1.9789 -3.4785 0.5748
v -2.0492 -3.8189 0.6045
v -2.1280 -4.1642 0.6350
v -2.2042 -4.5187 0.6850
v -2.3041 -4.8712 0.7602
v -2.4567 -5.1638 0.8072
v 1.6778 -2.8063 1.0240
v 1.7134 -3.1307 1.0524
v 1.7209 -3.4700 1.0770
v 1.7205 -3.8138 1.0921
v 1.7720 -4.1643 1.1177
v 1.8256 -4.5634 1.1560
v 1.8664 -5.0474 1.2480
v 1.8289 -5.5357 1.3521
v -1.4038 -2.8054 -0.4003
v -1.4599 -3.1096 -0.4230
v -1.5076 -3.4271 -0.4555
v -1.5523 -3.7428 -0.5008
v -1.5926 -4.0707 -0.5642
v -1.6172 -4.4688 -0.6602
v -1.6192 -4.9904 -0.7704
v -1.6027 -5.5255 -0.8542
v 1.1792 -2.8008 -0.5240
v 1.2239 -3.1021 -0.5274
v 1.2504 -3.4166 -0.5270
v 1.2773 -3.7263 -0.5355
v 1.3019 -4.0548 -0.5524
v 1.3214 -4.4805 -0.6161
v 1.3311 -5.0771 -0.6790
v 1.3057 -5.6740 -0.7195
v 0.1451 -2.7468 1.4825
v 0.1524 -3.0402 1.5186
v 0.1499 -3.3394 1.5484
v 0.1435 -3.6264 1.5786
v 0.1403 -3.9266 1.6160
v 0.1475 -4.3357 1.6859
v 0.1663 -4.9743 1.8141
v 0.1739 -5.7077 1.9334
v -1.7941 -2.8123 0.7801
v -1.8540 -3.1374 0.7953
v -1.9159 -3.4775 0.8086
v -1.9786 -3.8190 0.8247
v -2.0629 -4.1638 0.8658
v -2.1444 -4.5311 0.9321
v -2.2230 -4.9318 1.0410
v -2.2596 -5.3247 1.1465
v -0.4470 -2.7509 1.4758
v -0.4664 -3.0459 1.5177
v -0.4736 -3.3482 1.5482
v -0.4802 -3.6395 1.5836
v -0.4900 -3.9432 1.6304
v -0.4983 -4.3562 1.6909
v -0.4949 -5.0024 1.7800
v -0.4930 -5.7413 1.8826
v 1.5166 -2.7888 1.2374
v 1.5542 -3.1060 1.2693
v 1.5797 -3.4348 1.3146
v 1.6074 -3.7644 1.3642
v 1.6456 -4.1055 1.4224
v 1.6949 -4.5124 1.5132
v 1.7530 -5.0455 1.6870
v 1.8419 -5.5997 1.9100
v 0.9498 -2.7931 -0.6473
v 0.9858 -3.0854 -0.6458
v 1.0082 -3.3896 -0.6548
v 1.0135 -3.6946 -0.6835
v 1.0165 -4.0284 -0.7340
v 1.0396 -4.4915 -0.8422
v 1.0715 -5.1534 -1.0186
v 1.1128 -5.7942 -1.1894
v -1.6721 -2.8066 1.0214
v -1.7150 -3.1303 1.0506
v -1.7312 -3.4724 1.0668
v -1.7347 -3.8156 1.0814
v -1.7862 -4.1664 1.1164
v -1.8409 -4.5659 1.1529
v -1.8818 -5.0508 1.2391
v -1.8475 -5.5389 1.3504
v -1.8472 -2.8173 0.2322
v -1.8923 -3.1422 0.2247
v -1.9377 -3.4830 0.2206
v -1.9872 -3.8266 0.2165
v -2.0546 -4.1735 0.2032
v -2.1185 -4.5323 0.1743
v -2.1910 -4.8964 0.1315
v -2.2859 -5.2182 0.1022
v 1.8640 -2.8146 0.2330
v 1.9086 -3.1394 0.2214
v 1.9561 -3.4797 0.2074
v 2.0106 -3.8220 0.1886
v 2.0792 -4.1679 0.1637
v 2.1498 -4.5249 0.1290
v 2.2201 -4.8889 0.0831
v 2.3188 -5.2106 0.0525
v 0.1425 -2.7682 -0.8434
v 0.1564 -3.0401 -0.8710
v 0.1704 -3.3324 -0.9140
v 0.1758 -3.6420 -0.9777
v 0.1767 -4.0143 -1.0674
v 0.1756 -4.6050 -1.2306
v 0.1712 -5.4934 -1.4967
v 0.1726 -6.3031 -1.7382
v 0.7375 -2.7546 1.4818
v 0.7671 -3.0533 1.5209
v 0.7848 -3.3607 1.5557
v 0.7963 -3.6599 1.5950
v 0.8076 -3.9721 1.6391
v 0.8251 -4.3840 1.7252
v 0.8443 -5.0170 1.8726
v 0.8508 -5.7509 2.0032
v 1.8066 -2.8101 0.7855
v 1.8562 -3.1369 0.8011
v 1.9067 -3.4787 0.8164
v 1.9696 -3.8203 0.8323
v 2.0566 -4.1652 0.8648
v 2.1420 -4.5327 0.9253
v 2.2235 -4.9330 1.0354
v 2.2750 -5.3237 1.1388
v -0.4254 -2.7752 -0.8112
v -0.4633 -3.0488 -0.8412
v -0.4945 -3.3413 -0.8848
v -0.5048 -3.6488 -0.9452
v -0.5035 -4.0134 -1.0231
v -0.5016 -4.5798 -1.1598
v -0.5014 -5.4242 -1.3698
v -0.5085 -6.1986 -1.5550
v -0.6985 -2.7819 -0.7475
v -0.7464 -3.0626 -0.7657
v -0.7721 -3.3598 -0.7974
v -0.7767 -3.6652 -0.8483
v -0.7825 -4.0141 -0.9184
v -0.8014 -4.5317 -1.0406
v -0.8259 -5.2879 -1.2303
v -0.8539 -5.9934 -1.4068
v -1.0095 -2.7666 1.4318
v -1.0557 -3.0666 1.4857
v -1.0928 -3.3762 1.5465
v -1.1245 -3.6811 1.6083
v -1.1550 -3.9990 1.6752
v -1.1792 -4.4117 1.7722
v -1.1941 -5.0316 1.9338
v -1.1928 -5.7387 2.1125
v 0.4452 -2.7507 1.4780
v 0.4674 -3.0455 1.5146
v 0.4768 -3.3473 1.5493
v 0.4868 -3.6381 1.5873
v 0.4963 -3.9413 1.6350
v 0.5076 -4.3534 1.7014
v 0.5053 -4.9966 1.8082
v 0.5002 -5.7348 1.9181
v 1.6149 -2.8044 -0.2478
v 1.6586 -3.1162 -0.2779
v 1.6940 -3.4412 -0.3262
v 1.7329 -3.7676 -0.3786
v 1.7637 -4.1059 -0.4407
v 1.7947 -4.4901 -0.5308
v 1.8116 -4.9426 -0.6733
v 1.8298 -5.3815 -0.8096
v -1.1765 -2.8026 -0.5148
v -1.2205 -3.1034 -0.5256
v -1.2477 -3.4172 -0.5290
v -1.2707 -3.7278 -0.5385
v -1.2911 -4.0565 -0.5544
v -1.3149 -4.4817 -0.6172
v -1.3226 -5.0772 -0.6763
v -1.2936 -5.6754 -0.7180
v 1.8898 -2.8108 0.5208
v 1.9367 -3.1381 0.5326
v 1.9900 -3.4797 0.5504
v 2.0542 -3.8218 0.5745
v 2.1347 -4.1660 0.6072
v 2.2166 -4.5194 0.6571
v 2.3147 -4.8729 0.7296
v 2.4751 -5.1623 0.7771
v -0.9474 -2.7908 -0.6422
v -0.9863 -3.0824 -0.6462
v -1.0065 -3.3871 -0.6594
v -1.0119 -3.6922 -0.6896
v -1.0123 -4.0254 -0.7445
v -1.0343 -4.4895 -0.8488
v -1.0658 -5.1535 -1.0162
v -1.1026 -5.7941 -1.1881
v 1.7618 -2.8125 -0.0237
v 1.8036 -3.1322 -0.0451
v 1.8424 -3.4673 -0.0695
v 1.8941 -3.8044 -0.0901
v 1.9549 -4.1494 -0.1179
v 2.0161 -4.5191 -0.1710
v 2.0482 -4.9198 -0.2674
v 2.0410 -5.2975 -0.3589
v -0.7376 -2.7584 1.4722
v -0.7655 -3.0573 1.5134
v -0.7816 -3.3646 1.5501
v -0.7992 -3.6630 1.5912
v -0.8176 -3.9744 1.6374
v -0.8356 -4.3858 1.7243
v -0.8411 -5.0195 1.8678
v -0.8435 -5.7524 2.0012
v 1.0165 -2.7651 1.4444
v 1.0660 -3.0658 1.4954
v 1.1049 -3.3753 1.5542
v 1.1347 -3.6805 1.6142
v 1.1655 -3.9986 1.6781
v 1.1946 -4.4117 1.7725
v 1.2179 -5.0336 1.9263
v 1.2197 -5.7436 2.0904
v 0.7013 -2.7813 -0.7536
v 0.7443 -3.0634 -0.7681
v 0.7674 -3.3613 -0.7943
v 0.7736 -3.6670 -0.8418
v 0.7783 -4.0159 -0.9129
v 0.7949 -4.5333 -1.0365
v 0.8190 -5.2882 -1.2295
v 0.8526 -5.9918 -1.4111
v -1.5071 -2.7928 1.2286
v -1.5557 -3.1083 1.2627
v -1.5856 -3.4377 1.3022
v -1.6195 -3.7673 1.3473
v -1.6650 -4.1082 1.4025
v -1.7198 -4.5151 1.4896
v -1.7752 -5.0495 1.6594
v -1.8532 -5.6023 1.8918
v -0.1507 -2.7467 1.4818
v -0.1541 -3.0399 1.5195
v -0.1489 -3.3389 1.5482
v -0.1396 -3.6258 1.5773
v -0.1340 -3.9263 1.6151
v -0.1402 -4.3358 1.6847
v -0.1606 -4.9737 1.8140
v -0.1686 -5.7069 1.9312
v -1.2764 -2.7775 1.3705
v -1.3272 -3.0839 1.4169
v -1.3634 -3.4016 1.4767
v -1.3981 -3.7172 1.5414
v -1.4384 -4.0440 1.6157
v -1.4894 -4.4519 1.7257
v -1.5459 -5.0314 1.9217
v -1.5833 -5.6726 2.1567
v 1.4122 -2.8027 -0.4040
v 1.4661 -3.1089 -0.4240
v 1.5163 -3.4277 -0.4518
v 1.5657 -3.7428 -0.4956
v 1.6088 -4.0710 -0.5568
v 1.6353 -4.4699 -0.6499
v 1.6384 -4.9912 -0.7613
v 1.6152 -5.5233 -0.8521
v -0.1423 -2.7688 -0.8420
v -0.1550 -3.0406 -0.8705
v -0.1689 -3.3328 -0.9130
v -0.1753 -3.6424 -0.9765
v -0.1754 -4.0146 -1.0666
v -0.1736 -4.6052 -1.2306
v -0.1698 -5.4935 -1.4971
v -0.1710 -6.3029 -1.7397
v 0.4265 -2.7731 -0.8172
v 0.4644 -3.0471 -0.8445
v 0.4932 -3.3398 -0.8898
v 0.5025 -3.6476 -0.9495
v 0.5041 -4.0122 -1.0278
v 0.5029 -4.5787 -1.1643
v 0.5021 -5.4229 -1.3747
v 0.5094 -6.1975 -1.5592
v -1.6054 -2.8069 -0.2387
v -1.6512 -3.1174 -0.2762
v -1.6906 -3.4410 -0.3319
v -1.7294 -3.7659 -0.3929
v -1.7594 -4.1048 -0.4578
v -1.7824 -4.4885 -0.5535
v -1.7964 -4.9407 -0.6949
v -1.8272 -5.3776 -0.8335
v 1.2865 -2.7719 1.3878
v 1.3419 -3.0788 1.4303
v 1.3792 -3.3962 1.4917
v 1.4148 -3.7109 1.5596
v 1.4545 -4.0375 1.6349
v 1.5031 -4.4450 1.7470
v 1.5569 -5.0228 1.9492
v 1.5867 -5.6631 2.1876
v 1.5760 -5.3544 2.0754
v 1.5308 -4.7120 1.8354
v 1.4769 -4.2240 1.6831
v 1.4342 -3.8702 1.5954
v 1.3965 -3.5538 1.5251
v 1.3619 -3.2376 1.4597
v 1.3163 -2.9221 1.4057
v 1.2553 -2.6365 1.3731
v -1.8066 -5.1727 -0.7698
v -1.7922 -4.7070 -0.6210
v -1.7690 -4.2887 -0.4991
v -1.7469 -3.9316 -0.4242
v -1.7100 -3.6031 -0.3624
v -1.6711 -3.2790 -0.3024
v -1.6288 -2.9586 -0.2541
v -1.5803 -2.6702 -0.2288
v 0.5029 -5.8521 -1.4782
v 0.5025 -4.9768 -1.2648
v 0.5037 -4.2589 -1.0852
v 0.5040 -3.8162 -0.9848
v 0.4994 -3.4912 -0.9181
v 0.4813 -3.1917 -0.8647
v 0.4454 -2.9069 -0.8298
v 0.4093 -2.6522 -0.8011
v -0.1696 -5.9435 -1.6332
v -0.1717 -5.0242 -1.3548
v -0.1748 -4.2704 -1.1352
v -0.1754 -3.8136 -1.0165
v -0.1735 -3.4846 -0.9424
v -0.1622 -3.1848 -0.8888
v -0.1484 -2.9011 -0.8573
v -0.1366 -2.6502 -0.8174
v 1.6258 -5.2713 -0.8118
v 1.6415 -4.7168 -0.7050
v 1.6236 -4.2566 -0.6001
v 1.5895 -3.9027 -0.5222
v 1.5399 -3.5857 -0.4713
v 1.4916 -3.2686 -0.4367
v 1.4399 -2.9524 -0.4123
v 1.3853 -2.6678 -0.3988
v -1.5683 -5.3634 2.0459
v -1.5179 -4.7198 1.8108
v -1.4621 -4.2305 1.6634
v -1.4175 -3.8767 1.5763
v -1.3802 -3.5596 1.5086
v -1.3465 -3.2427 1.4459
v -1.3040 -2.9273 1.3917
v -1.2465 -2.6419 1.3529
v -0.1664 -5.3534 1.8791
v -0.1505 -4.6244 1.7463
v -0.1342 -4.1085 1.6407
v -0.1364 -3.7706 1.5947
v -0.1443 -3.4833 1.5638
v -0.1526 -3.1907 1.5336
v -0.1527 -2.8899 1.5032
v -0.1503 -2.6183 1.4573
v -1.8086 -5.3399 1.7776
v -1.7474 -4.7673 1.5611
v -1.6915 -4.2979 1.4394
v -1.6412 -3.9341 1.3731
v -1.6011 -3.6025 1.3238
v -1.5715 -3.2727 1.2822
v -1.5337 -2.9472 1.2438
v -1.4768 -2.6536 1.2190
v 0.8323 -5.6755 -1.3285
v 0.8073 -4.8891 -1.1287
v 0.7849 -4.2439 -0.9645
v 0.7749 -3.8302 -0.8738
v 0.7724 -3.5128 -0.8149
v 0.7582 -3.2112 -0.7793
v 0.7251 -2.9190 -0.7601
v 0.6775 -2.6567 -0.7471
v 1.2220 -5.4006 2.0150
v 1.2074 -4.6949 1.8421
v 1.1811 -4.1848 1.7182
v 1.1496 -3.8349 1.6452
v 1.1201 -3.5282 1.5846
v 1.0873 -3.2209 1.5245
v 1.0418 -2.9124 1.4678
v 0.9909 -2.6320 1.4223
v -0.8433 -5.3980 1.9428
v -0.8391 -4.6728 1.7913
v -0.8273 -4.1589 1.6708
v -0.8084 -3.8136 1.6139
v -0.7899 -3.5145 1.5706
v -0.7741 -3.2119 1.5317
v -0.7541 -2.9045 1.4931
v -0.7166 -2.6278 1.4500
v 2.0474 -5.1196 -0.3180
v 2.0376 -4.7161 -0.2162
v 1.9856 -4.3303 -0.1395
v 1.9249 -3.9748 -0.1024
v 1.8660 -3.6357 -0.0794
v 1.8229 -3.2991 -0.0583
v 1.7820 -2.9688 -0.0321
v 1.7415 -2.6718 -0.0185
v -1.0806 -5.5007 -1.1104
v -1.0519 -4.8025 -0.9245
v -1.0204 -4.2323 -0.7902
v -1.0100 -3.8509 -0.7123
v -1.0113 -3.5391 -0.6723
v -0.9980 -3.2347 -0.6509
v -0.9700 -2.9329 -0.6444
v -0.9211 -2.6634 -0.6371
v 2.3885 -5.0325 0.7589
v 2.2602 -4.6982 0.6922
v 2.1761 -4.3415 0.6289
v 2.0931 -3.9931 0.5899
v 2.0201 -3.6509 0.5614
v 1.9627 -3.3085 0.5410
v 1.9118 -2.9708 0.5258
v 1.8669 -2.6672 0.5165
v -1.3109 -5.3951 -0.7004
v -1.3263 -4.7616 -0.6484
v -1.3010 -4.2495 -0.5836
v -1.2815 -3.8865 -0.5411
v -1.2583 -3.5727 -0.5336
v -1.2362 -3.2605 -0.5267
v -1.2003 -2.9493 -0.5210
v -1.1517 -2.6701 -0.5098
v 1.8157 -5.1756 -0.7476
v 1.8071 -4.7084 -0.5985
v 1.7762 -4.2898 -0.4810
v 1.7511 -3.9335 -0.4073
v 1.7126 -3.6041 -0.3521
v 1.6772 -3.2783 -0.3009
v 1.6366 -2.9569 -0.2595
v 1.5932 -2.6673 -0.2406
v 0.5013 -5.3787 1.8669
v 0.5078 -4.6448 1.7505
v 0.5024 -4.1242 1.6636
v 0.4915 -3.7844 1.6099
v 0.4817 -3.4937 1.5683
v 0.4726 -3.1976 1.5321
v 0.4583 -2.8948 1.4968
v 0.4301 -2.6215 1.4573
v -1.1950 -5.3969 2.0308
v -1.1878 -4.6943 1.8443
v -1.1686 -4.1850 1.7169
v -1.1397 -3.8354 1.6405
v -1.1089 -3.5290 1.5776
v -1.0754 -3.2217 1.5162
v -1.0335 -2.9134 1.4571
v -0.9846 -2.6342 1.4082
v -0.8369 -5.6758 -1.3279
v -0.8145 -4.8883 -1.1308
v -0.7903 -4.2421 -0.9696
v -0.7781 -3.8284 -0.8803
v -0.7756 -3.5110 -0.8209
v -0.7628 -3.2101 -0.7794
v -0.7243 -2.9187 -0.7569
v -0.6729 -2.6586 -0.7350
v -0.5022 -5.8532 -1.4739
v -0.5017 -4.9780 -1.2599
v -0.5019 -4.2601 -1.0804
v -0.5047 -3.8173 -0.9806
v -0.5020 -3.4924 -0.9135
v -0.4809 -3.1933 -0.8607
v -0.4441 -2.9087 -0.8263
v -0.4078 -2.6549 -0.7909
v 2.2567 -5.1380 1.0922
v 2.1829 -4.7289 0.9764
v 2.1013 -4.3451 0.8897
v 2.0114 -3.9913 0.8460
v 1.9348 -3.6498 0.8236
v 1.8816 -3.3070 0.8098
v 1.8297 -2.9701 0.7921
v 1.7827 -2.6661 0.7790
v 0.8499 -5.3962 1.9454
v 0.8346 -4.6702 1.7956
v 0.8165 -4.1570 1.6713
v 0.8013 -3.8109 1.6166
v 0.7914 -3.5110 1.5754
v 0.7768 -3.2078 1.5384
v 0.7542 -2.9006 1.5010
v 0.7167 -2.6236 1.4642
v 0.1709 -5.9434 -1.6322
v 0.1736 -5.0240 -1.3548
v 0.1766 -4.2701 -1.1357
v 0.1763 -3.8133 -1.0174
v 0.1746 -3.4842 -0.9437
v 0.1637 -3.1844 -0.8894
v 0.1492 -2.9006 -0.8576
v 0.1365 -2.6494 -0.8210
v 2.2660 -5.0615 0.0642
v 2.1832 -4.7073 0.1063
v 2.1155 -4.3447 0.1481
v 2.0433 -3.9940 0.1769
v 1.9818 -3.6508 0.1989
v 1.9323 -3.3089 0.2146
v 1.8849 -2.9733 0.2282
v 1.8434 -2.6718 0.2359
v -2.2321 -5.0695 0.1126
v -2.1551 -4.7144 0.1540
v -2.0864 -4.3514 0.1909
v -2.0200 -3.9990 0.2115
v -1.9607 -3.6547 0.2192
v -1.9155 -3.3119 0.2222
v -1.8689 -2.9759 0.2281
v -1.8221 -2.6757 0.2377
v -1.8749 -5.3082 1.2956
v -1.8666 -4.7978 1.1894
v -1.8149 -4.3568 1.1317
v -1.7565 -3.9879 1.0993
v -1.7297 -3.6440 1.0705
v -1.7286 -3.3013 1.0624
v -1.6922 -2.9649 1.0340
v -1.6464 -2.6649 1.0151
v 1.0893 -5.5007 -1.1125
v 1.0556 -4.8031 -0.9234
v 1.0258 -4.2350 -0.7806
v 1.0132 -3.8536 -0.7037
v 1.0129 -3.5415 -0.6672
v 0.9993 -3.2373 -0.6478
v 0.9693 -2.9359 -0.6468
v 0.9285 -2.6639 -0.6477
v 1.7909 -5.3363 1.8023
v 1.7229 -4.7638 1.5874
v 1.6685 -4.2954 1.4609
v 1.6255 -3.9314 1.3917
v 1.5924 -3.5995 1.3387
v 1.5678 -3.2701 1.2916
v 1.5366 -2.9443 1.2492
v 1.4933 -2.6484 1.2333
v -0.4918 -5.3851 1.8347
v -0.4979 -4.6490 1.7323
v -0.4946 -4.1264 1.6567
v -0.4856 -3.7862 1.6057
v -0.4766 -3.4948 1.5661
v -0.4706 -3.1982 1.5329
v -0.4586 -2.8949 1.4995
v -0.4329 -2.6224 1.4482
v -2.2495 -5.1376 1.0993
v -2.1852 -4.7275 0.9820
v -2.1052 -4.3434 0.8952
v -2.0196 -3.9900 0.8415
v -1.9447 -3.6484 0.8153
v -1.8866 -3.3071 0.8028
v -1.8213 -2.9714 0.7875
v -1.7646 -2.6695 0.7738
v 0.1729 -5.3541 1.8787
v 0.1565 -4.6247 1.7469
v 0.1410 -4.1083 1.6421
v 0.1423 -3.7709 1.5961
v 0.1465 -3.4839 1.5644
v 0.1524 -3.1911 1.5336
v 0.1496 -2.8902 1.5021
v 0.1391 -2.6184 1.4618
v 1.3213 -5.3954 -0.7051
v 1.3313 -4.7607 -0.6490
v 1.3108 -4.2479 -0.5819
v 1.2906 -3.8849 -0.5386
v 1.2626 -3.5717 -0.5304
v 1.2392 -3.2597 -0.5270
v 1.2028 -2.9480 -0.5256
v 1.1566 -2.6677 -0.5235
v -1.6102 -5.2721 -0.8173
v -1.6227 -4.7157 -0.7151
v -1.6065 -4.2558 -0.6091
v -1.5746 -3.9025 -0.5284
v -1.5285 -3.5853 -0.4758
v -1.4849 -3.2684 -0.4378
v -1.4338 -2.9536 -0.4103
v -1.3752 -2.6711 -0.3907
v 1.8584 -5.3047 1.3027
v 1.8504 -4.7951 1.1962
v 1.8005 -4.3544 1.1317
v 1.7417 -3.9867 1.1056
v 1.7160 -3.6416 1.0831
v 1.7231 -3.2992 1.0682
v 1.6942 -2.9655 1.0350
v 1.6605 -2.6624 1.0189
v -2.3723 -5.0323 0.7897
v -2.2506 -4.6964 0.7219
v -2.1653 -4.3406 0.6564
v -2.0887 -3.9905 0.6185
v -2.0123 -3.6486 0.5900
v -1.9476 -3.3085 0.5597
v -1.8900 -2.9728 0.5339
v -1.8358 -2.6717 0.5141
v -2.0444 -5.1238 -0.3054
v -2.0291 -4.7209 -0.2054
v -1.9787 -4.3345 -0.1300
v -1.9185 -3.9776 -0.0978
v -1.8634 -3.6374 -0.0799
v -1.8215 -3.3002 -0.0584
v -1.7789 -2.9698 -0.0337
v -1.7343 -2.6741 -0.0140
v 1.0164 -3.6640 1.8256
v 1.0305 -3.1147 1.6945
v 1.0387 -2.6425 1.5728
v 1.0284 -2.2951 1.4978
v 1.0172 -2.0220 1.4613
v 1.0083 -1.7715 1.4452
v 0.9959 -1.5319 1.4323
v 0.9583 -1.3230 1.3956
v -0.7454 -3.6436 1.7512
v -0.7488 -3.0852 1.6654
v -0.7522 -2.6023 1.5772
v -0.7497 -2.2492 1.5190
v -0.7410 -1.9814 1.4841
v -0.7355 -1.7425 1.4669
v -0.7247 -1.5140 1.4501
v -0.6908 -1.3158 1.4074
v -0.9042 -3.6334 -0.9668
v -0.9192 -3.1081 -0.8828
v -0.9408 -2.6310 -0.8143
v -0.9539 -2.2714 -0.7752
v -0.9574 -1.9987 -0.7489
v -0.9497 -1.7582 -0.7295
v -0.9224 -1.5316 -0.7256
v -0.8858 -1.3411 -0.7084
v 1.6786 -3.6036 1.7247
v 1.6389 -3.1328 1.5518
v 1.5957 -2.7090 1.4260
v 1.5571 -2.3771 1.3429
v 1.5209 -2.0950 1.2910
v 1.4938 -1.8274 1.2526
v 1.4683 -1.5671 1.2165
v 1.4190 -1.3418 1.1653
v 1.8257 -3.5600 1.3774
v 1.8038 -3.1356 1.2789
v 1.7645 -2.7493 1.1885
v 1.7262 -2.4256 1.1241
v 1.6944 -2.1382 1.0790
v 1.6709 -1.8605 1.0437
v 1.6448 -1.5888 1.0127
v 1.5893 -1.3535 0.9681
v -0.6394 -3.7531 -1.1545
v -0.6713 -3.1592 -1.0425
v -0.6900 -2.6419 -0.9593
v -0.6976 -2.2677 -0.9047
v -0.7005 -1.9926 -0.8671
v -0.6892 -1.7545 -0.8418
v -0.6608 -1.5304 -0.8290
v -0.6359 -1.3389 -0.7979
v 0.7495 -3.6394 1.7792
v 0.7472 -3.0833 1.6802
v 0.7499 -2.6004 1.5936
v 0.7451 -2.2480 1.5317
v 0.7392 -1.9804 1.4939
v 0.7363 -1.7416 1.4731
v 0.7250 -1.5134 1.4535
v 0.6913 -1.3153 1.4099
v 0.9008 -3.6323 -0.9675
v 0.9141 -3.1062 -0.8862
v 0.9368 -2.6305 -0.8151
v 0.9511 -2.2710 -0.7760
v 0.9559 -1.9983 -0.7498
v 0.9495 -1.7577 -0.7306
v 0.9226 -1.5310 -0.7271
v 0.8858 -1.3406 -0.7097
v 1.9384 -3.3983 -0.4507
v 1.8834 -3.0684 -0.3342
v 1.8380 -2.7398 -0.2340
v 1.8039 -2.4307 -0.1698
v 1.7687 -2.1443 -0.1222
v 1.7393 -1.8674 -0.0921
v 1.7182 -1.5964 -0.0700
v 1.6720 -1.3611 -0.0346
v -0.3893 -3.8895 -1.2897
v -0.4009 -3.2317 -1.1559
v -0.4128 -2.6662 -1.0531
v -0.4169 -2.2766 -0.9884
v -0.4164 -1.9973 -0.9459
v -0.4071 -1.7589 -0.9142
v -0.3920 -1.5336 -0.8884
v -0.3804 -1.3377 -0.8471
v 1.6901 -3.3985 -0.8344
v 1.6659 -3.0352 -0.6761
v 1.6528 -2.6774 -0.5504
v 1.6408 -2.3641 -0.4613
v 1.6245 -2.0891 -0.3883
v 1.6020 -1.8278 -0.3283
v 1.5735 -1.5731 -0.2836
v 1.5231 -1.3540 -0.2408
v 0.1459 -3.5577 1.7737
v 0.1625 -3.0149 1.6768
v 0.1629 -2.5410 1.5806
v 0.1603 -2.1935 1.5345
v 0.1596 -1.9350 1.5075
v 0.1581 -1.7085 1.4880
v 0.1526 -1.4927 1.4695
v 0.1410 -1.3053 1.4238
v 1.2726 -3.6381 1.9010
v 1.2769 -3.1229 1.7148
v 1.2817 -2.6716 1.5696
v 1.2779 -2.3317 1.4817
v 1.2683 -2.0566 1.4263
v 1.2593 -1.7990 1.3864
v 1.2459 -1.5479 1.3594
v 1.2057 -1.3303 1.3155
v -0.1404 -3.5571 1.7722
v -0.1525 -3.0142 1.6783
v -0.1532 -2.5409 1.5816
v -0.1532 -2.1933 1.5376
v -0.1550 -1.9349 1.5097
v -0.1567 -1.7084 1.4890
v -0.1522 -1.4927 1.4698
v -0.1410 -1.3052 1.4241
v 0.4422 -3.5961 1.7457
v 0.4602 -3.0439 1.6664
v 0.4687 -2.5660 1.5718
v 0.4612 -2.2170 1.5135
v 0.4576 -1.9542 1.4867
v 0.4553 -1.7230 1.4700
v 0.4473 -1.5024 1.4528
v 0.4209 -1.3101 1.4113
v -1.6786 -3.5981 1.7247
v -1.6280 -3.1313 1.5423
v -1.5793 -2.7151 1.3984
v -1.5360 -2.3843 1.3164
v -1.4995 -2.1048 1.2639
v -1.4753 -1.8363 1.2284
v -1.4556 -1.5732 1.2012
v -1.4096 -1.3448 1.1605
v 0.3888 -3.8915 -1.2790
v 0.4025 -3.2327 -1.1503
v 0.4137 -2.6665 -1.0508
v 0.4171 -2.2767 -0.9875
v 0.4166 -1.9973 -0.9454
v 0.4072 -1.7589 -0.9140
v 0.3920 -1.5334 -0.8890
v 0.3805 -1.3374 -0.8479
v 1.4285 -3.4872 -0.7672
v 1.4484 -3.0528 -0.6863
v 1.4600 -2.6485 -0.5961
v 1.4453 -2.3232 -0.5255
v 1.4228 -2.0521 -0.4802
v 1.4006 -1.7991 -0.4514
v 1.3733 -1.5552 -0.4369
v 1.3308 -1.3485 -0.4132
v -1.4265 -3.4869 -0.7691
v -1.4445 -3.0520 -0.6883
v -1.4437 -2.6507 -0.5885
v -1.4401 -2.3240 -0.5223
v -1.4240 -2.0520 -0.4788
v -1.4013 -1.7991 -0.4505
v -1.3738 -1.5553 -0.4370
v -1.3312 -1.3489 -0.4131
v 0.1120 -3.9650 -1.4067
v 0.1206 -3.2745 -1.2505
v 0.1294 -2.6794 -1.1226
v 0.1317 -2.2807 -1.0443
v 0.1315 -1.9995 -0.9915
v 0.1301 -1.7612 -0.9502
v 0.1276 -1.5353 -0.9149
v 0.1259 -1.3365 -0.8664
v -1.9308 -3.3992 -0.4494
v -1.8771 -3.0695 -0.3324
v -1.8328 -2.7404 -0.2332
v -1.8011 -2.4314 -0.1689
v -1.7732 -2.1430 -0.1282
v -1.7439 -1.8658 -0.0976
v -1.7179 -1.5958 -0.0723
v -1.6709 -1.3609 -0.0352
v -2.1054 -3.4637 0.9414
v -2.0499 -3.1105 0.8724
v -1.9678 -2.7733 0.8117
v -1.8843 -2.4684 0.7657
v -1.8272 -2.1774 0.7457
v -1.7955 -1.8923 0.7392
v -1.7671 -1.6116 0.7366
v -1.7137 -1.3649 0.7286
v -1.6811 -3.3965 -0.8414
v -1.6517 -3.0347 -0.6814
v -1.6320 -2.6778 -0.5519
v -1.6240 -2.3654 -0.4602
v -1.6144 -2.0894 -0.3896
v -1.5961 -1.8282 -0.3281
v -1.5711 -1.5733 -0.2837
v -1.5224 -1.3541 -0.2411
v -0.1112 -3.9640 -1.4122
v -0.1216 -3.2739 -1.2549
v -0.1314 -2.6791 -1.1256
v -0.1342 -2.2806 -1.0462
v -0.1338 -1.9994 -0.9932
v -0.1318 -1.7612 -0.9515
v -0.1285 -1.5354 -0.9153
v -0.1257 -1.3367 -0.8665
v -2.3573 -3.3530 0.5923
v -2.2306 -3.0669 0.5493
v -2.1330 -2.7611 0.5090
v -2.0473 -2.4630 0.4799
v -1.9743 -2.1740 0.4638
v -1.9119 -1.8903 0.4583
v -1.8602 -1.6107 0.4555
v -1.7894 -1.3641 0.4611
v 2.3624 -3.3476 0.5938
v 2.2342 -3.0631 0.5472
v 2.1350 -2.7589 0.5013
v 2.0475 -2.4623 0.4706
v 1.9738 -2.1743 0.4540
v 1.9124 -1.8905 0.4495
v 1.8638 -1.6104 0.4507
v 1.7929 -1.3640 0.4599
v 2.1724 -3.3895 0.1087
v 2.1075 -3.0813 0.1440
v 2.0443 -2.7649 0.1597
v 1.9847 -2.4596 0.1686
v 1.9273 -2.1686 0.1769
v 1.8788 -1.8850 0.1832
v 1.8382 -1.6070 0.1898
v 1.7724 -1.3639 0.2087
v 0.6485 -3.7508 -1.1678
v 0.6759 -3.1579 -1.0480
v 0.6925 -2.6411 -0.9627
v 0.6993 -2.2668 -0.9076
v 0.7018 -1.9920 -0.8692
v 0.6899 -1.7540 -0.8438
v 0.6612 -1.5299 -0.8312
v 0.6361 -1.3385 -0.7997
v -2.1665 -3.3919 0.1058
v -2.1072 -3.0823 0.1395
v -2.0459 -2.7655 0.1561
v -1.9871 -2.4599 0.1648
v -1.9321 -2.1680 0.1706
v -1.8830 -1.8845 0.1785
v -1.8382 -1.6074 0.1879
v -1.7720 -1.3640 0.2071
v 1.1796 -3.5685 -0.7308
v 1.1863 -3.0850 -0.6970
v 1.1884 -2.6394 -0.6423
v 1.1835 -2.2946 -0.6073
v 1.1794 -2.0216 -0.5906
v 1.1749 -1.7743 -0.5826
v 1.1559 -1.5398 -0.5854
v 1.1185 -1.3434 -0.5744
v -1.8317 -3.5624 1.3629
v -1.8049 -3.1374 1.2714
v -1.7553 -2.7511 1.1862
v -1.7094 -2.4286 1.1202
v -1.6830 -2.1406 1.0757
v -1.6609 -1.8626 1.0408
v -1.6370 -1.5901 1.0136
v -1.5834 -1.3542 0.9706
v -1.0206 -3.6614 1.8311
v -1.0353 -3.1164 1.6855
v -1.0427 -2.6441 1.5586
v -1.0323 -2.2946 1.4913
v -1.0179 -2.0215 1.4595
v -1.0081 -1.7726 1.4459
v -0.9943 -1.5322 1.4330
v -0.9563 -1.3227 1.3962
v 2.1063 -3.4634 0.9419
v 2.0537 -3.1093 0.8759
v 1.9757 -2.7703 0.8215
v 1.8919 -2.4660 0.7790
v 1.8274 -2.1786 0.7559
v 1.7980 -1.8934 0.7455
v 1.7728 -1.6121 0.7353
v 1.7187 -1.3648 0.7240
v -1.1841 -3.5687 -0.7283
v -1.1885 -3.0851 -0.6938
v -1.1859 -2.6409 -0.6367
v -1.1867 -2.2953 -0.6032
v -1.1823 -2.0221 -0.5871
v -1.1748 -1.7748 -0.5808
v -1.1557 -1.5404 -0.5843
v -1.1187 -1.3438 -0.5734
v -1.2741 -3.6378 1.8989
v -1.2768 -3.1231 1.7110
v -1.2830 -2.6715 1.5668
v -1.2755 -2.3310 1.4806
v -1.2639 -2.0561 1.4257
v -1.2551 -1.7983 1.3862
v -1.2435 -1.5472 1.3587
v -1.2037 -1.3300 1.3151
v -0.4384 -3.5959 1.7349
v -0.4645 -3.0435 1.6625
v -0.4709 -2.5676 1.5628
v -0.4622 -2.2183 1.5093
v -0.4579 -1.9554 1.4836
v -0.4559 -1.7239 1.4676
v -0.4478 -1.5032 1.4510
v -0.4211 -1.3106 1.4100
v -0.1199 -1.9354 1.6389
v -0.1272 -1.5346 1.5901
v -0.1334 -1.1115 1.5488
v -0.1368 -0.7416 1.5126
v -0.1403 -0.4520 1.4835
v -0.1365 -0.2298 1.4633
v -0.1270 -0.0575 1.4487
v -0.1225 0.0554 1.4064
v 1.1101 -2.3157 -1.2436
v 1.0976 -1.7586 -1.1136
v 1.0949 -1.2555 -0.9973
v 1.0924 -0.8736 -0.9120
v 1.0835 -0.5954 -0.8548
v 1.0752 -0.3727 -0.8306
v 1.0654 -0.1677 -0.8206
v 1.0534 0.0077 -0.7970
v -0.9300 -2.3859 -1.4664
v -0.8744 -1.7859 -1.3351
v -0.8339 -1.2498 -1.1893
v -0.8216 -0.8529 -1.0719
v -0.8290 -0.5684 -0.9958
v -0.8397 -0.3462 -0.9642
v -0.8449 -0.1457 -0.9634
v -0.8523 0.0216 -0.9424
v -0.1340 -2.5712 -1.5143
v -0.1286 -1.9139 -1.3384
v -0.1266 -1.2847 -1.1545
v -0.1233 -0.8179 -1.0270
v -0.1209 -0.4993 -0.9758
v -0.1193 -0.2725 -0.9774
v -0.1157 -0.0889 -0.9940
v -0.1166 0.0505 -0.9831
v 0.3493 -2.5595 -1.4615
v 0.3811 -1.9133 -1.3034
v 0.3975 -1.2945 -1.1647
v 0.3934 -0.8355 -1.0597
v 0.3848 -0.5208 -1.0063
v 0.3752 -0.2931 -1.0017
v 0.3637 -0.1041 -1.0085
v 0.3561 0.0448 -1.0017
v -1.6979 -2.0497 -0.9610
v -1.6527 -1.6270 -0.7784
v -1.6004 -1.2066 -0.6275
v -1.5583 -0.8552 -0.5363
v -1.5461 -0.5798 -0.4868
v -1.5469 -0.3478 -0.4590
v -1.5488 -0.1367 -0.4367
v -1.5393 0.0304 -0.3970
v 0.3872 -1.9572 1.5938
v 0.3904 -1.5513 1.5586
v 0.3936 -1.1263 1.5268
v 0.3988 -0.7535 1.4971
v 0.4047 -0.4604 1.4719
v 0.4027 -0.2348 1.4533
v 0.3825 -0.0604 1.4406
v 0.3686 0.0537 1.3984
v -0.8739 -2.0284 1.6631
v -0.8670 -1.6051 1.6219
v -0.8751 -1.1695 1.5510
v -0.8788 -0.7929 1.4744
v -0.8802 -0.4950 1.4287
v -0.8844 -0.2616 1.4038
v -0.8724 -0.0756 1.3834
v -0.8582 0.0496 1.3380
v -2.1841 -1.9041 0.5276
v -2.1024 -1.5657 0.4797
v -2.0092 -1.2040 0.4551
v -1.9295 -0.8637 0.4531
v -1.8805 -0.5685 0.4582
v -1.8546 -0.3132 0.4715
v -1.8257 -0.0898 0.4734
v -1.7773 0.0691 0.4508
v 0.1230 -1.9359 1.6355
v 0.1281 -1.5346 1.5894
v 0.1334 -1.1117 1.5493
v 0.1368 -0.7418 1.5131
v 0.1400 -0.4522 1.4834
v 0.1365 -0.2299 1.4632
v 0.1272 -0.0576 1.4487
v 0.1227 0.0554 1.4064
v -1.3299 -2.2132 -1.0739
v -1.3193 -1.7049 -0.9301
v -1.3090 -1.2356 -0.8206
v -1.3017 -0.8695 -0.7457
v -1.3109 -0.5949 -0.6986
v -1.3255 -0.3695 -0.6696
v -1.3383 -0.1624 -0.6393
v -1.3384 0.0120 -0.5969
v 0.0915 -2.5640 -1.5469
v 0.1030 -1.9081 -1.3722
v 0.1184 -1.2795 -1.1893
v 0.1269 -0.8146 -1.0524
v 0.1261 -0.4975 -0.9965
v 0.1236 -0.2716 -0.9932
v 0.1200 -0.0887 -0.9948
v 0.1178 0.0506 -0.9796
v 1.8641 -1.9828 1.4007
v 1.8108 -1.5885 1.2672
v 1.7426 -1.1814 1.1598
v 1.6730 -0.8291 1.0905
v 1.6143 -0.5461 1.0401
v 1.5710 -0.3116 1.0010
v 1.5549 -0.1046 0.9670
v 1.5410 0.0528 0.9188
v 0.8749 -2.0284 1.6606
v 0.8674 -1.6052 1.6185
v 0.8753 -1.1698 1.5475
v 0.8789 -0.7929 1.4728
v 0.8805 -0.4948 1.4266
v 0.8839 -0.2612 1.3946
v 0.8721 -0.0754 1.3679
v 0.8578 0.0493 1.3182
v -1.1734 -2.0419 1.6968
v -1.1701 -1.6115 1.6060
v -1.1643 -1.1738 1.5007
v -1.1391 -0.8023 1.4141
v -1.1210 -0.5107 1.3685
v -1.1134 -0.2796 1.3428
v -1.1018 -0.0886 1.3190
v -1.0901 0.0493 1.2739
v -1.8316 -2.0064 -0.4295
v -1.8012 -1.6117 -0.3691
v -1.7609 -1.2110 -0.3044
v -1.7262 -0.8609 -0.2572
v -1.7225 -0.5728 -0.2297
v -1.7306 -0.3276 -0.2145
v -1.7254 -0.1086 -0.2028
v -1.6968 0.0520 -0.1647
v -0.6607 -1.9838 1.6577
v -0.6475 -1.5745 1.6020
v -0.6428 -1.1472 1.5454
v -0.6476 -0.7715 1.4981
v -0.6520 -0.4750 1.4615
v -0.6508 -0.2452 1.4362
v -0.6348 -0.0657 1.4199
v -0.6159 0.0518 1.3764
v 1.3718 -2.0455 1.6263
v 1.3688 -1.6123 1.5283
v 1.3680 -1.1790 1.4116
v 1.3627 -0.8168 1.3100
v 1.3529 -0.5319 1.2405
v 1.3352 -0.3009 1.1907
v 1.3205 -0.1012 1.1547
v 1.3134 0.0488 1.1032
v -1.4030 -2.0456 1.6206
v -1.3891 -1.6134 1.5173
v -1.3737 -1.1800 1.4053
v -1.3574 -0.8155 1.3136
v -1.3477 -0.5305 1.2566
v -1.3336 -0.3000 1.2255
v -1.3188 -0.1003 1.2034
v -1.3093 0.0490 1.1602
v -0.5738 -2.4587 -1.5666
v -0.5837 -1.8313 -1.4209
v -0.6047 -1.2581 -1.2492
v -0.6126 -0.8337 -1.1158
v -0.6104 -0.5354 -1.0356
v -0.6079 -0.3118 -1.0126
v -0.6029 -0.1182 -1.0212
v -0.6073 0.0327 -1.0066
v 0.8959 -2.3726 -1.5336
v 0.8554 -1.7806 -1.3685
v 0.8374 -1.2497 -1.1963
v 0.8388 -0.8542 -1.0707
v 0.8416 -0.5699 -0.9907
v 0.8417 -0.3478 -0.9462
v 0.8384 -0.1476 -0.9230
v 0.8280 0.0187 -0.8853
v -1.8523 -1.9928 1.3751
v -1.8031 -1.5902 1.2621
v -1.7336 -1.1834 1.1556
v -1.6674 -0.8321 1.0783
v -1.6111 -0.5478 1.0447
v -1.5673 -0.3127 1.0324
v -1.5346 -0.1052 1.0184
v -1.5106 0.0527 0.9795
v 1.7578 -2.0637 -0.9171
v 1.6854 -1.6389 -0.7312
v 1.6192 -1.2106 -0.6007
v 1.5619 -0.8559 -0.5236
v 1.5157 -0.5805 -0.4868
v 1.4867 -0.3488 -0.4920
v 1.4645 -0.1377 -0.5050
v 1.4395 0.0298 -0.4963
v -0.3906 -1.9571 1.5924
v -0.3924 -1.5511 1.5578
v -0.3949 -1.1258 1.5257
v -0.3995 -0.7530 1.4970
v -0.4049 -0.4598 1.4722
v -0.4028 -0.2343 1.4536
v -0.3823 -0.0600 1.4407
v -0.3683 0.0539 1.3982
v 1.8833 -2.0000 -0.4746
v 1.8387 -1.6032 -0.3923
v 1.7804 -1.2069 -0.3153
v 1.7284 -0.8595 -0.2640
v 1.6922 -0.5720 -0.2420
v 1.6766 -0.3274 -0.2588
v 1.6549 -0.1080 -0.2773
v 1.6198 0.0521 -0.2558
v 0.6441 -2.4617 -1.5546
v 0.6527 -1.8384 -1.3896
v 0.6523 -1.2633 -1.2217
v 0.6448 -0.8357 -1.1004
v 0.6322 -0.5357 -1.0281
v 0.6179 -0.3116 -0.9963
v 0.6016 -0.1180 -0.9834
v 0.5976 0.0326 -0.9525
v 2.2092 -1.9006 0.4898
v 2.1204 -1.5636 0.4527
v 2.0245 -1.2026 0.4394
v 1.9394 -0.8635 0.4402
v 1.8750 -0.5700 0.4463
v 1.8497 -0.3140 0.4480
v 1.8375 -0.0892 0.4405
v 1.7961 0.0697 0.4106
v 0.6525 -1.9858 1.6559
v 0.6447 -1.5761 1.6013
v 0.6405 -1.1489 1.5449
v 0.6452 -0.7730 1.4970
v 0.6514 -0.4763 1.4606
v 0.6509 -0.2462 1.4349
v 0.6349 -0.0665 1.4172
v 0.6161 0.0513 1.3731
v 1.1414 -2.0445 1.6838
v 1.1416 -1.6133 1.5992
v 1.1445 -1.1754 1.5018
v 1.1310 -0.8051 1.4097
v 1.1178 -0.5131 1.3561
v 1.1110 -0.2812 1.3181
v 1.1003 -0.0876 1.2854
v 1.0866 0.0490 1.2328
v -2.0307 -1.9329 1.1275
v -1.9412 -1.5753 1.0374
v -1.8565 -1.1976 0.9494
v -1.7897 -0.8551 0.8822
v -1.7447 -0.5673 0.8355
v -1.7201 -0.3213 0.8093
v -1.6986 -0.1015 0.7863
v -1.6685 0.0602 0.7434
v -1.1246 -2.3239 -1.2369
v -1.1071 -1.7579 -1.1136
v -1.0926 -1.2557 -0.9985
v -1.0867 -0.8765 -0.9147
v -1.0912 -0.5982 -0.8625
v -1.0998 -0.3753 -0.8348
v -1.1086 -0.1697 -0.8191
v -1.1152 0.0091 -0.7912
v 1.9876 -1.9509 1.1059
v 1.9233 -1.5862 1.0112
v 1.8478 -1.2034 0.9235
v 1.7866 -0.8569 0.8607
v 1.7397 -0.5674 0.8111
v 1.7204 -0.3206 0.7721
v 1.7225 -0.1010 0.7392
v 1.7065 0.0606 0.6914
v 2.2310 -1.8991 0.1444
v 2.1317 -1.5530 0.1459
v 2.0253 -1.1913 0.1450
v 1.9297 -0.8563 0.1356
v 1.8602 -0.5662 0.1239
v 1.8303 -0.3155 0.0979
v 1.8040 -0.0937 0.0650
v 1.7534 0.0651 0.0674
v -2.2656 -1.8871 0.1338
v -2.1435 -1.5506 0.1507
v -2.0307 -1.1900 0.1484
v -1.9382 -0.8544 0.1387
v -1.8855 -0.5645 0.1255
v -1.8615 -0.3140 0.1132
v -1.8387 -0.0930 0.1069
v -1.7884 0.0654 0.1239
v 1.3011 -2.2237 -1.0370
v 1.3102 -1.7154 -0.9198
v 1.3118 -1.2392 -0.8232
v 1.3024 -0.8684 -0.7514
v 1.2899 -0.5937 -0.7044
v 1.2783 -0.3690 -0.6948
v 1.2689 -0.1623 -0.6906
v 1.2524 0.0123 -0.6764
v -0.3356 -2.5548 -1.4838
v -0.3483 -1.9095 -1.3135
v -0.3598 -1.2955 -1.1564
v -0.3671 -0.8376 -1.0505
v -0.3681 -0.5224 -0.9971
v -0.3672 -0.2946 -0.9981
v -0.3630 -0.1052 -1.0256
v -0.3589 0.0438 -1.0306
v -2.0485 -5.4336 -0.3771
v -0.4240 -4.0167 1.7832
v -0.3454 -3.0367 -1.6051
v -1.2822 -4.0293 2.0516
v -2.5173 -5.2648 0.8246
v 1.3284 -2.6504 -1.1366
v 1.8051 -5.7048 1.3906
v -1.1881 -3.9246 -0.7455
v 2.1264 -3.7375 0.9892
v -1.0108 -4.0792 1.9371
v -2.3700 -2.1539 0.0999
v -1.6035 -5.7085 -0.8814
v 2.3310 -2.1653 0.1296
v 1.2983 -5.8710 -0.7259
v -1.8628 -3.8871 1.4394
v 0.1699 -5.9693 1.9715
v 1.1846 -3.9243 -0.7498
v 2.0557 -2.2579 1.1705
v -2.2181 -3.6226 0.0642
v -2.2587 -5.4616 1.1797
v 0.6511 -4.1839 -1.2410
v -1.1483 -2.7959 -1.3161
v 2.2268 -3.6188 0.0641
v 2.4918 -3.5409 0.6185
v -2.1375 -2.2217 1.1983
v 1.1570 -2.3941 1.7750
v 0.6538 -2.3246 1.7000
v -0.4954 -6.0052 1.9150
v 2.2862 -2.1863 0.5377
v 0.6391 -2.9477 -1.6394
v 1.9306 -2.3151 -0.5442
v 1.8878 -5.7924 1.9878
v 1.1414 -5.9932 -1.2364
v -0.3913 -2.2895 1.6200
v -1.8275 -5.7060 1.3958
v -2.4841 -3.5482 0.6177
v -0.1178 -4.4442 -1.5284
v -2.3288 -5.3285 0.0995
v -1.7260 -3.6484 -0.9900
v 1.8151 -2.4192 -1.0765
v -2.1215 -3.7379 0.9884
v 2.3635 -5.3195 0.0477
v -1.9838 -3.6480 -0.5324
v -1.8914 -2.3232 1.4790
v 0.9652 -2.8545 -1.6116
v 0.1222 -4.4446 -1.5243
v -1.4338 -3.8097 -0.8303
v 0.1757 -6.5343 -1.8050
v -0.5957 -2.9470 -1.6550
v 0.8488 -6.0141 2.0406
v 2.2819 -5.4608 1.1703
v -0.5215 -6.4237 -1.6014
v -1.4336 -2.3999 1.7012
v 1.4361 -3.8097 -0.8285
v -0.8784 -6.2056 -1.4487
v 1.3885 -2.4034 1.6967
v -1.1919 -5.9928 2.1661
v 0.5003 -5.9983 1.9533
v 0.4023 -4.3567 -1.3793
v -1.7122 -3.9565 1.8695
v 1.8451 -5.5317 -0.8537
v -1.2845 -5.8725 -0.7264
v 0.4276 -4.0166 1.7960
v -0.1351 -3.9677 1.8445
v -0.6596 -2.3232 1.6969
v 2.5412 -5.2609 0.7939
v 1.2801 -4.0288 2.0550
v -1.1307 -5.9938 -1.2334
v 2.0426 -5.4286 -0.3893
v 0.1370 -3.9683 1.8438
v -1.8867 -2.3187 -0.4943
v -0.8424 -6.0157 2.0380
v -1.1799 -2.3960 1.7743
v 1.2149 -5.9977 2.1431
v 0.9021 -2.3771 1.6951
v 0.8809 -6.2027 -1.4550
v 1.7317 -3.6532 -0.9801
v 1.9066 -2.3057 1.5205
v 0.0913 -3.0437 -1.6624
v -1.3693 -2.6390 -1.1889
v -1.8967 -5.7946 1.9732
v -0.4056 -4.3539 -1.3934
v -0.1663 -5.9687 1.9667
v -1.5928 -5.9024 2.2338
v 0.1220 -2.2620 1.6779
v 1.9932 -3.6474 -0.5311
v -2.2496 -2.1922 0.5771
v -0.8956 -2.3786 1.6926
v 0.9099 -4.0218 -1.0192
v 0.7580 -4.0667 1.8310
v -0.6380 -4.1868 -1.2223
v 1.8572 -3.8863 1.4467
v 0.3865 -2.2897 1.6243
v -1.7596 -2.4034 -1.0984
v 0.3496 -3.0398 -1.5791
v 1.6153 -5.7054 -0.8818
v -0.1346 -3.0521 -1.6328
v 1.7094 -3.9605 1.8729
v -0.9710 -2.8701 -1.5563
v 1.1303 -2.7816 -1.3251
v -0.1737 -6.5341 -1.8070
v 0.5234 -6.4225 -1.6050
v -0.9155 -4.0192 -1.0309
v -0.7502 -4.0717 1.7995
v -1.8406 -5.5286 -0.8810
v -0.1182 -2.2611 1.6843
v 1.5918 -5.8927 2.2652
v 1.0091 -4.0848 1.9224
v -1.2116 -3.0178 1.3174
v 1.2055 -3.0180 1.3260
v -1.7008 -3.0464 0.0264
v 1.6965 -3.0457 0.0234
v -0.6483 -3.0411 -0.6827
v 0.6509 -3.0403 -0.6826
v -1.6023 -3.0317 1.0132
v 1.6041 -3.0286 1.0058
v -1.4429 -3.0245 1.2079
v 1.4361 -3.0235 1.2052
v -1.7151 -3.0375 0.7729
v 1.7283 -3.0340 0.7738
v -0.3917 -3.0402 -0.7287
v 0.3932 -3.0398 -0.7306
v -0.9540 -3.0127 1.3751
v 0.9462 -3.0139 1.3795
v -1.1206 -3.0448 -0.4578
v 1.1240 -3.0442 -0.4595
v -0.1306 -3.0399 -0.7462
v 0.1307 -3.0396 -0.7458
v -1.3571 -3.0462 -0.3465
v 1.3622 -3.0453 -0.3438
v -0.6833 -3.0093 1.4142
v 0.6798 -3.0085 1.4179
v -1.7776 -3.0455 0.2644
v 1.7902 -3.0439 0.2667
v -0.1452 -3.0051 1.3953
v 0.1277 -3.0056 1.3953
v -1.5548 -3.0455 -0.1896
v 1.5573 -3.0447 -0.1919
v -0.8881 -3.0426 -0.5791
v 0.8884 -3.0431 -0.5769
v -0.4184 -3.0062 1.3997
v 0.4054 -3.0070 1.3947
v -1.7819 -3.0418 0.5211
v 1.8052 -3.0394 0.5254
v -1.6840 -2.7268 0.0186
v 1.6807 -2.7254 0.0147
v -0.6412 -2.7205 -0.6910
v 0.6440 -2.7206 -0.6930
v -1.5956 -2.7125 1.0068
v 1.5922 -2.7105 0.9984
v -1.4314 -2.7042 1.2027
v 1.4304 -2.7032 1.2031
v -1.7018 -2.7182 0.7632
v 1.7131 -2.7161 0.7605
v -0.3879 -2.7192 -0.7385
v 0.3896 -2.7193 -0.7414
v -0.9514 -2.6914 1.3630
v 0.9452 -2.6918 1.3665
v -1.1115 -2.7247 -0.4732
v 1.1120 -2.7234 -0.4723
v -0.1298 -2.7190 -0.7583
v 0.1301 -2.7189 -0.7584
v -1.3394 -2.7252 -0.3533
v 1.3415 -2.7252 -0.3495
v -0.6838 -2.6882 1.4049
v 0.6774 -2.6865 1.4090
v -1.7708 -2.7253 0.2544
v 1.7768 -2.7242 0.2569
v -0.1463 -2.6821 1.3944
v 0.1297 -2.6838 1.3955
v -1.5325 -2.7261 -0.1950
v 1.5399 -2.7242 -0.2006
v -0.8823 -2.7224 -0.5978
v 0.8830 -2.7213 -0.5960
v -0.4156 -2.6847 1.3946
v 0.4086 -2.6856 1.3925
v -1.7720 -2.7224 0.5095
v 1.7962 -2.7197 0.5148
v -1.2079 -2.6960 1.3155
v 1.1992 -2.6951 1.3266
v 1.6771 -2.3215 -0.0004
v -0.6359 -2.3197 -0.7144
v 0.6373 -2.3197 -0.7201
v -1.5857 -2.3089 0.9950
v 1.5943 -2.3084 0.9962
v -1.4113 -2.3017 1.1845
v 1.4258 -2.2997 1.1987
v -1.6959 -2.3154 0.7564
v 1.7053 -2.3144 0.7556
v -0.3841 -2.3186 -0.7652
v 0.3844 -2.3188 -0.7679
v -0.9443 -2.2881 1.3683
v 0.9443 -2.2882 1.3757
v -1.1033 -2.3225 -0.5005
v 1.1068 -2.3212 -0.5050
v -0.1285 -2.3183 -0.7845
v 0.1279 -2.3185 -0.7847
v -1.3202 -2.3221 -0.3648
v 1.3255 -2.3219 -0.3702
v -0.6788 -2.2853 1.4018
v 0.6775 -2.2834 1.4110
v -1.7644 -2.3208 0.2445
v 1.7731 -2.3203 0.2426
v -0.1451 -2.2791 1.4070
v 0.1307 -2.2802 1.4083
v -1.5190 -2.3224 -0.2037
v 1.5270 -2.3209 -0.2102
v -0.8773 -2.3213 -0.6237
v 0.8798 -2.3203 -0.6295
v -0.4119 -2.2818 1.3974
v 0.4065 -2.2816 1.4019
v -1.7702 -2.3186 0.5024
v 1.7879 -2.3169 0.5041
v -1.1971 -2.2925 1.3140
v 1.1999 -2.2915 1.3250
v -1.6733 -2.3228 0.0036
v -0.6224 -1.8866 -0.7206
v 0.6230 -1.8866 -0.7240
v -1.5515 -1.8746 0.9708
v 1.5587 -1.8741 0.9715
v -1.3767 -1.8682 1.1527
v 1.3929 -1.8660 1.1659
v -1.6662 -1.8808 0.7400
v 1.6731 -1.8804 0.7386
v -0.3754 -1.8857 -0.7717
v 0.3754 -1.8859 -0.7729
v -0.9275 -1.8531 1.3634
v 0.9285 -1.8532 1.3656
v -1.0829 -1.8871 -0.5078
v 1.0854 -1.8868 -0.5103
v -0.1254 -1.8852 -0.7924
v 0.1250 -1.8853 -0.7923
v -1.2940 -1.8876 -0.3625
v 1.2974 -1.8872 -0.3658
v -0.6652 -1.8509 1.3758
v 0.6663 -1.8498 1.3820
v -1.7351 -1.8850 0.2397
v 1.7393 -1.8853 0.2388
v -0.1377 -1.8449 1.3861
v 0.1298 -1.8456 1.3870
v -1.4892 -1.8878 -0.1976
v 1.4912 -1.8872 -0.2000
v -0.8604 -1.8874 -0.6322
v 0.8616 -1.8869 -0.6355
v -0.4014 -1.8474 1.3751
v 0.3990 -1.8474 1.3779
v -1.7446 -1.8830 0.4937
v 1.7514 -1.8827 0.4911
v -1.1743 -1.8579 1.2954
v 1.1779 -1.8574 1.2982
v -1.6417 -1.8870 0.0043
v 1.6441 -1.8864 0.0034
v 0.6216 -1.4685 -0.7459
v -1.5372 -1.4587 0.9459
v 1.5425 -1.4584 0.9446
v -1.3668 -1.4521 1.1316
v 1.3777 -1.4508 1.1355
v -1.6591 -1.4638 0.7223
v 1.6639 -1.4633 0.7201
v -0.3746 -1.4657 -0.7904
v 0.3750 -1.4658 -0.7915
v -0.9225 -1.4375 1.3564
v 0.9239 -1.4377 1.3565
v -1.0820 -1.4706 -0.5288
v 1.0820 -1.4705 -0.5306
v -0.1248 -1.4637 -0.8095
v 0.1255 -1.4637 -0.8096
v -1.2909 -1.4713 -0.3729
v 1.2908 -1.4710 -0.3737
v -0.6628 -1.4351 1.3654
v 0.6642 -1.4348 1.3674
v -1.7211 -1.4668 0.2306
v 1.7223 -1.4671 0.2315
v -0.1342 -1.4289 1.3763
v 0.1323 -1.4292 1.3764
v -1.4801 -1.4707 -0.2035
v 1.4808 -1.4703 -0.2037
v -0.8595 -1.4706 -0.6580
v 0.8597 -1.4702 -0.6598
v -0.3991 -1.4318 1.3647
v 0.3989 -1.4318 1.3660
v -1.7351 -1.4649 0.4771
v 1.7386 -1.4648 0.4743
v -1.1692 -1.4423 1.2773
v 1.1708 -1.4421 1.2772
v -1.6264 -1.4688 -0.0006
v 1.6272 -1.4687 -0.0008
v -0.6213 -1.4686 -0.7435
v -1.5324 -0.9973 0.9289
v 1.5357 -0.9970 0.9271
v -1.3620 -0.9907 1.1178
v 1.3700 -0.9897 1.1200
v -1.6608 -1.0019 0.7067
v 1.6632 -1.0015 0.7041
v -0.3794 -1.0002 -0.8203
v 0.3792 -1.0000 -0.8200
v -0.9183 -0.9767 1.3448
v 0.9195 -0.9769 1.3451
v -1.0912 -1.0107 -0.5736
v 1.0904 -1.0101 -0.5748
v -0.1265 -0.9977 -0.8292
v 0.1268 -0.9976 -0.8288
v -1.2981 -1.0121 -0.4090
v 1.2969 -1.0117 -0.4092
v -0.6600 -0.9738 1.3622
v 0.6606 -0.9737 1.3641
v -1.7185 -1.0043 0.2089
v 1.7191 -1.0046 0.2096
v -0.1331 -0.9679 1.3808
v 0.1326 -0.9680 1.3805
v -1.4840 -1.0103 -0.2322
v 1.4835 -1.0101 -0.2316
v -0.8683 -1.0081 -0.7037
v 0.8681 -1.0077 -0.7052
v -0.3978 -0.9705 1.3707
v 0.3975 -0.9706 1.3713
v -1.7329 -1.0018 0.4554
v 1.7385 -1.0015 0.4562
v -1.1620 -0.9815 1.2661
v 1.1635 -0.9815 1.2670
v -1.6311 -1.0073 -0.0299
v 1.6334 -1.0074 -0.0301
v -0.6282 -1.0042 -0.7832
v 0.6280 -1.0039 -0.7843
v -1.3363 -0.5073 1.1043
v 1.3384 -0.5071 1.0868
v -1.6441 -0.5151 0.6884
v 1.6364 -0.5147 0.6737
v -0.3812 -0.5120 -0.8380
v 0.3801 -0.5117 -0.8402
v -0.8921 -0.4977 1.3088
v 0.8926 -0.4978 1.3059
v -1.1105 -0.5250 -0.6248
v 1.0809 -0.5242 -0.6282
v -0.1272 -0.5120 -0.8322
v 0.1270 -0.5119 -0.8377
v -1.3185 -0.5286 -0.4549
v 1.2771 -0.5283 -0.4666
v -0.6402 -0.4947 1.3417
v 0.6405 -0.4950 1.3421
v -1.7247 -0.5180 0.1730
v 1.7020 -0.5182 0.1729
v -0.1284 -0.4906 1.3694
v 0.1282 -0.4906 1.3692
v -1.5060 -0.5269 -0.2760
v 1.4620 -0.5267 -0.2911
v -0.8831 -0.5182 -0.7528
v 0.8664 -0.5178 -0.7466
v -0.3847 -0.4921 1.3601
v 0.3847 -0.4923 1.3601
v -1.7340 -0.5136 0.4302
v 1.7232 -0.5133 0.4270
v -1.1321 -0.5013 1.2391
v 1.1326 -0.5014 1.2277
v -1.6563 -0.5219 -0.0720
v 1.6230 -0.5221 -0.0820
v -0.6365 -0.5138 -0.8238
v 0.6282 -0.5135 -0.8185
v -1.5083 -0.5124 0.9148
v 1.5059 -0.5122 0.8962
v -1.3137 -0.0770 1.1129
v 1.3175 -0.0769 1.0593
v -1.6474 -0.0699 0.6972
v 1.6769 -0.0696 0.6513
v -0.3738 -0.0676 -0.9536
v 0.3683 -0.0674 -0.9269
v -0.8636 -0.0793 1.3003
v 0.8638 -0.0793 1.2819
v -1.1238 -0.0808 -0.7044
v 1.0609 -0.0797 -0.7291
v -0.1238 -0.0704 -0.9099
v 0.1235 -0.0705 -0.9075
v -1.3334 -0.0858 -0.5166
v 1.2480 -0.0854 -0.5898
v -0.6196 -0.0787 1.3385
v 0.6199 -0.0790 1.3351
v -1.7434 -0.0701 0.1475
v 1.7124 -0.0700 0.1012
v -0.1238 -0.0771 1.3689
v 0.1239 -0.0772 1.3688
v -1.5277 -0.0825 -0.3273
v 1.4354 -0.0826 -0.4115
v -0.8880 -0.0702 -0.8706
v 0.8532 -0.0698 -0.8324
v -0.3718 -0.0779 1.3603
v 0.3719 -0.0781 1.3603
v -1.7439 -0.0661 0.4245
v 1.7522 -0.0660 0.3923
v -1.0993 -0.0788 1.2328
v 1.0966 -0.0786 1.1945
v -1.6737 -0.0751 -0.1105
v 1.6139 -0.0748 -0.1819
v -0.6329 -0.0662 -0.9520
v 0.6165 -0.0661 -0.9019
v -1.4992 -0.0742 0.9294
v 1.5234 -0.0738 0.8746
v -1.0723 0.3260 1.2380
v 1.0665 0.3260 1.1954
v -1.6407 0.3661 -0.1122
v 1.5614 0.3662 -0.2079
v -0.5965 0.3603 -1.0001
v 0.5861 0.3617 -0.9595
v -1.4737 0.3549 0.9330
v 1.5020 0.3551 0.8718
v -1.2864 0.3402 1.1161
v 1.2911 0.3402 1.0572
v -1.6179 0.3677 0.6992
v 1.6525 0.3679 0.6471
v -0.3511 0.3576 -1.0022
v 0.3462 0.3581 -0.9908
v -0.8416 0.3149 1.3112
v 0.8412 0.3148 1.2901
v -1.0939 0.3498 -0.7228
v 1.0267 0.3496 -0.7793
v -0.1157 0.3542 -0.9592
v 0.1156 0.3544 -0.9600
v -1.3078 0.3474 -0.5252
v 1.2083 0.3473 -0.6553
v -0.6041 0.3083 1.3531
v 0.6043 0.3081 1.3492
v -1.7134 0.3740 0.1478
v 1.6735 0.3741 0.0933
v -0.1207 0.3046 1.3887
v 0.1209 0.3046 1.3887
v -1.4996 0.3552 -0.3327
v 1.3879 0.3551 -0.4746
v -0.8517 0.3582 -0.9065
v 0.8197 0.3582 -0.8714
v -0.3625 0.3054 1.3781
v 0.3627 0.3053 1.3783
v -1.7048 0.3754 0.4286
v 1.7139 0.3755 0.3881
v 0.5377 0.7680 -0.7949
v -1.5593 0.8014 -0.0769
v -1.4209 0.7856 -0.2868
v 1.3292 0.7855 -0.3838
v -0.5483 0.7677 -0.8034
v 0.1186 0.6728 1.4048
v -1.5574 0.8036 0.6864
v -0.3558 0.6765 1.3909
v 0.7522 0.7650 -0.7239
v -0.8244 0.7018 1.3144
v 0.8240 0.7018 1.3033
v -1.6259 0.8144 0.4301
v 1.4816 0.8013 -0.1272
v 1.5899 0.8145 0.4123
v -1.4288 0.7819 0.9138
v 1.4110 0.7819 0.8766
v 1.5331 0.8036 0.6557
v -1.0109 0.7657 -0.6054
v 0.3559 0.6765 1.3960
v -0.5924 0.6855 1.3625
v -0.3244 0.7720 -0.8199
v 0.5924 0.6855 1.3657
v -1.2306 0.7723 -0.4570
v -1.6306 0.8128 0.1667
v 1.1535 0.7721 -0.5562
v 0.1072 0.7750 -0.8241
v -1.2542 0.7539 1.0994
v 1.2389 0.7539 1.0626
v 0.3221 0.7719 -0.8298
v 1.5735 0.8128 0.1499
v -0.7772 0.7647 -0.7328
v -0.1071 0.7749 -0.8154
v 0.9604 0.7656 -0.6575
v -1.0487 0.7255 1.2316
v -0.1185 0.6728 1.4020
v 1.0428 0.7255 1.2049
v 1.4586 1.2158 0.2437
v 1.3974 1.2057 0.6900
v 0.0866 1.0942 -0.5004
v 0.3404 0.9937 1.4380
v 0.1103 0.9860 1.4522
v 0.2783 1.0925 -0.5007
v 0.5671 1.0110 1.3953
v 0.7855 1.0399 1.3185
v 0.9875 1.0798 1.2107
v 1.1630 1.1265 1.0703
v 1.3009 1.1717 0.8945
v 1.4525 1.2212 0.4690
v 1.3849 1.1935 0.0241
v 1.2378 1.1624 -0.1683
v 1.0515 1.1319 -0.3097
v 0.8614 1.1088 -0.3928
v 0.6673 1.0959 -0.4431
v 0.4720 1.0917 -0.4846
v -1.4894 1.2159 0.2449
v -1.4411 1.2057 0.6933
v -0.3514 0.9937 1.4255
v -0.2956 1.0925 -0.4990
v -0.1208 0.9860 1.4454
v -0.5792 1.0110 1.3842
v -0.7994 1.0399 1.3150
v -1.0059 1.0798 1.2149
v -1.1909 1.1265 1.0768
v -1.3398 1.1717 0.8999
v -1.4916 1.2212 0.4698
v -1.4202 1.1936 0.0278
v -1.2855 1.1626 -0.1584
v -1.0994 1.1320 -0.2988
v -0.8961 1.1089 -0.3901
v -0.6924 1.0959 -0.4525
v -0.4917 1.0917 -0.4884
v -0.1041 1.0942 -0.4985
v -1.8191 -2.5804 -0.8124
v -1.2216 -2.9971 -1.1585
v -1.1286 -3.0705 -1.5619
v -0.7545 -3.1773 -1.5876
v -0.4656 -3.2362 -1.7495
v -1.3171 -2.5992 1.8937
v -1.0281 -2.6245 1.6998
v -0.4945 -2.5164 1.6812
v -1.6570 -2.6100 1.5595
v -0.7565 -2.5512 1.7570
v -1.6359 -2.7139 -1.3395
v -2.2589 -2.3791 -0.3129
v -2.5464 -2.3210 0.4047
v -2.1508 -2.4318 1.4965
v -2.1215 -2.4383 0.9256
v -0.2441 -3.3318 -1.5777
v -0.2417 -2.4831 1.6845
v 1.9478 -2.5779 -0.8713
v 1.1692 -2.9900 -1.1525
v 1.1196 -3.0486 -1.5697
v 0.7834 -3.1526 -1.6291
v 0.4782 -3.2444 -1.6872
v -0.0197 -3.2831 -1.7941
v 1.2689 -2.6019 1.8790
v 1.0237 -2.6216 1.7132
v 0.4927 -2.5180 1.6931
v 0.0012 -2.4669 1.7415
v 1.6358 -2.5957 1.6005
v 0.7604 -2.5558 1.7586
v 1.6044 -2.7247 -1.2867
v 2.1963 -2.3801 -0.2939
v 2.5640 -2.3161 0.3732
v 2.1209 -2.4450 1.4758
v 2.1179 -2.4444 0.9061
v 0.2142 -3.3245 -1.5950
v 0.2450 -2.4826 1.6860
v -1.7968 -2.6227 -1.1404
v -1.4173 -2.8752 -1.2428
v -1.9778 -2.5109 -0.5446
v -0.3670 -3.2951 -1.6552
v -0.8999 -2.5958 1.7052
v -1.1864 -2.6169 1.8130
v -1.4590 -2.6181 1.7438
v -0.6035 -3.2077 -1.6813
v -1.1629 -3.0529 -1.3470
v -0.9629 -3.1288 -1.5882
v 0.9070 -2.5969 1.7110
v 1.4105 -2.6196 1.7400
v 0.9706 -3.1071 -1.6181
v 0.6319 -3.2078 -1.6495
v 0.6352 -2.5375 1.7278
v 2.4226 -2.3448 0.0748
v 1.1356 -3.0368 -1.3513
v -0.1291 -3.3109 -1.6875
v 0.3748 -2.4983 1.6737
v 0.1198 -2.4730 1.7133
v 1.9175 -2.5091 1.5698
v -0.6331 -2.5347 1.7157
v -1.9246 -2.5299 1.5226
v -0.3762 -2.4981 1.6665
v 2.3503 -2.3812 0.6059
v -2.1826 -2.4189 1.2430
v 2.0886 -2.4546 1.2196
v -2.4634 -2.3398 0.0592
v -2.3106 -2.3904 0.6364
v 1.8268 -2.6363 -1.1247
v 1.9961 -2.5076 -0.5873
v 1.3733 -2.8825 -1.2008
v -0.1165 -2.4725 1.7173
v 0.3601 -3.2984 -1.6273
v 0.0974 -3.3029 -1.7119
v 1.1612 -2.6126 1.8200
v -1.5195 0.1241 -0.3586
v -1.4249 0.1187 -0.4590
v -1.3255 0.1164 -0.5571
v -1.6658 0.1354 -0.1327
v -1.7174 0.1404 -0.0029
v -0.3581 0.1380 -1.0227
v -0.2369 0.1363 -0.9930
v -0.8517 0.1141 1.3136
v -0.7323 0.1133 1.3366
v -1.0846 0.1183 1.2444
v -0.9692 0.1157 1.2835
v -1.3014 0.1241 1.1269
v -1.4000 0.1276 1.0428
v -0.6127 0.1389 -1.0236
v -0.4827 0.1386 -1.0313
v -1.1141 0.1200 -0.7567
v -0.9981 0.1267 -0.8550
v -0.8743 0.1337 -0.9375
v -0.7442 0.1379 -0.9947
v 0.8514 0.1140 1.2930
v 0.7321 0.1131 1.3255
v 1.3075 0.1242 1.0688
v 1.4201 0.1277 0.9828
v 0.8428 0.1337 -0.8852
v 0.7260 0.1376 -0.9300
v 0.6014 0.1383 -0.9637
v 0.4753 0.1379 -0.9869
v 0.6108 0.1127 1.3506
v 1.7100 0.1435 0.0804
v 1.7438 0.1462 0.2381
v 1.0524 0.1207 -0.7819
v 0.9528 0.1272 -0.8349
v -0.1180 0.1348 -0.9620
v -0.0003 0.1343 -0.9517
v 0.3661 0.1134 1.3775
v 0.2438 0.1140 1.3834
v 0.1218 0.1145 1.3860
v 1.5241 0.1318 0.8840
v 1.6145 0.1364 0.7762
v -0.6108 0.1130 1.3541
v -1.4927 0.1315 0.9447
v -1.5776 0.1361 0.8343
v -0.3661 0.1136 1.3773
v -0.2438 0.1141 1.3834
v 1.7518 0.1462 0.3905
v 1.7298 0.1434 0.5299
v -1.6421 0.1395 0.7086
v -1.6965 0.1429 0.5727
v 1.6808 0.1399 0.6575
v -1.7443 0.1435 0.1361
v -1.7512 0.1458 0.2833
v -1.7367 0.1460 0.4303
v 1.4153 0.1239 -0.4704
v 1.3221 0.1190 -0.5689
v 1.5919 0.1354 -0.2227
v 1.6604 0.1401 -0.0735
v 1.2331 0.1168 -0.6529
v -0.1218 0.1145 1.3861
v -0.0000 0.1147 1.3868
v 0.3537 0.1379 -0.9909
v 0.2362 0.1364 -0.9752
v 0.1182 0.1347 -0.9583
v 1.0801 0.1181 1.2025
v 0.9677 0.1157 1.2525
v -0.2462 0.0745 1.4038
v 1.1626 0.0466 -0.7466
v 1.1474 0.1180 -0.7264
v -0.7390 0.0625 -0.9889
v -0.0005 0.0783 -0.9731
v 0.4801 0.0694 -0.9870
v -1.4441 0.0529 -0.4880
v 0.2464 0.0744 1.4038
v -0.9796 0.0717 1.3070
v -1.7905 0.0953 0.2864
v -1.2380 0.0461 -0.6901
v -1.2248 0.1171 -0.6591
v 1.4364 0.0768 1.0093
v 0.7410 0.0713 1.3474
v -1.2090 0.0734 1.2195
v -1.1969 0.1209 1.1943
v 1.2044 0.0739 1.1678
v 1.1922 0.1212 1.1417
v -1.4168 0.0768 1.0697
v -0.4873 0.0694 -1.0291
v -1.6042 0.0846 0.8590
v 1.5387 0.0718 -0.3788
v 1.5097 0.1300 -0.3570
v 1.6953 0.0873 -0.0905
v 1.7634 0.0919 0.5486
v -1.6029 0.1301 -0.2514
v 0.4885 0.1129 1.3671
v -0.4884 0.1132 1.3669
v 0.0001 0.0753 1.4072
v 0.9497 0.0499 -0.8399
v -0.9972 0.0526 -0.8762
v -0.2383 0.0773 -1.0126
v 0.2387 0.0782 -0.9959
v -1.6316 0.0721 -0.2760
v 0.4938 0.0727 1.3881
v -0.7412 0.0715 1.3584
v -1.7276 0.0911 0.5924
v 1.6415 0.0846 0.7998
v 0.9785 0.0715 1.2764
v -1.7537 0.0878 -0.0178
v -0.4934 0.0729 1.3879
v 0.7244 0.0614 -0.9267
v 1.3445 0.0532 -0.5895
v 1.7848 0.0960 0.2407
v -0.1229 0.0751 1.4064
v 1.0587 0.0457 -0.7961
v -0.8652 0.0583 -0.9434
v -0.1181 0.0782 -0.9835
v 0.3577 0.0754 -1.0043
v -1.5429 0.0622 -0.3862
v 0.3699 0.0735 1.3982
v -0.8618 0.0713 1.3359
v -1.7732 0.0953 0.4431
v 0.1231 0.0750 1.4064
v -1.3428 0.0478 -0.5878
v 0.1189 0.0783 -0.9801
v 1.5455 0.0801 0.9095
v 0.8615 0.0711 1.3157
v -1.0955 0.0730 1.2693
v -1.6968 0.0803 -0.1541
v -0.6177 0.0722 1.3755
v 1.3207 0.0748 1.0953
v -1.3155 0.0747 1.1531
v -0.6147 0.0656 -1.0136
v 0.8370 0.0560 -0.8864
v -1.5141 0.0800 0.9707
v 1.4408 0.0619 -0.4911
v -0.3697 0.0737 1.3979
v 1.6210 0.0803 -0.2453
v 0.6036 0.0653 -0.9564
v 1.7909 0.0957 0.4030
v 0.6179 0.0718 1.3721
v 1.0918 0.0726 1.2275
v -1.6701 0.0876 0.7321
v -1.1222 0.0471 -0.7853
v 1.7090 0.0880 0.6802
v 1.7486 0.0919 0.0719
v -1.7831 0.0920 0.1285
v 1.2537 0.0481 -0.6740
v -0.3610 0.0746 -1.0345
v -1.2376 1.5917 0.0156
v -0.0215 1.5917 1.4454
v -1.1741 1.5917 0.9757
v -0.4524 1.5917 1.4041
v -0.6611 1.5917 1.3395
v -1.3825 1.5917 0.3915
v -1.3352 1.5917 0.5981
v -1.2582 1.5917 0.7975
v -1.0375 1.5917 1.1241
v -0.8587 1.5917 1.2431
v -1.3410 1.5917 0.1907
v -0.9110 1.5917 -0.2119
v -0.7329 1.5917 -0.2682
v -0.5528 1.5917 -0.3030
v -0.3737 1.5917 -0.3233
v -0.0215 1.5917 -0.3361
v -1.0859 1.5917 -0.1195
v -0.1969 1.5917 -0.3332
v -0.2381 1.5917 1.4357
v 1.2383 1.5917 0.0095
v 1.1448 1.5917 0.9758
v 0.4095 1.5917 1.4145
v 0.6181 1.5917 1.3501
v 1.3590 1.5917 0.3915
v 1.3226 1.5917 0.5982
v 1.2556 1.5917 0.7976
v 0.9946 1.5917 1.1267
v 0.8157 1.5917 1.2495
v 1.3383 1.5917 0.1892
v 0.8794 1.5917 -0.2146
v 0.6901 1.5917 -0.2678
v 0.5098 1.5917 -0.3028
v 0.3307 1.5917 -0.3233
v 1.0746 1.5917 -0.1258
v 0.1538 1.5917 -0.3332
v 0.1951 1.5917 1.4417
v 0.0660 1.5917 -0.3354
v -0.1299 1.5917 1.4421
v -0.3457 1.5917 1.4238
v 0.0869 1.5917 1.4453
v -0.9510 1.5917 1.1863
v -0.8221 1.5917 -0.2437
v -1.2969 1.5917 0.6997
v -1.3697 1.5917 0.4948
v -1.3701 1.5917 0.2892
v -0.1091 1.5917 -0.3354
v -0.7617 1.5917 1.2946
v -0.2850 1.5917 -0.3293
v -0.9996 1.5917 -0.1711
v -0.6430 1.5917 -0.2875
v -0.4630 1.5917 -0.3148
v -1.1666 1.5917 -0.0571
v -1.2961 1.5917 0.0987
v -1.1164 1.5917 1.0539
v -0.5577 1.5917 1.3764
v -1.2161 1.5917 0.8899
v 0.3028 1.5917 1.4322
v 0.2420 1.5917 -0.3293
v 1.3458 1.5917 0.4949
v 1.2944 1.5917 0.6997
v 0.9781 1.5917 -0.1761
v 0.5148 1.5917 1.3879
v 0.9081 1.5917 1.1909
v 1.3578 1.5917 0.2891
v 1.0740 1.5917 1.0549
v 1.2058 1.5917 0.8900
v 0.7187 1.5917 1.3032
v 1.2969 1.5917 0.0949
v 1.1634 1.5917 -0.0639
v 0.4200 1.5917 -0.3147
v 0.6000 1.5917 -0.2872
v 0.7823 1.5917 -0.2443
v -1.1961 1.5917 0.0314
v -0.0216 1.5917 1.4133
v -1.1350 1.5917 0.9588
v -0.4379 1.5917 1.3731
v -0.6395 1.5917 1.3111
v -1.3365 1.5917 0.3946
v -1.2868 1.5917 0.5943
v -1.2125 1.5917 0.7868
v -1.0032 1.5917 1.1021
v -0.8304 1.5917 1.2179
v -1.2963 1.5917 0.2003
v -0.8806 1.5917 -0.1876
v -0.7089 1.5917 -0.2422
v -0.5349 1.5917 -0.2762
v -0.3619 1.5917 -0.2960
v -0.0216 1.5917 -0.3084
v -1.0492 1.5917 -0.0988
v -0.1910 1.5917 -0.3056
v -0.2309 1.5917 1.4037
v 1.1950 1.5917 0.0255
v 1.1051 1.5917 0.9590
v 0.3947 1.5917 1.3833
v 0.5963 1.5917 1.3218
v 1.3132 1.5917 0.3945
v 1.2771 1.5917 0.5943
v 1.2120 1.5917 0.7869
v 0.9600 1.5917 1.1051
v 0.7872 1.5917 1.2245
v 1.2927 1.5917 0.1986
v 0.8473 1.5917 -0.1899
v 0.6658 1.5917 -0.2419
v 0.4917 1.5917 -0.2761
v 0.3187 1.5917 -0.2960
v 1.0356 1.5917 -0.1047
v 0.1478 1.5917 -0.3056
v 0.1877 1.5917 1.4095
v 0.0630 1.5917 -0.3077
v -0.1264 1.5917 1.4101
v -0.3349 1.5917 1.3921
v 0.0832 1.5917 1.4131
v -0.9196 1.5917 1.1625
v -0.7951 1.5917 -0.2183
v -1.2500 1.5917 0.6924
v -1.3215 1.5917 0.4945
v -1.3247 1.5917 0.2956
v -0.1062 1.5917 -0.3077
v -0.7367 1.5917 1.2678
v -0.2762 1.5917 -0.3018
v -0.9660 1.5917 -0.1483
v -0.6220 1.5917 -0.2611
v -0.4481 1.5917 -0.2877
v -1.1272 1.5917 -0.0384
v -1.2528 1.5917 0.1115
v -1.0795 1.5917 1.0344
v -0.5397 1.5917 1.3466
v -1.1742 1.5917 0.8761
v 0.2916 1.5917 1.4004
v 0.2330 1.5917 -0.3018
v 1.3000 1.5917 0.4946
v 1.2494 1.5917 0.6924
v 0.9423 1.5917 -0.1529
v 0.4964 1.5917 1.3580
v 0.8764 1.5917 1.1673
v 1.3119 1.5917 0.2953
v 1.0367 1.5917 1.0356
v 1.1640 1.5917 0.8761
v 0.6935 1.5917 1.2766
v 1.2518 1.5917 0.1076
v 1.1217 1.5917 -0.0449
v 0.4049 1.5917 -0.2877
v 0.5788 1.5917 -0.2609
v 0.7542 1.5917 -0.2188
v -1.1995 1.5476 0.0302
v -0.0216 1.5476 1.4134
v -1.1355 1.5476 0.9589
v -0.4380 1.5476 1.3728
v -0.6396 1.5476 1.3110
v -1.3397 1.5476 0.3944
v -1.2886 1.5476 0.5943
v -1.2138 1.5476 0.7869
v -1.0034 1.5476 1.1022
v -0.8305 1.5476 1.2179
v -1.3002 1.5476 0.1998
v -0.8810 1.5476 -0.1891
v -0.7090 1.5476 -0.2432
v -0.5350 1.5476 -0.2767
v -0.3619 1.5476 -0.2961
v -0.0216 1.5476 -0.3085
v -1.0511 1.5476 -0.1005
v -0.1910 1.5476 -0.3056
v -0.2309 1.5476 1.4033
v 1.1984 1.5476 0.0231
v 1.1053 1.5476 0.9591
v 0.3948 1.5476 1.3842
v 0.5964 1.5476 1.3226
v 1.3165 1.5476 0.3946
v 1.2788 1.5476 0.5943
v 1.2124 1.5476 0.7869
v 0.9601 1.5476 1.1051
v 0.7873 1.5476 1.2248
v 1.2968 1.5476 0.1975
v 0.8478 1.5476 -0.1913
v 0.6660 1.5476 -0.2422
v 0.4918 1.5476 -0.2762
v 0.3187 1.5476 -0.2961
v 1.0371 1.5476 -0.1070
v 0.1478 1.5476 -0.3057
v 0.1877 1.5476 1.4103
v 0.0630 1.5476 -0.3078
v -0.1264 1.5476 1.4097
v -0.3349 1.5476 1.3918
v 0.0832 1.5476 1.4136
v -0.9198 1.5476 1.1626
v -0.7952 1.5476 -0.2196
v -1.2515 1.5476 0.6924
v -1.3240 1.5476 0.4945
v -1.3285 1.5476 0.2952
v -0.1062 1.5476 -0.3078
v -0.7368 1.5476 1.2678
v -0.2762 1.5476 -0.3019
v -0.9669 1.5476 -0.1499
v -0.6221 1.5476 -0.2617
v -0.4482 1.5476 -0.2879
v -1.1300 1.5476 -0.0400
v -1.2567 1.5476 0.1107
v -1.0797 1.5476 1.0344
v -0.5397 1.5476 1.3464
v -1.1751 1.5476 0.8761
v 0.2917 1.5476 1.4014
v 0.2330 1.5476 -0.3019
v 1.3026 1.5476 0.4946
v 1.2504 1.5476 0.6924
v 0.9432 1.5476 -0.1548
v 0.4965 1.5476 1.3590
v 0.8766 1.5476 1.1673
v 1.3159 1.5476 0.2948
v 1.0368 1.5476 1.0357
v 1.1641 1.5476 0.8761
v 0.6936 1.5476 1.2771
v 1.2557 1.5476 0.1057
v 1.1242 1.5476 -0.0473
v 0.4050 1.5476 -0.2878
v 0.5789 1.5476 -0.2610
v 0.7545 1.5476 -0.2195
v -0.0183 1.3485 -0.3818
v -0.0208 1.4620 -0.3597
v 0.0690 1.4620 -0.3590
v 0.0728 1.3485 -0.3811
v -1.2938 1.3485 0.9009
v -1.2570 1.4620 0.8992
v -1.3046 1.4620 0.8042
v -1.3468 1.3485 0.8042
v -0.3845 1.3485 -0.3710
v -0.3819 1.4620 -0.3473
v -0.2910 1.4620 -0.3529
v -0.2922 1.3485 -0.3759
v -0.8526 1.3485 -0.2933
v -0.8420 1.4620 -0.2693
v -0.7503 1.4620 -0.2938
v -0.7587 1.3485 -0.3181
v -1.2278 1.3485 -0.0977
v -1.2042 1.4620 -0.0776
v -1.1188 1.4620 -0.1422
v -1.1397 1.3485 -0.1641
v -1.0273 1.4620 -0.1955
v -1.0446 1.3485 -0.2185
v 1.4124 1.3485 0.4871
v 1.3880 1.4620 0.4932
v 1.3625 1.4620 0.5993
v 1.3870 1.3485 0.5953
v 0.2557 1.3485 -0.3748
v 0.2494 1.4620 -0.3528
v 0.3404 1.4620 -0.3467
v 0.3480 1.3485 -0.3686
v -0.6646 1.3485 -0.3373
v -0.6580 1.4620 -0.3128
v -0.5656 1.4620 -0.3279
v -0.5707 1.3485 -0.3524
v -1.3451 1.4620 0.7037
v -1.3885 1.3485 0.7017
v -0.9846 1.3485 1.2109
v -0.9739 1.4620 1.2035
v -1.0626 1.4620 1.1397
v -1.0750 1.3485 1.1459
v -0.4662 1.3485 1.4298
v -0.4626 1.4620 1.4240
v -0.5706 1.4620 1.3958
v -0.5757 1.3485 1.4014
v -0.4773 1.3485 -0.3634
v -0.4735 1.4620 -0.3393
v 1.1211 1.3485 1.0725
v 1.1028 1.4620 1.0681
v 1.0214 1.4620 1.1417
v 1.0385 1.3485 1.1469
v -1.2339 1.3485 0.9906
v -1.2083 1.4620 0.9872
v 1.3546 1.3485 0.7016
v 1.3315 1.4620 0.7037
v 1.2900 1.4620 0.8042
v 1.3117 1.3485 0.8040
v -0.1309 1.3485 1.4708
v -0.1319 1.4620 1.4636
v -0.2429 1.4620 1.4568
v -0.2434 1.3485 1.4636
v 1.1217 1.3485 -0.1712
v 1.1073 1.4620 -0.1506
v 1.2008 1.4620 -0.0872
v 1.2161 1.3485 -0.1066
v -1.4232 1.3485 0.5954
v -1.3836 1.4620 0.5994
v -1.4161 1.4620 0.4932
v -1.4461 1.3485 0.4873
v -0.9478 1.3485 -0.2609
v -0.9340 1.4620 -0.2372
v -1.3039 1.3485 -0.0196
v -1.2786 1.4620 -0.0017
v 1.2380 1.4620 0.8991
v 1.2582 1.3485 0.9008
v 1.4265 1.3485 0.3791
v 1.4029 1.4620 0.3872
v 0.4320 1.4620 -0.3379
v 0.4408 1.3485 -0.3596
v 1.0206 1.3485 -0.2234
v 1.0067 1.4620 -0.2020
v 1.1948 1.3485 0.9905
v 1.1755 1.4620 0.9872
v -1.4121 1.3485 0.1681
v -1.3855 1.4620 0.1804
v -1.3393 1.4620 0.0851
v -1.3656 1.3485 0.0699
v 0.5343 1.3485 -0.3472
v 0.5241 1.4620 -0.3257
v 0.6166 1.4620 -0.3096
v 0.6281 1.3485 -0.3308
v 0.6469 1.3485 1.3762
v 0.6352 1.4620 1.3708
v 0.5292 1.4620 1.4102
v 0.5394 1.3485 1.4161
v 0.8525 1.3485 1.2727
v 0.8379 1.4620 1.2670
v 0.7384 1.4620 1.3223
v 0.7516 1.3485 1.3277
v -0.0182 1.3485 1.4758
v -0.0207 1.4620 1.4680
v 1.2793 1.4620 -0.0108
v 1.2960 1.3485 -0.0286
v -1.4254 1.4620 0.3870
v -1.4512 1.3485 0.3792
v -1.4408 1.3485 0.2722
v -1.4143 1.4620 0.2818
v 1.3590 1.3485 0.0628
v 1.3406 1.4620 0.0784
v 1.3833 1.4620 0.1771
v 1.4038 1.3485 0.1640
v -0.2006 1.3485 -0.3791
v -0.2006 1.4620 -0.3568
v -0.1106 1.4620 -0.3590
v -0.1093 1.3485 -0.3810
v 0.9485 1.3485 1.2132
v 0.9327 1.4620 1.2072
v 0.9175 1.3485 -0.2619
v 0.9040 1.4620 -0.2401
v -0.3532 1.4620 1.4442
v -0.3553 1.3485 1.4503
v -1.1443 1.4620 1.0676
v -1.1591 1.3485 1.0725
v 0.7095 1.4620 -0.2909
v 0.7225 1.3485 -0.3123
v -0.7877 1.3485 1.3194
v -0.7797 1.4620 1.3129
v -0.8792 1.4620 1.2608
v -0.8886 1.3485 1.2680
v 0.4212 1.4620 1.4379
v 0.4299 1.3485 1.4447
v 0.2071 1.3485 1.4749
v 0.2014 1.4620 1.4663
v 0.0905 1.4620 1.4691
v 0.0946 1.3485 1.4775
v 1.4027 1.4620 0.2812
v 1.4252 1.3485 0.2707
v 0.3190 1.3485 1.4639
v 0.3118 1.4620 1.4563
v 0.8042 1.4620 -0.2685
v 0.8178 1.3485 -0.2903
v 0.1590 1.4620 -0.3568
v 0.1640 1.3485 -0.3788
v -0.6831 1.3485 1.3643
v -0.6765 1.4620 1.3583
v -0.0214 1.5679 -0.3473
v -1.2340 1.5679 0.8952
v -0.3783 1.5679 -0.3344
v -0.8326 1.5679 -0.2547
v -1.1834 1.5679 -0.0656
v 1.3653 1.5679 0.4946
v 0.2456 1.5679 -0.3405
v -0.6511 1.5679 -0.2987
v -0.9633 1.5679 1.1956
v -0.4580 1.5679 1.4161
v -0.4688 1.5679 -0.3259
v 1.0888 1.5679 1.0623
v -1.1902 1.5679 0.9821
v 1.3127 1.5679 0.7024
v -0.1313 1.5679 1.4545
v 1.0908 1.5679 -0.1358
v -1.3562 1.5679 0.5994
v -0.9230 1.5679 -0.2227
v -1.2556 1.5679 0.0083
v 1.3789 1.5679 0.3900
v 0.9927 1.5679 -0.1867
v 1.1606 1.5679 0.9822
v -1.3605 1.5679 0.1863
v 0.5170 1.5679 -0.3137
v 0.6268 1.5679 1.3614
v 0.8271 1.5679 1.2593
v -0.0214 1.5679 1.4579
v -1.3898 1.5679 0.2862
v 1.3166 1.5679 0.0887
v -0.1991 1.5679 -0.3444
v 0.9207 1.5679 1.2000
v 0.8923 1.5679 -0.2256
v -0.7714 1.5679 1.3050
v 0.1982 1.5679 1.4548
v 0.3072 1.5679 1.4452
v -0.6694 1.5679 1.3504
v 0.0673 1.5679 -0.3466
v -1.2781 1.5679 0.8015
v -0.2884 1.5679 -0.3404
v -0.7423 1.5679 -0.2794
v -1.1012 1.5679 -0.1290
v -1.0132 1.5679 -0.1813
v 1.3416 1.5679 0.5994
v 0.3355 1.5679 -0.3344
v -0.5598 1.5679 -0.3141
v -1.3174 1.5679 0.7023
v -1.0509 1.5679 1.1326
v -0.5647 1.5679 1.3879
v 1.0084 1.5679 1.1351
v 1.2730 1.5679 0.8015
v -0.2409 1.5679 1.4481
v 1.1811 1.5679 -0.0731
v -1.3904 1.5679 0.4946
v 1.2224 1.5679 0.8952
v 0.4260 1.5679 -0.3257
v -1.3150 1.5679 0.0929
v 0.6084 1.5679 -0.2979
v 0.5221 1.5679 1.4001
v 0.7288 1.5679 1.3138
v 1.2570 1.5679 0.0017
v -1.4020 1.5679 0.3899
v 1.3583 1.5679 0.1846
v -0.1101 1.5679 -0.3466
v -0.3499 1.5679 1.4360
v -1.1310 1.5679 1.0614
v 0.6999 1.5679 -0.2786
v -0.8697 1.5679 1.2529
v 0.4153 1.5679 1.4272
v 0.0885 1.5679 1.4581
v 1.3778 1.5679 0.2860
v 0.7936 1.5679 -0.2551
v 0.1563 1.5679 -0.3444
v 1.3326 1.6152 0.2924
v 1.3342 1.6152 0.3930
v -0.0215 1.6152 1.4292
v -0.1281 1.6152 1.4262
v -0.2806 1.6152 -0.3157
v -0.1939 1.6152 -0.3195
v 1.1250 1.6152 0.9674
v 1.0554 1.6152 1.0452
v -0.3403 1.6152 1.4080
v -0.4452 1.6152 1.3887
v -1.0666 1.6152 -0.1083
v -0.9823 1.6152 -0.1588
v 1.1849 1.6152 0.8830
v 0.0851 1.6152 1.4289
v -0.6325 1.6152 -0.2741
v -0.5439 1.6152 -0.2896
v 0.7061 1.6152 1.2895
v 0.6072 1.6152 1.3353
v -0.9353 1.6152 1.1744
v -1.0204 1.6152 1.1131
v -0.4556 1.6152 -0.3013
v -0.3678 1.6152 -0.3098
v 1.2144 1.6152 0.0187
v 1.2719 1.6152 0.1021
v -0.8957 1.6152 -0.1991
v -0.8086 1.6152 -0.2305
v -1.1455 1.6152 -0.0470
v 1.1409 1.6152 -0.0532
v -1.2729 1.6152 0.6960
v -1.3102 1.6152 0.5962
v -1.3166 1.6152 0.1958
v -1.2725 1.6152 0.1055
v 0.4125 1.6152 -0.3013
v 0.5008 1.6152 -0.2896
v -1.3444 1.6152 0.4947
v -1.3580 1.6152 0.3931
v -1.0980 1.6152 1.0441
v 0.5894 1.6152 -0.2742
v 0.6780 1.6152 -0.2549
v -1.3455 1.6152 0.2926
v -0.5487 1.6152 1.3615
v -0.6503 1.6152 1.3253
v 0.7681 1.6152 -0.2312
v 0.8631 1.6152 -0.2016
v -0.1076 1.6152 -0.3217
v -0.0215 1.6152 -0.3224
v -1.1950 1.6152 0.8830
v -1.2350 1.6152 0.7922
v -0.7492 1.6152 1.2812
v 0.2972 1.6152 1.4157
v 0.1914 1.6152 1.4251
v 0.1508 1.6152 -0.3196
v 0.2375 1.6152 -0.3157
v 1.3214 1.6152 0.4947
v 1.2990 1.6152 0.5962
v -0.7209 1.6152 -0.2549
v 1.2715 1.6152 0.6961
v 1.2337 1.6152 0.7922
v 0.9595 1.6152 -0.1635
v 1.0540 1.6152 -0.1141
v -1.2151 1.6152 0.0241
v 0.5056 1.6152 1.3723
v 0.8923 1.6152 1.1790
v 0.8015 1.6152 1.2369
v 0.0646 1.6152 -0.3217
v -1.1546 1.6152 0.9673
v 1.3130 1.6152 0.1944
v -0.2345 1.6152 1.4199
v 0.9773 1.6152 1.1159
v 0.4021 1.6152 1.3983
v -0.8445 1.6152 1.2305
v 0.3247 1.6152 -0.3098
v -1.3102 1.3093 -0.0297
v 0.2085 1.2957 1.4666
v -0.2417 1.2957 1.4551
v 1.2961 1.3093 -0.0377
v -0.0166 1.2956 1.4670
v -0.0171 1.3129 -0.3918
v -0.7617 1.3122 -0.3297
v -0.9527 1.3116 -0.2723
v -0.5723 1.3126 -0.3640
v -0.3852 1.3128 -0.3820
v -1.4181 1.3077 0.1588
v -0.6819 1.2966 1.3587
v -1.4568 1.3058 0.3708
v -1.4321 1.3037 0.5877
v -1.3570 1.3018 0.7981
v -1.0756 1.2986 1.1423
v -0.8880 1.2974 1.2645
v -0.4646 1.2960 1.4223
v -1.2376 1.3000 0.9860
v 0.1661 1.3129 -0.3891
v 1.1231 1.3106 -0.1808
v -0.2004 1.3129 -0.3895
v -1.1455 1.3107 -0.1749
v 1.3919 1.3037 0.5875
v 0.8550 1.2974 1.2683
v 0.9211 1.3116 -0.2718
v 0.5381 1.3126 -0.3575
v 1.4047 1.3077 0.1549
v 0.7271 1.3122 -0.3225
v 0.3510 1.3128 -0.3789
v 1.3160 1.3018 0.7975
v 1.4298 1.3058 0.3705
v 1.1984 1.3000 0.9855
v 1.0417 1.2986 1.1428
v 0.6488 1.2966 1.3696
v 0.4315 1.2960 1.4368
v 1.4274 1.3067 0.2618
v 1.3592 1.3027 0.6944
v 0.0744 1.3129 -0.3912
v 0.3204 1.2959 1.4556
v 0.0961 1.2957 1.4691
v 0.2583 1.3128 -0.3851
v 0.5411 1.2963 1.4086
v 0.7537 1.2970 1.3221
v 0.9514 1.2980 1.2092
v 1.1245 1.2993 1.0681
v 1.2621 1.3009 0.8950
v 1.4166 1.3048 0.4789
v 1.3593 1.3085 0.0537
v 1.2165 1.3100 -0.1157
v 1.0231 1.3112 -0.2334
v 0.8222 1.3119 -0.3003
v 0.6324 1.3124 -0.3411
v 0.4443 1.3127 -0.3699
v -1.4466 1.3068 0.2633
v -1.3993 1.3028 0.6948
v -0.3536 1.2959 1.4422
v -0.2925 1.3128 -0.3867
v -0.1293 1.2957 1.4621
v -0.5742 1.2963 1.3948
v -0.7868 1.2970 1.3149
v -0.9843 1.2980 1.2076
v -1.1606 1.2993 1.0684
v -1.3024 1.3009 0.8956
v -1.4516 1.3048 0.4791
v -1.3719 1.3086 0.0601
v -1.2339 1.3100 -0.1082
v -1.0500 1.3112 -0.2297
v -0.8564 1.3119 -0.3049
v -0.6669 1.3124 -0.3489
v -0.4784 1.3127 -0.3748
v -0.1087 1.3129 -0.3912
v -1.3069 1.3257 -0.0271
v 0.2080 1.3112 1.4685
v -0.2418 1.3112 1.4571
v 1.2938 1.3257 -0.0353
v 1.4247 1.3230 0.2632
v 1.3560 1.3187 0.6948
v 0.0740 1.3295 -0.3866
v 0.2574 1.3295 -0.3805
v 0.5401 1.3118 1.4100
v 0.7522 1.3125 1.3227
v 0.9493 1.3136 1.2091
v 1.1220 1.3150 1.0679
v 1.4136 1.3208 0.4797
v 1.2142 1.3265 -0.1130
v 1.0208 1.3277 -0.2298
v 0.4429 1.3293 -0.3654
v -0.3535 1.3113 1.4440
v -0.1295 1.3111 1.4642
v -1.2987 1.3167 0.8954
v -1.3685 1.3249 0.0623
v -0.8542 1.3285 -0.3006
v -0.6653 1.3290 -0.3443
v -0.0169 1.3111 1.4691
v -0.0173 1.3295 -0.3873
v -0.7598 1.3288 -0.3252
v -0.9502 1.3281 -0.2683
v -0.5710 1.3292 -0.3592
v -0.3844 1.3294 -0.3773
v -1.4147 1.3240 0.1605
v -0.6812 1.3121 1.3595
v -1.4535 1.3219 0.3719
v -1.4283 1.3198 0.5883
v -1.3530 1.3177 0.7982
v -1.0738 1.3142 1.1420
v -0.8868 1.3130 1.2645
v -0.4643 1.3115 1.4238
v -1.2350 1.3158 0.9857
v 0.1655 1.3295 -0.3845
v 1.1208 1.3271 -0.1776
v -0.2001 1.3295 -0.3849
v -1.1426 1.3271 -0.1716
v 1.3887 1.3197 0.5881
v 0.8532 1.3130 1.2685
v 0.9188 1.3281 -0.2680
v 0.5365 1.3292 -0.3530
v 1.4022 1.3240 0.1566
v 0.7250 1.3288 -0.3182
v 0.3498 1.3294 -0.3743
v 1.3129 1.3177 0.7977
v 1.4269 1.3219 0.3716
v 1.1957 1.3158 0.9854
v 1.0394 1.3142 1.1426
v 0.6475 1.3121 1.3706
v 0.4306 1.3115 1.4384
v 0.3197 1.3113 1.4574
v 0.0957 1.3111 1.4711
v 1.2592 1.3167 0.8950
v 1.3569 1.3249 0.0557
v 0.8199 1.3285 -0.2963
v 0.6305 1.3290 -0.3367
v -1.4432 1.3230 0.2647
v -1.3951 1.3187 0.6951
v -0.2919 1.3295 -0.3821
v -0.5738 1.3118 1.3959
v -0.7859 1.3125 1.3153
v -0.9829 1.3136 1.2074
v -1.1585 1.3150 1.0681
v -1.4483 1.3208 0.4800
v -1.2308 1.3265 -0.1052
v -1.0473 1.3277 -0.2260
v -0.4774 1.3293 -0.3700
v -0.1086 1.3295 -0.3866
v -1.3056 1.3260 -0.0260
v -1.3042 1.3262 -0.0248
v -1.3029 1.3264 -0.0236
v -0.8533 1.3280 -0.2986
v -0.8524 1.3276 -0.2966
v -0.8515 1.3271 -0.2946
v -1.2971 1.3192 0.8955
v -1.2956 1.3217 0.8955
v -1.2941 1.3241 0.8956
v 0.2562 1.3273 -0.3741
v 0.2566 1.3280 -0.3762
v 0.2570 1.3288 -0.3783
v -0.6647 1.3284 -0.3421
v -0.6640 1.3278 -0.3400
v -0.6633 1.3272 -0.3378
v -0.2420 1.3228 1.4607
v -0.2419 1.3189 1.4595
v -0.2419 1.3150 1.4583
v -0.1296 1.3150 1.4655
v -0.1297 1.3189 1.4668
v -0.1298 1.3227 1.4681
v 1.4124 1.3223 0.4802
v 1.4112 1.3237 0.4806
v 1.4100 1.3252 0.4811
v 1.3548 1.3207 0.6950
v 1.3535 1.3226 0.6953
v 1.3522 1.3246 0.6955
v 0.2077 1.3150 1.4698
v 0.2075 1.3189 1.4710
v 0.2073 1.3228 1.4722
v 1.2930 1.3259 -0.0342
v 1.2921 1.3262 -0.0331
v 1.2913 1.3264 -0.0320
v 1.4237 1.3239 0.2639
v 1.4227 1.3248 0.2646
v 1.4217 1.3257 0.2653
v 0.0738 1.3288 -0.3845
v 0.0736 1.3281 -0.3824
v 0.0734 1.3273 -0.3803
v 0.5397 1.3155 1.4109
v 0.5393 1.3192 1.4118
v 0.5389 1.3229 1.4127
v 0.7516 1.3160 1.3232
v 0.7510 1.3196 1.3238
v 0.7504 1.3231 1.3243
v 0.9485 1.3168 1.2093
v 0.9477 1.3201 1.2094
v 0.9469 1.3234 1.2096
v 1.1210 1.3179 1.0680
v 1.1200 1.3208 1.0680
v 1.1190 1.3237 1.0681
v 1.2134 1.3265 -0.1117
v 1.2125 1.3265 -0.1104
v 1.2117 1.3266 -0.1092
v 1.0199 1.3274 -0.2281
v 1.0189 1.3271 -0.2265
v 1.0180 1.3269 -0.2248
v 0.4423 1.3286 -0.3633
v 0.4417 1.3280 -0.3612
v 0.4411 1.3273 -0.3591
v -0.3536 1.3152 1.4451
v -0.3536 1.3190 1.4463
v -0.3536 1.3228 1.4474
v -1.3671 1.3253 0.0633
v -1.3658 1.3258 0.0643
v -1.3644 1.3262 0.0653
v -0.0174 1.3227 1.4731
v -0.0172 1.3188 1.4717
v -0.0171 1.3150 1.4704
v -0.0176 1.3273 -0.3810
v -0.0175 1.3281 -0.3831
v -0.0174 1.3288 -0.3852
v -0.7575 1.3272 -0.3189
v -0.7582 1.3277 -0.3210
v -0.7590 1.3283 -0.3231
v -0.9471 1.3270 -0.2626
v -0.9481 1.3274 -0.2645
v -0.9491 1.3278 -0.2664
v -0.5694 1.3273 -0.3527
v -0.5699 1.3279 -0.3549
v -0.5704 1.3285 -0.3571
v -0.3834 1.3273 -0.3708
v -0.3837 1.3280 -0.3730
v -0.3840 1.3287 -0.3752
v -1.4106 1.3259 0.1630
v -1.4120 1.3253 0.1622
v -1.4133 1.3246 0.1614
v -0.6807 1.3230 1.3614
v -0.6809 1.3194 1.3607
v -0.6810 1.3157 1.3601
v -1.4494 1.3254 0.3735
v -1.4508 1.3243 0.3730
v -1.4521 1.3231 0.3724
v -1.4235 1.3249 0.5893
v -1.4251 1.3232 0.5890
v -1.4267 1.3215 0.5887
v -1.3478 1.3244 0.7985
v -1.3495 1.3221 0.7984
v -1.3512 1.3199 0.7983
v -1.0718 1.3235 1.1421
v -1.0725 1.3204 1.1421
v -1.0731 1.3173 1.1421
v -0.8856 1.3232 1.2651
v -0.8860 1.3198 1.2649
v -0.8864 1.3164 1.2647
v -0.4643 1.3228 1.4268
v -0.4643 1.3191 1.4258
v -0.4643 1.3153 1.4248
v -1.2319 1.3239 0.9858
v -1.2329 1.3212 0.9858
v -1.2339 1.3185 0.9858
v 0.1646 1.3273 -0.3781
v 0.1649 1.3281 -0.3802
v 0.1652 1.3288 -0.3823
v 1.1182 1.3267 -0.1731
v 1.1190 1.3269 -0.1746
v 1.1199 1.3270 -0.1761
v -0.1997 1.3273 -0.3786
v -0.1998 1.3281 -0.3807
v -0.1999 1.3288 -0.3828
v -1.1389 1.3267 -0.1669
v -1.1401 1.3269 -0.1685
v -1.1413 1.3270 -0.1700
v 1.3849 1.3249 0.5891
v 1.3861 1.3232 0.5888
v 1.3874 1.3215 0.5884
v 0.8511 1.3232 1.2694
v 0.8518 1.3198 1.2691
v 0.8525 1.3164 1.2688
v 0.9159 1.3270 -0.2626
v 0.9169 1.3274 -0.2644
v 0.9178 1.3278 -0.2662
v 0.5344 1.3273 -0.3468
v 0.5351 1.3279 -0.3489
v 0.5358 1.3285 -0.3509
v 1.3994 1.3259 0.1590
v 1.4003 1.3253 0.1582
v 1.4013 1.3246 0.1574
v 0.7223 1.3272 -0.3123
v 0.7232 1.3277 -0.3143
v 0.7241 1.3282 -0.3162
v 0.3483 1.3273 -0.3679
v 0.3488 1.3280 -0.3700
v 0.3493 1.3287 -0.3722
v 1.3092 1.3244 0.7982
v 1.3105 1.3221 0.7980
v 1.3117 1.3199 0.7978
v 1.4236 1.3254 0.3733
v 1.4247 1.3243 0.3727
v 1.4258 1.3231 0.3722
v 1.1925 1.3239 0.9856
v 1.1935 1.3212 0.9855
v 1.1946 1.3185 0.9855
v 1.0366 1.3235 1.1429
v 1.0376 1.3204 1.1428
v 1.0385 1.3173 1.1427
v 0.6461 1.3230 1.3728
v 0.6465 1.3194 1.3721
v 0.6470 1.3157 1.3713
v 0.4296 1.3228 1.4415
v 0.4299 1.3191 1.4405
v 0.4303 1.3153 1.4394
v 0.3189 1.3228 1.4609
v 0.3192 1.3190 1.4598
v 0.3195 1.3151 1.4586
v 0.0951 1.3227 1.4749
v 0.0953 1.3189 1.4737
v 0.0955 1.3150 1.4724
v 1.2557 1.3241 0.8953
v 1.2569 1.3216 0.8952
v 1.2580 1.3192 0.8951
v 1.3542 1.3262 0.0586
v 1.3551 1.3257 0.0576
v 1.3560 1.3253 0.0567
v 0.8171 1.3271 -0.2906
v 0.8180 1.3276 -0.2925
v 0.8190 1.3280 -0.2944
v 0.6281 1.3272 -0.3305
v 0.6289 1.3278 -0.3326
v 0.6297 1.3284 -0.3346
v -1.4392 1.3257 0.2668
v -1.4405 1.3248 0.2661
v -1.4419 1.3239 0.2654
v -1.3897 1.3246 0.6958
v -1.3915 1.3227 0.6956
v -1.3933 1.3207 0.6954
v -0.2913 1.3273 -0.3756
v -0.2915 1.3280 -0.3777
v -0.2917 1.3288 -0.3799
v -0.5735 1.3229 1.3984
v -0.5736 1.3192 1.3976
v -0.5737 1.3155 1.3968
v -0.7850 1.3231 1.3165
v -0.7853 1.3196 1.3161
v -0.7856 1.3160 1.3157
v -0.9814 1.3234 1.2077
v -0.9819 1.3201 1.2076
v -0.9824 1.3168 1.2075
v -1.1560 1.3237 1.0681
v -1.1569 1.3208 1.0681
v -1.1577 1.3179 1.0681
v -1.4443 1.3252 0.4813
v -1.4456 1.3237 0.4809
v -1.4469 1.3223 0.4804
v -1.2269 1.3266 -0.1011
v -1.2282 1.3265 -0.1025
v -1.2295 1.3265 -0.1038
v -1.0439 1.3269 -0.2208
v -1.0450 1.3271 -0.2225
v -1.0461 1.3274 -0.2242
v -0.4761 1.3273 -0.3635
v -0.4765 1.3280 -0.3657
v -0.4769 1.3286 -0.3678
v -0.1085 1.3273 -0.3803
v -0.1086 1.3281 -0.3824
v -0.1086 1.3288 -0.3845
vt 0.0368 0.6361
vt 0.0311 0.6361
vt 0.0311 0.6203
vt 0.0368 0.6203
vt 0.0601 0.6361
vt 0.0542 0.6361
vt 0.0542 0.6203
vt 0.0601 0.6203
vt 0.0724 0.6361
vt 0.0724 0.6203
vt 0.0787 0.6203
vt 0.0787 0.6361
vt 0.0852 0.6361
vt 0.0852 0.6203
vt 0.0917 0.6203
vt 0.0917 0.6361
vt 0.0984 0.6361
vt 0.0984 0.6203
vt 0.1254 0.6531
vt 0.1321 0.6531
vt 0.1321 0.6545
vt 0.1254 0.6545
vt 0.1254 0.6361
vt 0.1254 0.6203
vt 0.1321 0.6203
vt 0.1321 0.6361
vt 0.1525 0.6361
vt 0.1457 0.6361
vt 0.1457 0.6203
vt 0.1525 0.6203
vt 0.1803 0.6361
vt 0.1803 0.6203
vt 0.1870 0.6203
vt 0.1870 0.6361
vt 0.3504 0.6531
vt 0.3504 0.6545
vt 0.3435 0.6545
vt 0.3435 0.6531
vt 0.1187 0.6545
vt 0.1187 0.6531
vt 0.0483 0.6361
vt 0.0425 0.6361
vt 0.0425 0.6203
vt 0.0483 0.6203
vt 0.3367 0.6531
vt 0.3367 0.6545
vt 0.3299 0.6545
vt 0.3299 0.6531
vt 0.1666 0.6361
vt 0.1595 0.6361
vt 0.1595 0.6203
vt 0.1666 0.6203
vt 0.1389 0.6361
vt 0.1389 0.6203
vt 0.4775 0.6361
vt 0.4775 0.6203
vt 0.4834 0.6203
vt 0.4834 0.6361
vt 0.4655 0.6361
vt 0.4596 0.6361
vt 0.4596 0.6203
vt 0.4655 0.6203
vt 0.4536 0.6361
vt 0.4474 0.6361
vt 0.4474 0.6203
vt 0.4536 0.6203
vt 0.4409 0.6361
vt 0.4409 0.6203
vt 0.4127 0.6361
vt 0.4055 0.6361
vt 0.4055 0.6203
vt 0.4127 0.6203
vt 0.3847 0.6361
vt 0.3847 0.6203
vt 0.3916 0.6203
vt 0.3916 0.6361
vt 0.3573 0.6361
vt 0.3504 0.6361
vt 0.3504 0.6203
vt 0.3573 0.6203
vt 0.1120 0.6545
vt 0.1120 0.6531
vt 0.3230 0.6531
vt 0.3230 0.6545
vt 0.3161 0.6545
vt 0.3161 0.6531
vt 0.4892 0.6361
vt 0.4892 0.6203
vt 0.4949 0.6203
vt 0.4949 0.6361
vt 0.1052 0.6545
vt 0.0984 0.6545
vt 0.0984 0.6531
vt 0.1052 0.6531
vt 0.5007 0.6361
vt 0.5007 0.6203
vt 0.5064 0.6203
vt 0.5064 0.6361
vt 0.3710 0.6361
vt 0.3710 0.6203
vt 0.3779 0.6203
vt 0.3779 0.6361
vt 0.3985 0.6361
vt 0.3985 0.6203
vt 0.3299 0.6026
vt 0.3230 0.6026
vt 0.3230 0.5849
vt 0.3299 0.5849
vt 0.2617 0.6026
vt 0.2549 0.6026
vt 0.2549 0.5849
vt 0.2617 0.5849
vt 0.2072 0.6026
vt 0.2005 0.6026
vt 0.2005 0.5849
vt 0.2072 0.5849
vt 0.4536 0.6026
vt 0.4474 0.6026
vt 0.4474 0.5849
vt 0.4536 0.5849
vt 0.0368 0.6026
vt 0.0311 0.6026
vt 0.0311 0.5849
vt 0.0368 0.5849
vt 0.0724 0.6026
vt 0.0661 0.6026
vt 0.0661 0.5849
vt 0.0724 0.5849
vt 0.3985 0.6026
vt 0.3916 0.6026
vt 0.3916 0.5849
vt 0.3985 0.5849
vt 0.4892 0.6026
vt 0.4834 0.6026
vt 0.4834 0.5849
vt 0.4892 0.5849
vt 0.3435 0.6026
vt 0.3367 0.6026
vt 0.3367 0.5849
vt 0.3435 0.5849
vt 0.1937 0.6026
vt 0.1870 0.6026
vt 0.1870 0.5849
vt 0.1937 0.5849
vt 0.5007 0.6026
vt 0.4949 0.6026
vt 0.4949 0.5849
vt 0.5007 0.5849
vt 0.4409 0.6026
vt 0.4341 0.6026
vt 0.4341 0.5849
vt 0.4409 0.5849
vt 0.1389 0.6026
vt 0.1321 0.6026
vt 0.1321 0.5849
vt 0.1389 0.5849
vt 0.0984 0.6026
vt 0.0917 0.6026
vt 0.0917 0.5849
vt 0.0984 0.5849
vt 0.3023 0.6026
vt 0.2955 0.6026
vt 0.2955 0.5849
vt 0.3023 0.5849
vt 0.0483 0.6026
vt 0.0425 0.6026
vt 0.0425 0.5849
vt 0.0483 0.5849
vt 0.2345 0.6026
vt 0.2277 0.6026
vt 0.2277 0.5849
vt 0.2345 0.5849
vt 0.2887 0.6026
vt 0.2820 0.6026
vt 0.2820 0.5849
vt 0.2887 0.5849
vt 0.0852 0.6026
vt 0.0787 0.6026
vt 0.0787 0.5849
vt 0.0852 0.5849
vt 0.3710 0.6026
vt 0.3642 0.6026
vt 0.3642 0.5849
vt 0.3710 0.5849
vt 0.3573 0.6026
vt 0.3504 0.6026
vt 0.3504 0.5849
vt 0.3573 0.5849
vt 0.1803 0.6026
vt 0.1735 0.6026
vt 0.1735 0.5849
vt 0.1803 0.5849
vt 0.3847 0.6026
vt 0.3779 0.6026
vt 0.3779 0.5849
vt 0.3847 0.5849
vt 0.4127 0.6026
vt 0.4055 0.6026
vt 0.4055 0.5849
vt 0.4127 0.5849
vt 0.1525 0.6026
vt 0.1457 0.6026
vt 0.1457 0.5849
vt 0.1525 0.5849
vt 0.3161 0.6026
vt 0.3092 0.6026
vt 0.3092 0.5849
vt 0.3161 0.5849
vt 0.2208 0.6026
vt 0.2140 0.6026
vt 0.2140 0.5849
vt 0.2208 0.5849
vt 0.4655 0.6026
vt 0.4596 0.6026
vt 0.4596 0.5849
vt 0.4655 0.5849
vt 0.2481 0.6026
vt 0.2413 0.6026
vt 0.2413 0.5849
vt 0.2481 0.5849
vt 0.1666 0.6026
vt 0.1595 0.6026
vt 0.1595 0.5849
vt 0.1666 0.5849
vt 0.2752 0.6026
vt 0.2684 0.6026
vt 0.2684 0.5849
vt 0.2752 0.5849
vt 0.0601 0.6026
vt 0.0542 0.6026
vt 0.0542 0.5849
vt 0.0601 0.5849
vt 0.4271 0.6026
vt 0.4200 0.6026
vt 0.4200 0.5849
vt 0.4271 0.5849
vt 0.1120 0.6026
vt 0.1052 0.6026
vt 0.1052 0.5849
vt 0.1120 0.5849
vt 0.1254 0.6026
vt 0.1187 0.6026
vt 0.1187 0.5849
vt 0.1254 0.5849
vt 0.4775 0.6026
vt 0.4715 0.6026
vt 0.4715 0.5849
vt 0.4775 0.5849
vt 0.3847 0.5671
vt 0.3779 0.5671
vt 0.3779 0.5491
vt 0.3847 0.5491
vt 0.1525 0.5671
vt 0.1457 0.5671
vt 0.1457 0.5491
vt 0.1525 0.5491
vt 0.2887 0.5671
vt 0.2820 0.5671
vt 0.2820 0.5491
vt 0.2887 0.5491
vt 0.2481 0.5671
vt 0.2413 0.5671
vt 0.2413 0.5491
vt 0.2481 0.5491
vt 0.4655 0.5671
vt 0.4596 0.5671
vt 0.4596 0.5491
vt 0.4655 0.5491
vt 0.0724 0.5671
vt 0.0661 0.5671
vt 0.0661 0.5491
vt 0.0724 0.5491
vt 0.4271 0.5671
vt 0.4200 0.5671
vt 0.4200 0.5491
vt 0.4271 0.5491
vt 0.1120 0.5671
vt 0.1052 0.5671
vt 0.1052 0.5491
vt 0.1120 0.5491
vt 0.2752 0.5671
vt 0.2684 0.5671
vt 0.2684 0.5491
vt 0.2752 0.5491
vt 0.2617 0.5671
vt 0.2549 0.5671
vt 0.2549 0.5491
vt 0.2617 0.5491
vt 0.3985 0.5671
vt 0.3916 0.5671
vt 0.3916 0.5491
vt 0.3985 0.5491
vt 0.1389 0.5671
vt 0.1321 0.5671
vt 0.1321 0.5491
vt 0.1389 0.5491
vt 0.3023 0.5671
vt 0.2955 0.5671
vt 0.2955 0.5491
vt 0.3023 0.5491
vt 0.2345 0.5671
vt 0.2277 0.5671
vt 0.2277 0.5491
vt 0.2345 0.5491
vt 0.4409 0.5671
vt 0.4341 0.5671
vt 0.4341 0.5491
vt 0.4409 0.5491
vt 0.0984 0.5671
vt 0.0917 0.5671
vt 0.0917 0.5491
vt 0.0984 0.5491
vt 0.5007 0.5671
vt 0.4949 0.5671
vt 0.4949 0.5491
vt 0.5007 0.5491
vt 0.0368 0.5671
vt 0.0311 0.5671
vt 0.0311 0.5491
vt 0.0368 0.5491
vt 0.4536 0.5671
vt 0.4474 0.5671
vt 0.4474 0.5491
vt 0.4536 0.5491
vt 0.0852 0.5671
vt 0.0787 0.5671
vt 0.0787 0.5491
vt 0.0852 0.5491
vt 0.3161 0.5671
vt 0.3092 0.5671
vt 0.3092 0.5491
vt 0.3161 0.5491
vt 0.2208 0.5671
vt 0.2140 0.5671
vt 0.2140 0.5491
vt 0.2208 0.5491
vt 0.4892 0.5671
vt 0.4834 0.5671
vt 0.4834 0.5491
vt 0.4892 0.5491
vt 0.0483 0.5671
vt 0.0425 0.5671
vt 0.0425 0.5491
vt 0.0483 0.5491
vt 0.3710 0.5671
vt 0.3642 0.5671
vt 0.3642 0.5491
vt 0.3710 0.5491
vt 0.1666 0.5671
vt 0.1595 0.5671
vt 0.1595 0.5491
vt 0.1666 0.5491
vt 0.3435 0.5671
vt 0.3367 0.5671
vt 0.3367 0.5491
vt 0.3435 0.5491
vt 0.1937 0.5671
vt 0.1870 0.5671
vt 0.1870 0.5491
vt 0.1937 0.5491
vt 0.3573 0.5671
vt 0.3504 0.5671
vt 0.3504 0.5491
vt 0.3573 0.5491
vt 0.1803 0.5671
vt 0.1735 0.5671
vt 0.1735 0.5491
vt 0.1803 0.5491
vt 0.4775 0.5671
vt 0.4715 0.5671
vt 0.4715 0.5491
vt 0.4775 0.5491
vt 0.0601 0.5671
vt 0.0542 0.5671
vt 0.0542 0.5491
vt 0.0601 0.5491
vt 0.4127 0.5671
vt 0.4055 0.5671
vt 0.4055 0.5491
vt 0.4127 0.5491
vt 0.1254 0.5671
vt 0.1187 0.5671
vt 0.1187 0.5491
vt 0.1254 0.5491
vt 0.3299 0.5671
vt 0.3230 0.5671
vt 0.3230 0.5491
vt 0.3299 0.5491
vt 0.2072 0.5671
vt 0.2005 0.5671
vt 0.2005 0.5491
vt 0.2072 0.5491
vt 0.4436 0.9789
vt 0.4353 0.9789
vt 0.4353 0.9658
vt 0.4436 0.9658
vt 0.2345 0.9789
vt 0.2262 0.9789
vt 0.2262 0.9658
vt 0.2345 0.9658
vt 0.5916 0.9789
vt 0.5836 0.9789
vt 0.5836 0.9658
vt 0.5916 0.9658
vt 0.0839 0.9789
vt 0.0758 0.9789
vt 0.0758 0.9658
vt 0.0839 0.9658
vt 0.5113 0.9789
vt 0.5026 0.9789
vt 0.5026 0.9658
vt 0.5113 0.9658
vt 0.1674 0.9789
vt 0.1593 0.9789
vt 0.1593 0.9658
vt 0.1674 0.9658
vt 0.4109 0.9789
vt 0.4030 0.9789
vt 0.4030 0.9658
vt 0.4109 0.9658
vt 0.2664 0.9789
vt 0.2586 0.9789
vt 0.2586 0.9658
vt 0.2664 0.9658
vt 0.4769 0.9789
vt 0.4685 0.9789
vt 0.4685 0.9658
vt 0.4769 0.9658
vt 0.2004 0.9789
vt 0.1921 0.9789
vt 0.1921 0.9658
vt 0.2004 0.9658
vt 0.3628 0.9789
vt 0.3547 0.9789
vt 0.3547 0.9658
vt 0.3628 0.9658
vt 0.3143 0.9789
vt 0.3062 0.9789
vt 0.3062 0.9658
vt 0.3143 0.9658
vt 0.5757 0.9789
vt 0.5680 0.9789
vt 0.5680 0.9658
vt 0.5757 0.9658
vt 0.1004 0.9789
vt 0.0921 0.9789
vt 0.0921 0.9658
vt 0.1004 0.9658
vt 0.5283 0.9789
vt 0.5199 0.9789
vt 0.5199 0.9658
vt 0.5283 0.9658
vt 0.1513 0.9789
vt 0.1431 0.9789
vt 0.1431 0.9658
vt 0.1513 0.9658
vt 0.3466 0.9789
vt 0.3385 0.9789
vt 0.3385 0.9658
vt 0.3466 0.9658
vt 0.3305 0.9789
vt 0.3224 0.9789
vt 0.3224 0.9658
vt 0.3305 0.9658
vt 0.4938 0.9789
vt 0.4852 0.9789
vt 0.4852 0.9658
vt 0.4938 0.9658
vt 0.1838 0.9789
vt 0.1756 0.9789
vt 0.1756 0.9658
vt 0.1838 0.9658
vt 0.3789 0.9789
vt 0.3709 0.9789
vt 0.3709 0.9658
vt 0.3789 0.9658
vt 0.2982 0.9789
vt 0.2902 0.9789
vt 0.2902 0.9658
vt 0.2982 0.9658
vt 0.5445 0.9789
vt 0.5364 0.9789
vt 0.5364 0.9658
vt 0.5445 0.9658
vt 0.1347 0.9789
vt 0.1261 0.9789
vt 0.1261 0.9658
vt 0.1347 0.9658
vt 0.6230 0.9789
vt 0.6152 0.9789
vt 0.6152 0.9658
vt 0.6230 0.9658
vt 0.0519 0.9789
vt 0.0440 0.9789
vt 0.0440 0.9658
vt 0.0519 0.9658
vt 0.5602 0.9789
vt 0.5525 0.9789
vt 0.5525 0.9658
vt 0.5602 0.9658
vt 0.1175 0.9789
vt 0.1089 0.9789
vt 0.1089 0.9658
vt 0.1175 0.9658
vt 0.3950 0.9789
vt 0.3870 0.9789
vt 0.3870 0.9658
vt 0.3950 0.9658
vt 0.2822 0.9789
vt 0.2743 0.9789
vt 0.2743 0.9658
vt 0.2822 0.9658
vt 0.6073 0.9789
vt 0.5995 0.9789
vt 0.5995 0.9658
vt 0.6073 0.9658
vt 0.0678 0.9789
vt 0.0599 0.9789
vt 0.0599 0.9658
vt 0.0678 0.9658
vt 0.4602 0.9789
vt 0.4519 0.9789
vt 0.4519 0.9658
vt 0.4602 0.9658
vt 0.2177 0.9789
vt 0.2090 0.9789
vt 0.2090 0.9658
vt 0.2177 0.9658
vt 0.4270 0.9789
vt 0.4189 0.9789
vt 0.4189 0.9658
vt 0.4270 0.9658
vt 0.2508 0.9789
vt 0.2427 0.9789
vt 0.2427 0.9658
vt 0.2508 0.9658
vt 0.4436 0.9520
vt 0.4353 0.9520
vt 0.4353 0.9375
vt 0.4436 0.9375
vt 0.2345 0.9520
vt 0.2262 0.9520
vt 0.2262 0.9375
vt 0.2345 0.9375
vt 0.5916 0.9520
vt 0.5836 0.9520
vt 0.5836 0.9375
vt 0.5916 0.9375
vt 0.0839 0.9520
vt 0.0758 0.9520
vt 0.0758 0.9375
vt 0.0839 0.9375
vt 0.5113 0.9520
vt 0.5026 0.9520
vt 0.5026 0.9375
vt 0.5113 0.9375
vt 0.1674 0.9520
vt 0.1593 0.9520
vt 0.1593 0.9375
vt 0.1674 0.9375
vt 0.4109 0.9520
vt 0.4030 0.9520
vt 0.4030 0.9375
vt 0.4109 0.9375
vt 0.2664 0.9520
vt 0.2586 0.9520
vt 0.2586 0.9375
vt 0.2664 0.9375
vt 0.4769 0.9520
vt 0.4685 0.9520
vt 0.4685 0.9375
vt 0.4769 0.9375
vt 0.2004 0.9520
vt 0.1921 0.9520
vt 0.1921 0.9375
vt 0.2004 0.9375
vt 0.3628 0.9520
vt 0.3547 0.9520
vt 0.3547 0.9375
vt 0.3628 0.9375
vt 0.3143 0.9520
vt 0.3062 0.9520
vt 0.3062 0.9375
vt 0.3143 0.9375
vt 0.5757 0.9520
vt 0.5680 0.9520
vt 0.5680 0.9375
vt 0.5757 0.9375
vt 0.1004 0.9520
vt 0.0921 0.9520
vt 0.0921 0.9375
vt 0.1004 0.9375
vt 0.5283 0.9520
vt 0.5199 0.9520
vt 0.5199 0.9375
vt 0.5283 0.9375
vt 0.1513 0.9520
vt 0.1431 0.9520
vt 0.1431 0.9375
vt 0.1513 0.9375
vt 0.3466 0.9520
vt 0.3385 0.9520
vt 0.3385 0.9375
vt 0.3466 0.9375
vt 0.3305 0.9520
vt 0.3224 0.9520
vt 0.3224 0.9375
vt 0.3305 0.9375
vt 0.4938 0.9520
vt 0.4852 0.9520
vt 0.4852 0.9375
vt 0.4938 0.9375
vt 0.1838 0.9520
vt 0.1756 0.9520
vt 0.1756 0.9375
vt 0.1838 0.9375
vt 0.3789 0.9520
vt 0.3709 0.9520
vt 0.3709 0.9375
vt 0.3789 0.9375
vt 0.2982 0.9520
vt 0.2902 0.9520
vt 0.2902 0.9375
vt 0.2982 0.9375
vt 0.5445 0.9520
vt 0.5364 0.9520
vt 0.5364 0.9375
vt 0.5445 0.9375
vt 0.1347 0.9520
vt 0.1261 0.9520
vt 0.1261 0.9375
vt 0.1347 0.9375
vt 0.6230 0.9520
vt 0.6152 0.9520
vt 0.6152 0.9375
vt 0.6230 0.9375
vt 0.0519 0.9520
vt 0.0440 0.9520
vt 0.0440 0.9375
vt 0.0519 0.9375
vt 0.5602 0.9520
vt 0.5525 0.9520
vt 0.5525 0.9375
vt 0.5602 0.9375
vt 0.1175 0.9520
vt 0.1089 0.9520
vt 0.1089 0.9375
vt 0.1175 0.9375
vt 0.3950 0.9520
vt 0.3870 0.9520
vt 0.3870 0.9375
vt 0.3950 0.9375
vt 0.2822 0.9520
vt 0.2743 0.9520
vt 0.2743 0.9375
vt 0.2822 0.9375
vt 0.6073 0.9520
vt 0.5995 0.9520
vt 0.5995 0.9375
vt 0.6073 0.9375
vt 0.0678 0.9520
vt 0.0599 0.9520
vt 0.0599 0.9375
vt 0.0678 0.9375
vt 0.4602 0.9520
vt 0.4519 0.9520
vt 0.4519 0.9375
vt 0.4602 0.9375
vt 0.2177 0.9520
vt 0.2090 0.9520
vt 0.2090 0.9375
vt 0.2177 0.9375
vt 0.4270 0.9520
vt 0.4189 0.9520
vt 0.4189 0.9375
vt 0.4270 0.9375
vt 0.2508 0.9520
vt 0.2427 0.9520
vt 0.2427 0.9375
vt 0.2508 0.9375
vt 0.5916 0.9223
vt 0.5836 0.9223
vt 0.5836 0.9063
vt 0.5916 0.9063
vt 0.0839 0.9223
vt 0.0758 0.9223
vt 0.0758 0.9063
vt 0.0839 0.9063
vt 0.5113 0.9223
vt 0.5026 0.9223
vt 0.5026 0.9063
vt 0.5113 0.9063
vt 0.1674 0.9223
vt 0.1593 0.9223
vt 0.1593 0.9063
vt 0.1674 0.9063
vt 0.4109 0.9223
vt 0.4030 0.9223
vt 0.4030 0.9063
vt 0.4109 0.9063
vt 0.2664 0.9223
vt 0.2586 0.9223
vt 0.2586 0.9063
vt 0.2664 0.9063
vt 0.4769 0.9223
vt 0.4685 0.9223
vt 0.4685 0.9063
vt 0.4769 0.9063
vt 0.2004 0.9223
vt 0.1921 0.9223
vt 0.1921 0.9063
vt 0.2004 0.9063
vt 0.3628 0.9223
vt 0.3547 0.9223
vt 0.3547 0.9063
vt 0.3628 0.9063
vt 0.3143 0.9223
vt 0.3062 0.9223
vt 0.3062 0.9063
vt 0.3143 0.9063
vt 0.5757 0.9223
vt 0.5680 0.9223
vt 0.5680 0.9063
vt 0.5757 0.9063
vt 0.1004 0.9223
vt 0.0921 0.9223
vt 0.0921 0.9063
vt 0.1004 0.9063
vt 0.5283 0.9223
vt 0.5199 0.9223
vt 0.5199 0.9063
vt 0.5283 0.9063
vt 0.1513 0.9223
vt 0.1431 0.9223
vt 0.1431 0.9063
vt 0.1513 0.9063
vt 0.3466 0.9223
vt 0.3385 0.9223
vt 0.3385 0.9063
vt 0.3466 0.9063
vt 0.3305 0.9223
vt 0.3224 0.9223
vt 0.3224 0.9063
vt 0.3305 0.9063
vt 0.4938 0.9223
vt 0.4852 0.9223
vt 0.4852 0.9063
vt 0.4938 0.9063
vt 0.1838 0.9223
vt 0.1756 0.9223
vt 0.1756 0.9063
vt 0.1838 0.9063
vt 0.3789 0.9223
vt 0.3709 0.9223
vt 0.3709 0.9063
vt 0.3789 0.9063
vt 0.2982 0.9223
vt 0.2902 0.9223
vt 0.2902 0.9063
vt 0.2982 0.9063
vt 0.5445 0.9223
vt 0.5364 0.9223
vt 0.5364 0.9063
vt 0.5445 0.9063
vt 0.1347 0.9223
vt 0.1261 0.9223
vt 0.1261 0.9063
vt 0.1347 0.9063
vt 0.6230 0.9223
vt 0.6152 0.9223
vt 0.6152 0.9063
vt 0.6230 0.9063
vt 0.0519 0.9223
vt 0.0440 0.9223
vt 0.0440 0.9063
vt 0.0519 0.9063
vt 0.5602 0.9223
vt 0.5525 0.9223
vt 0.5525 0.9063
vt 0.5602 0.9063
vt 0.1175 0.9223
vt 0.1089 0.9223
vt 0.1089 0.9063
vt 0.1175 0.9063
vt 0.3950 0.9223
vt 0.3870 0.9223
vt 0.3870 0.9063
vt 0.3950 0.9063
vt 0.2822 0.9223
vt 0.2743 0.9223
vt 0.2743 0.9063
vt 0.2822 0.9063
vt 0.6073 0.9223
vt 0.5995 0.9223
vt 0.5995 0.9063
vt 0.6073 0.9063
vt 0.0678 0.9223
vt 0.0599 0.9223
vt 0.0599 0.9063
vt 0.0678 0.9063
vt 0.4602 0.9223
vt 0.4519 0.9223
vt 0.4519 0.9063
vt 0.4602 0.9063
vt 0.2177 0.9223
vt 0.2090 0.9223
vt 0.2090 0.9063
vt 0.2177 0.9063
vt 0.4270 0.9223
vt 0.4189 0.9223
vt 0.4189 0.9063
vt 0.4270 0.9063
vt 0.2508 0.9223
vt 0.2427 0.9223
vt 0.2427 0.9063
vt 0.2508 0.9063
vt 0.4436 0.9223
vt 0.4353 0.9223
vt 0.4353 0.9063
vt 0.4436 0.9063
vt 0.2345 0.9223
vt 0.2262 0.9223
vt 0.2262 0.9063
vt 0.2345 0.9063
vt 0.0848 0.8800
vt 0.0769 0.8800
vt 0.0769 0.8670
vt 0.0848 0.8670
vt 0.5004 0.8800
vt 0.4925 0.8800
vt 0.4925 0.8670
vt 0.5004 0.8670
vt 0.1636 0.8800
vt 0.1557 0.8800
vt 0.1557 0.8670
vt 0.1636 0.8670
vt 0.4051 0.8800
vt 0.3972 0.8800
vt 0.3972 0.8670
vt 0.4051 0.8670
vt 0.2581 0.8800
vt 0.2504 0.8800
vt 0.2504 0.8670
vt 0.2581 0.8670
vt 0.4689 0.8800
vt 0.4609 0.8800
vt 0.4609 0.8670
vt 0.4689 0.8670
vt 0.1949 0.8800
vt 0.1870 0.8800
vt 0.1870 0.8670
vt 0.1949 0.8670
vt 0.3563 0.8800
vt 0.3480 0.8800
vt 0.3480 0.8670
vt 0.3563 0.8670
vt 0.3066 0.8800
vt 0.2984 0.8800
vt 0.2984 0.8670
vt 0.3066 0.8670
vt 0.5636 0.8800
vt 0.5557 0.8800
vt 0.5557 0.8670
vt 0.5636 0.8670
vt 0.1005 0.8800
vt 0.0926 0.8800
vt 0.0926 0.8670
vt 0.1005 0.8670
vt 0.5161 0.8800
vt 0.5082 0.8800
vt 0.5082 0.8670
vt 0.5161 0.8670
vt 0.1479 0.8800
vt 0.1400 0.8800
vt 0.1400 0.8670
vt 0.1479 0.8670
vt 0.3396 0.8800
vt 0.3313 0.8800
vt 0.3313 0.8670
vt 0.3396 0.8670
vt 0.3230 0.8800
vt 0.3148 0.8800
vt 0.3148 0.8670
vt 0.3230 0.8670
vt 0.4846 0.8800
vt 0.4768 0.8800
vt 0.4768 0.8670
vt 0.4846 0.8670
vt 0.1792 0.8800
vt 0.1714 0.8800
vt 0.1714 0.8670
vt 0.1792 0.8670
vt 0.3728 0.8800
vt 0.3646 0.8800
vt 0.3646 0.8670
vt 0.3728 0.8670
vt 0.2903 0.8800
vt 0.2821 0.8800
vt 0.2821 0.8670
vt 0.2903 0.8670
vt 0.5318 0.8800
vt 0.5239 0.8800
vt 0.5239 0.8670
vt 0.5318 0.8670
vt 0.1322 0.8800
vt 0.1242 0.8800
vt 0.1242 0.8670
vt 0.1322 0.8670
vt 0.6106 0.8800
vt 0.6028 0.8800
vt 0.6028 0.8670
vt 0.6106 0.8670
vt 0.0536 0.8800
vt 0.0458 0.8800
vt 0.0458 0.8670
vt 0.0536 0.8670
vt 0.5477 0.8800
vt 0.5398 0.8800
vt 0.5398 0.8670
vt 0.5477 0.8670
vt 0.1163 0.8800
vt 0.1084 0.8800
vt 0.1084 0.8670
vt 0.1163 0.8670
vt 0.3891 0.8800
vt 0.3810 0.8800
vt 0.3810 0.8670
vt 0.3891 0.8670
vt 0.2740 0.8800
vt 0.2660 0.8800
vt 0.2660 0.8670
vt 0.2740 0.8670
vt 0.5950 0.8800
vt 0.5872 0.8800
vt 0.5872 0.8670
vt 0.5950 0.8670
vt 0.0691 0.8800
vt 0.0613 0.8800
vt 0.0613 0.8670
vt 0.0691 0.8670
vt 0.4528 0.8800
vt 0.4448 0.8800
vt 0.4448 0.8670
vt 0.4528 0.8670
vt 0.2110 0.8800
vt 0.2029 0.8800
vt 0.2029 0.8670
vt 0.2110 0.8670
vt 0.4208 0.8800
vt 0.4129 0.8800
vt 0.4129 0.8670
vt 0.4208 0.8670
vt 0.2427 0.8800
vt 0.2349 0.8800
vt 0.2349 0.8670
vt 0.2427 0.8670
vt 0.4367 0.8800
vt 0.4288 0.8800
vt 0.4288 0.8670
vt 0.4367 0.8670
vt 0.2270 0.8800
vt 0.2190 0.8800
vt 0.2190 0.8670
vt 0.2270 0.8670
vt 0.5794 0.8800
vt 0.5715 0.8800
vt 0.5715 0.8670
vt 0.5794 0.8670
vt 0.5004 0.8539
vt 0.4925 0.8539
vt 0.4925 0.8405
vt 0.5004 0.8405
vt 0.1636 0.8539
vt 0.1557 0.8539
vt 0.1557 0.8405
vt 0.1636 0.8405
vt 0.4051 0.8539
vt 0.3972 0.8539
vt 0.3972 0.8405
vt 0.4051 0.8405
vt 0.2581 0.8539
vt 0.2504 0.8539
vt 0.2504 0.8405
vt 0.2581 0.8405
vt 0.4689 0.8539
vt 0.4609 0.8539
vt 0.4609 0.8405
vt 0.4689 0.8405
vt 0.1949 0.8539
vt 0.1870 0.8539
vt 0.1870 0.8405
vt 0.1949 0.8405
vt 0.3563 0.8539
vt 0.3480 0.8539
vt 0.3480 0.8405
vt 0.3563 0.8405
vt 0.3066 0.8539
vt 0.2984 0.8539
vt 0.2984 0.8405
vt 0.3066 0.8405
vt 0.5636 0.8539
vt 0.5557 0.8539
vt 0.5557 0.8405
vt 0.5636 0.8405
vt 0.1005 0.8539
vt 0.0926 0.8539
vt 0.0926 0.8405
vt 0.1005 0.8405
vt 0.5161 0.8539
vt 0.5082 0.8539
vt 0.5082 0.8405
vt 0.5161 0.8405
vt 0.1479 0.8539
vt 0.1400 0.8539
vt 0.1400 0.8405
vt 0.1479 0.8405
vt 0.3396 0.8539
vt 0.3313 0.8539
vt 0.3313 0.8405
vt 0.3396 0.8405
vt 0.3230 0.8539
vt 0.3148 0.8539
vt 0.3148 0.8405
vt 0.3230 0.8405
vt 0.4846 0.8539
vt 0.4768 0.8539
vt 0.4768 0.8405
vt 0.4846 0.8405
vt 0.1792 0.8539
vt 0.1714 0.8539
vt 0.1714 0.8405
vt 0.1792 0.8405
vt 0.3728 0.8539
vt 0.3646 0.8539
vt 0.3646 0.8405
vt 0.3728 0.8405
vt 0.2903 0.8539
vt 0.2821 0.8539
vt 0.2821 0.8405
vt 0.2903 0.8405
vt 0.5318 0.8539
vt 0.5239 0.8539
vt 0.5239 0.8405
vt 0.5318 0.8405
vt 0.1322 0.8539
vt 0.1242 0.8539
vt 0.1242 0.8405
vt 0.1322 0.8405
vt 0.6106 0.8539
vt 0.6028 0.8539
vt 0.6028 0.8405
vt 0.6106 0.8405
vt 0.0536 0.8539
vt 0.0458 0.8539
vt 0.0458 0.8405
vt 0.0536 0.8405
vt 0.5477 0.8539
vt 0.5398 0.8539
vt 0.5398 0.8405
vt 0.5477 0.8405
vt 0.1163 0.8539
vt 0.1084 0.8539
vt 0.1084 0.8405
vt 0.1163 0.8405
vt 0.3891 0.8539
vt 0.3810 0.8539
vt 0.3810 0.8405
vt 0.3891 0.8405
vt 0.2740 0.8539
vt 0.2660 0.8539
vt 0.2660 0.8405
vt 0.2740 0.8405
vt 0.5950 0.8539
vt 0.5872 0.8539
vt 0.5872 0.8405
vt 0.5950 0.8405
vt 0.0691 0.8539
vt 0.0613 0.8539
vt 0.0613 0.8405
vt 0.0691 0.8405
vt 0.4528 0.8539
vt 0.4448 0.8539
vt 0.4448 0.8405
vt 0.4528 0.8405
vt 0.2110 0.8539
vt 0.2029 0.8539
vt 0.2029 0.8405
vt 0.2110 0.8405
vt 0.4208 0.8539
vt 0.4129 0.8539
vt 0.4129 0.8405
vt 0.4208 0.8405
vt 0.2427 0.8539
vt 0.2349 0.8539
vt 0.2349 0.8405
vt 0.2427 0.8405
vt 0.4367 0.8539
vt 0.4288 0.8539
vt 0.4288 0.8405
vt 0.4367 0.8405
vt 0.2270 0.8539
vt 0.2190 0.8539
vt 0.2190 0.8405
vt 0.2270 0.8405
vt 0.5794 0.8539
vt 0.5715 0.8539
vt 0.5715 0.8405
vt 0.5794 0.8405
vt 0.0848 0.8539
vt 0.0769 0.8539
vt 0.0769 0.8405
vt 0.0848 0.8405
vt 0.1636 0.8266
vt 0.1557 0.8266
vt 0.1557 0.8116
vt 0.1636 0.8116
vt 0.4051 0.8266
vt 0.3972 0.8266
vt 0.3972 0.8116
vt 0.4051 0.8116
vt 0.2581 0.8266
vt 0.2504 0.8266
vt 0.2504 0.8116
vt 0.2581 0.8116
vt 0.4689 0.8266
vt 0.4609 0.8266
vt 0.4609 0.8116
vt 0.4689 0.8116
vt 0.1949 0.8266
vt 0.1870 0.8266
vt 0.1870 0.8116
vt 0.1949 0.8116
vt 0.3563 0.8266
vt 0.3480 0.8266
vt 0.3480 0.8116
vt 0.3563 0.8116
vt 0.3066 0.8266
vt 0.2984 0.8266
vt 0.2984 0.8116
vt 0.3066 0.8116
vt 0.5636 0.8266
vt 0.5557 0.8266
vt 0.5557 0.8116
vt 0.5636 0.8116
vt 0.1005 0.8266
vt 0.0926 0.8266
vt 0.0926 0.8116
vt 0.1005 0.8116
vt 0.5161 0.8266
vt 0.5082 0.8266
vt 0.5082 0.8116
vt 0.5161 0.8116
vt 0.1479 0.8266
vt 0.1400 0.8266
vt 0.1400 0.8116
vt 0.1479 0.8116
vt 0.3396 0.8266
vt 0.3313 0.8266
vt 0.3313 0.8116
vt 0.3396 0.8116
vt 0.3230 0.8266
vt 0.3148 0.8266
vt 0.3148 0.8116
vt 0.3230 0.8116
vt 0.4846 0.8266
vt 0.4768 0.8266
vt 0.4768 0.8116
vt 0.4846 0.8116
vt 0.1792 0.8266
vt 0.1714 0.8266
vt 0.1714 0.8116
vt 0.1792 0.8116
vt 0.3728 0.8266
vt 0.3646 0.8266
vt 0.3646 0.8116
vt 0.3728 0.8116
vt 0.2903 0.8266
vt 0.2821 0.8266
vt 0.2821 0.8116
vt 0.2903 0.8116
vt 0.5318 0.8266
vt 0.5239 0.8266
vt 0.5239 0.8116
vt 0.5318 0.8116
vt 0.1322 0.8266
vt 0.1242 0.8266
vt 0.1242 0.8116
vt 0.1322 0.8116
vt 0.6106 0.8266
vt 0.6028 0.8266
vt 0.6028 0.8116
vt 0.6106 0.8116
vt 0.0536 0.8266
vt 0.0458 0.8266
vt 0.0458 0.8116
vt 0.0536 0.8116
vt 0.5477 0.8266
vt 0.5398 0.8266
vt 0.5398 0.8116
vt 0.5477 0.8116
vt 0.1163 0.8266
vt 0.1084 0.8266
vt 0.1084 0.8116
vt 0.1163 0.8116
vt 0.3891 0.8266
vt 0.3810 0.8266
vt 0.3810 0.8116
vt 0.3891 0.8116
vt 0.2740 0.8266
vt 0.2660 0.8266
vt 0.2660 0.8116
vt 0.2740 0.8116
vt 0.5950 0.8266
vt 0.5872 0.8266
vt 0.5872 0.8116
vt 0.5950 0.8116
vt 0.0691 0.8266
vt 0.0613 0.8266
vt 0.0613 0.8116
vt 0.0691 0.8116
vt 0.4528 0.8266
vt 0.4448 0.8266
vt 0.4448 0.8116
vt 0.4528 0.8116
vt 0.2110 0.8266
vt 0.2029 0.8266
vt 0.2029 0.8116
vt 0.2110 0.8116
vt 0.4208 0.8266
vt 0.4129 0.8266
vt 0.4129 0.8116
vt 0.4208 0.8116
vt 0.2427 0.8266
vt 0.2349 0.8266
vt 0.2349 0.8116
vt 0.2427 0.8116
vt 0.4367 0.8266
vt 0.4288 0.8266
vt 0.4288 0.8116
vt 0.4367 0.8116
vt 0.2270 0.8266
vt 0.2190 0.8266
vt 0.2190 0.8116
vt 0.2270 0.8116
vt 0.5794 0.8266
vt 0.5715 0.8266
vt 0.5715 0.8116
vt 0.5794 0.8116
vt 0.0848 0.8266
vt 0.0769 0.8266
vt 0.0769 0.8116
vt 0.0848 0.8116
vt 0.5004 0.8266
vt 0.4925 0.8266
vt 0.4925 0.8116
vt 0.5004 0.8116
vt 0.4116 0.7851
vt 0.4036 0.7851
vt 0.4036 0.7739
vt 0.4116 0.7739
vt 0.2611 0.7851
vt 0.2531 0.7851
vt 0.2531 0.7739
vt 0.2611 0.7739
vt 0.4769 0.7851
vt 0.4688 0.7851
vt 0.4688 0.7739
vt 0.4769 0.7739
vt 0.1966 0.7851
vt 0.1886 0.7851
vt 0.1886 0.7739
vt 0.1966 0.7739
vt 0.3619 0.7851
vt 0.3532 0.7851
vt 0.3532 0.7739
vt 0.3619 0.7739
vt 0.3108 0.7851
vt 0.3025 0.7851
vt 0.3025 0.7739
vt 0.3108 0.7739
vt 0.5730 0.7851
vt 0.5650 0.7851
vt 0.5650 0.7739
vt 0.5730 0.7739
vt 0.1009 0.7851
vt 0.0928 0.7851
vt 0.0928 0.7739
vt 0.1009 0.7739
vt 0.5252 0.7851
vt 0.5174 0.7851
vt 0.5174 0.7739
vt 0.5252 0.7739
vt 0.1487 0.7851
vt 0.1408 0.7851
vt 0.1408 0.7739
vt 0.1487 0.7739
vt 0.3446 0.7851
vt 0.3360 0.7851
vt 0.3360 0.7739
vt 0.3446 0.7739
vt 0.3275 0.7851
vt 0.3191 0.7851
vt 0.3191 0.7739
vt 0.3275 0.7739
vt 0.4931 0.7851
vt 0.4850 0.7851
vt 0.4850 0.7739
vt 0.4931 0.7739
vt 0.1806 0.7851
vt 0.1728 0.7851
vt 0.1728 0.7739
vt 0.1806 0.7739
vt 0.3787 0.7851
vt 0.3704 0.7851
vt 0.3704 0.7739
vt 0.3787 0.7739
vt 0.2941 0.7851
vt 0.2857 0.7851
vt 0.2857 0.7739
vt 0.2941 0.7739
vt 0.5407 0.7851
vt 0.5328 0.7851
vt 0.5328 0.7739
vt 0.5407 0.7739
vt 0.1330 0.7851
vt 0.1250 0.7851
vt 0.1250 0.7739
vt 0.1330 0.7739
vt 0.6214 0.7851
vt 0.6133 0.7851
vt 0.6133 0.7739
vt 0.6214 0.7739
vt 0.0526 0.7851
vt 0.0446 0.7851
vt 0.0446 0.7739
vt 0.0526 0.7739
vt 0.5569 0.7851
vt 0.5488 0.7851
vt 0.5488 0.7739
vt 0.5569 0.7739
vt 0.1170 0.7851
vt 0.1090 0.7851
vt 0.1090 0.7739
vt 0.1170 0.7739
vt 0.3955 0.7851
vt 0.3871 0.7851
vt 0.3871 0.7739
vt 0.3955 0.7739
vt 0.2773 0.7851
vt 0.2691 0.7851
vt 0.2691 0.7739
vt 0.2773 0.7739
vt 0.6052 0.7851
vt 0.5972 0.7851
vt 0.5972 0.7739
vt 0.6052 0.7739
vt 0.0687 0.7851
vt 0.0607 0.7851
vt 0.0607 0.7739
vt 0.0687 0.7739
vt 0.4606 0.7851
vt 0.4524 0.7851
vt 0.4524 0.7739
vt 0.4606 0.7739
vt 0.2129 0.7851
vt 0.2047 0.7851
vt 0.2047 0.7739
vt 0.2129 0.7739
vt 0.4279 0.7851
vt 0.4198 0.7851
vt 0.4198 0.7739
vt 0.4279 0.7739
vt 0.2453 0.7851
vt 0.2374 0.7851
vt 0.2374 0.7739
vt 0.2453 0.7739
vt 0.4442 0.7851
vt 0.4360 0.7851
vt 0.4360 0.7739
vt 0.4442 0.7739
vt 0.2294 0.7851
vt 0.2212 0.7851
vt 0.2212 0.7739
vt 0.2294 0.7739
vt 0.5891 0.7851
vt 0.5811 0.7851
vt 0.5811 0.7739
vt 0.5891 0.7739
vt 0.0848 0.7851
vt 0.0767 0.7851
vt 0.0767 0.7739
vt 0.0848 0.7739
vt 0.5093 0.7851
vt 0.5012 0.7851
vt 0.5012 0.7739
vt 0.5093 0.7739
vt 0.1649 0.7851
vt 0.1568 0.7851
vt 0.1568 0.7739
vt 0.1649 0.7739
vt 0.3443 0.2051
vt 0.3443 0.2011
vt 0.3351 0.2011
vt 0.3351 0.2051
vt 0.3722 0.0128
vt 0.3722 0.0081
vt 0.3604 0.0081
vt 0.3604 0.0128
vt 0.4498 0.3872
vt 0.4498 0.3789
vt 0.4407 0.3789
vt 0.4407 0.3872
vt 0.7939 0.0128
vt 0.7939 0.0081
vt 0.7797 0.0081
vt 0.7797 0.0128
vt 0.4657 0.2051
vt 0.4657 0.2011
vt 0.4553 0.2011
vt 0.4553 0.2051
vt 0.7437 0.2051
vt 0.7437 0.2011
vt 0.7332 0.2011
vt 0.7332 0.2051
vt 0.0530 0.0128
vt 0.0530 0.0081
vt 0.0404 0.0081
vt 0.0404 0.0128
vt 0.9388 0.0128
vt 0.9388 0.0081
vt 0.9267 0.0081
vt 0.9267 0.0128
vt 0.1048 0.3872
vt 0.1048 0.3789
vt 0.0932 0.3789
vt 0.0932 0.3872
vt 0.8022 0.3872
vt 0.8022 0.3789
vt 0.7909 0.3789
vt 0.7909 0.3872
vt 0.3019 0.2051
vt 0.3019 0.2011
vt 0.2906 0.2011
vt 0.2906 0.2051
vt 0.8616 0.3872
vt 0.8616 0.3789
vt 0.8521 0.3789
vt 0.8521 0.3872
vt 0.1514 0.0128
vt 0.1514 0.0081
vt 0.1399 0.0081
vt 0.1399 0.0128
vt 0.0437 0.3872
vt 0.0437 0.3789
vt 0.0339 0.3789
vt 0.0339 0.3872
vt 0.7285 0.3872
vt 0.7285 0.3789
vt 0.7141 0.3789
vt 0.7141 0.3872
vt 0.4131 0.3872
vt 0.4131 0.3789
vt 0.4042 0.3789
vt 0.4042 0.3872
vt 0.2787 0.2051
vt 0.2787 0.2011
vt 0.2650 0.2011
vt 0.2650 0.2051
vt 0.7643 0.2051
vt 0.7643 0.2011
vt 0.7542 0.2011
vt 0.7542 0.2051
vt 0.3635 0.2051
vt 0.3635 0.2011
vt 0.3543 0.2011
vt 0.3543 0.2051
vt 0.0845 0.2051
vt 0.0845 0.2011
vt 0.0740 0.2011
vt 0.0740 0.2051
vt 0.5048 0.3872
vt 0.5048 0.3789
vt 0.4955 0.3789
vt 0.4955 0.3872
vt 0.6330 0.3872
vt 0.6330 0.3789
vt 0.6157 0.3789
vt 0.6157 0.3872
vt 0.1695 0.2051
vt 0.1695 0.2011
vt 0.1567 0.2011
vt 0.1567 0.2051
vt 0.4315 0.3872
vt 0.4315 0.3789
vt 0.4224 0.3789
vt 0.4224 0.3872
vt 0.5950 0.0128
vt 0.5950 0.0081
vt 0.5829 0.0081
vt 0.5829 0.0128
vt 0.4972 0.0128
vt 0.4972 0.0081
vt 0.4848 0.0081
vt 0.4848 0.0128
vt 0.7841 0.2051
vt 0.7841 0.2011
vt 0.7746 0.2011
vt 0.7746 0.2051
vt 0.6197 0.0128
vt 0.6197 0.0081
vt 0.6070 0.0081
vt 0.6070 0.0128
vt 0.7552 0.3872
vt 0.7552 0.3789
vt 0.7422 0.3789
vt 0.7422 0.3872
vt 0.0241 0.3872
vt 0.0241 0.3789
vt 0.0147 0.3789
vt 0.0147 0.3872
vt 0.3086 0.3872
vt 0.3086 0.3789
vt 0.2959 0.3789
vt 0.2959 0.3872
vt 0.1448 0.2051
vt 0.1448 0.2011
vt 0.1344 0.2011
vt 0.1344 0.2051
vt 0.0773 0.0128
vt 0.0773 0.0081
vt 0.0649 0.0081
vt 0.0649 0.0128
vt 0.3768 0.3872
vt 0.3768 0.3789
vt 0.3681 0.3789
vt 0.3681 0.3872
vt 0.3964 0.0128
vt 0.3964 0.0081
vt 0.3843 0.0081
vt 0.3843 0.0128
vt 0.5244 0.3872
vt 0.5244 0.3789
vt 0.5138 0.3789
vt 0.5138 0.3872
vt 0.5469 0.0128
vt 0.5469 0.0081
vt 0.5347 0.0081
vt 0.5347 0.0128
vt 0.6994 0.3872
vt 0.6994 0.3789
vt 0.6819 0.3789
vt 0.6819 0.3872
vt 0.4039 0.2051
vt 0.4039 0.2011
vt 0.3938 0.2011
vt 0.3938 0.2051
vt 0.2012 0.0128
vt 0.2012 0.0081
vt 0.1868 0.0081
vt 0.1868 0.0128
vt 0.8653 0.0128
vt 0.8653 0.0081
vt 0.8518 0.0081
vt 0.8518 0.0128
vt 0.3251 0.2051
vt 0.3251 0.2011
vt 0.3140 0.2011
vt 0.3140 0.2051
vt 0.2645 0.0128
vt 0.2645 0.0081
vt 0.2470 0.0081
vt 0.2470 0.0128
vt 0.4866 0.3872
vt 0.4866 0.3789
vt 0.4774 0.3789
vt 0.4774 0.3872
vt 0.4253 0.2051
vt 0.4253 0.2011
vt 0.4147 0.2011
vt 0.4147 0.2051
vt 0.3834 0.2051
vt 0.3834 0.2011
vt 0.3739 0.2011
vt 0.3739 0.2051
vt 0.8388 0.0128
vt 0.8388 0.0081
vt 0.8268 0.0081
vt 0.8268 0.0128
vt 0.1730 0.0128
vt 0.1730 0.0081
vt 0.1621 0.0081
vt 0.1621 0.0128
vt 0.5271 0.2051
vt 0.5271 0.2011
vt 0.5151 0.2011
vt 0.5151 0.2051
vt 0.0440 0.2051
vt 0.0440 0.2011
vt 0.0339 0.2011
vt 0.0339 0.2051
vt 0.4462 0.0128
vt 0.4462 0.0081
vt 0.4340 0.0081
vt 0.4340 0.0128
vt 0.5711 0.0128
vt 0.5711 0.0081
vt 0.5594 0.0081
vt 0.5594 0.0128
vt 0.3375 0.3872
vt 0.3375 0.3789
vt 0.3235 0.3789
vt 0.3235 0.3872
vt 0.8896 0.0128
vt 0.8896 0.0081
vt 0.8775 0.0081
vt 0.8775 0.0128
vt 0.1247 0.2051
vt 0.1247 0.2011
vt 0.1158 0.2011
vt 0.1158 0.2051
vt 0.5452 0.3872
vt 0.5452 0.3789
vt 0.5341 0.3789
vt 0.5341 0.3872
vt 0.9141 0.0128
vt 0.9141 0.0081
vt 0.9021 0.0081
vt 0.9021 0.0128
vt 0.2921 0.0128
vt 0.2921 0.0081
vt 0.2787 0.0081
vt 0.2787 0.0128
vt 0.4215 0.0128
vt 0.4215 0.0081
vt 0.4089 0.0081
vt 0.4089 0.0128
vt 0.8233 0.3872
vt 0.8233 0.3789
vt 0.8131 0.3789
vt 0.8131 0.3872
vt 0.0284 0.0128
vt 0.0284 0.0081
vt 0.0161 0.0081
vt 0.0161 0.0128
vt 0.7037 0.2051
vt 0.7037 0.2011
vt 0.6942 0.2011
vt 0.6942 0.2051
vt 0.0246 0.2051
vt 0.0246 0.2011
vt 0.0156 0.2011
vt 0.0156 0.2051
vt 0.0826 0.3872
vt 0.0826 0.3789
vt 0.0726 0.3789
vt 0.0726 0.3872
vt 0.5736 0.3872
vt 0.5736 0.3789
vt 0.5591 0.3789
vt 0.5591 0.3872
vt 0.6590 0.2051
vt 0.6590 0.2011
vt 0.6451 0.2011
vt 0.6451 0.2051
vt 0.2296 0.0128
vt 0.2296 0.0081
vt 0.2148 0.0081
vt 0.2148 0.0128
vt 0.5775 0.2051
vt 0.5775 0.2011
vt 0.5637 0.2011
vt 0.5637 0.2051
vt 0.1536 0.3872
vt 0.1536 0.3789
vt 0.1393 0.3789
vt 0.1393 0.3872
vt 0.6838 0.2051
vt 0.6838 0.2011
vt 0.6719 0.2011
vt 0.6719 0.2051
vt 0.7357 0.0128
vt 0.7357 0.0081
vt 0.7182 0.0081
vt 0.7182 0.0128
vt 0.8036 0.2051
vt 0.8036 0.2011
vt 0.7942 0.2011
vt 0.7942 0.2051
vt 0.6039 0.2051
vt 0.6039 0.2011
vt 0.5905 0.2011
vt 0.5905 0.2051
vt 0.6463 0.0128
vt 0.6463 0.0081
vt 0.6332 0.0081
vt 0.6332 0.0128
vt 0.4684 0.3872
vt 0.4684 0.3789
vt 0.4589 0.3789
vt 0.4589 0.3872
vt 0.1016 0.0128
vt 0.1016 0.0081
vt 0.0893 0.0081
vt 0.0893 0.0128
vt 0.3479 0.0128
vt 0.3479 0.0081
vt 0.3342 0.0081
vt 0.3342 0.0128
vt 0.1821 0.3872
vt 0.1821 0.3789
vt 0.1674 0.3789
vt 0.1674 0.3872
vt 0.0632 0.3872
vt 0.0632 0.3789
vt 0.0532 0.3789
vt 0.0532 0.3872
vt 0.2494 0.3872
vt 0.2494 0.3789
vt 0.2343 0.3789
vt 0.2343 0.3872
vt 0.5228 0.0128
vt 0.5228 0.0081
vt 0.5103 0.0081
vt 0.5103 0.0128
vt 0.3950 0.3872
vt 0.3950 0.3789
vt 0.3861 0.3789
vt 0.3861 0.3872
vt 0.3580 0.3872
vt 0.3580 0.3789
vt 0.3488 0.3789
vt 0.3488 0.3872
vt 0.5993 0.3872
vt 0.5993 0.3789
vt 0.5862 0.3789
vt 0.5862 0.3872
vt 0.2244 0.2051
vt 0.2244 0.2011
vt 0.2112 0.2011
vt 0.2112 0.2051
vt 0.1978 0.2051
vt 0.1978 0.2011
vt 0.1834 0.2011
vt 0.1834 0.2051
vt 0.7787 0.3872
vt 0.7787 0.3789
vt 0.7673 0.3789
vt 0.7673 0.3872
vt 0.0639 0.2051
vt 0.0639 0.2011
vt 0.0536 0.2011
vt 0.0536 0.2051
vt 0.6742 0.0128
vt 0.6742 0.0081
vt 0.6598 0.0081
vt 0.6598 0.0128
vt 0.6307 0.2051
vt 0.6307 0.2011
vt 0.6172 0.2011
vt 0.6172 0.2051
vt 0.2830 0.3872
vt 0.2830 0.3789
vt 0.2668 0.3789
vt 0.2668 0.3872
vt 0.1053 0.2051
vt 0.1053 0.2011
vt 0.0948 0.2011
vt 0.0948 0.2051
vt 0.4723 0.0128
vt 0.4723 0.0081
vt 0.4590 0.0081
vt 0.4590 0.0128
vt 0.5498 0.2051
vt 0.5498 0.2011
vt 0.5380 0.2011
vt 0.5380 0.2051
vt 0.1279 0.0128
vt 0.1279 0.0081
vt 0.1152 0.0081
vt 0.1152 0.0128
vt 0.2188 0.3872
vt 0.2188 0.3789
vt 0.2002 0.3789
vt 0.2002 0.3872
vt 0.8156 0.0128
vt 0.8156 0.0081
vt 0.8049 0.0081
vt 0.8049 0.0128
vt 0.6641 0.3872
vt 0.6641 0.3789
vt 0.6485 0.3789
vt 0.6485 0.3872
vt 0.4849 0.2051
vt 0.4849 0.2011
vt 0.4748 0.2011
vt 0.4748 0.2051
vt 0.2511 0.2051
vt 0.2511 0.2011
vt 0.2378 0.2011
vt 0.2378 0.2051
vt 0.7229 0.2051
vt 0.7229 0.2011
vt 0.7125 0.2011
vt 0.7125 0.2051
vt 0.3207 0.0128
vt 0.3207 0.0081
vt 0.3069 0.0081
vt 0.3069 0.0128
vt 0.1264 0.3872
vt 0.1264 0.3789
vt 0.1152 0.3789
vt 0.1152 0.3872
vt 0.7009 0.0128
vt 0.7009 0.0081
vt 0.6872 0.0081
vt 0.6872 0.0128
vt 0.5040 0.2051
vt 0.5040 0.2011
vt 0.4941 0.2011
vt 0.4941 0.2051
vt 0.8426 0.3872
vt 0.8426 0.3789
vt 0.8331 0.3789
vt 0.8331 0.3872
vt 0.4461 0.2051
vt 0.4461 0.2011
vt 0.4356 0.2011
vt 0.4356 0.2051
vt 0.7647 0.0128
vt 0.7647 0.0081
vt 0.7505 0.0081
vt 0.7505 0.0128
vt 0.8426 0.5335
vt 0.8426 0.5298
vt 0.8331 0.5298
vt 0.8331 0.5335
vt 0.8426 0.5248
vt 0.8426 0.5194
vt 0.8331 0.5194
vt 0.8331 0.5248
vt 0.8426 0.5136
vt 0.8426 0.5073
vt 0.8331 0.5073
vt 0.8331 0.5136
vt 0.8426 0.5004
vt 0.8426 0.4927
vt 0.8331 0.4927
vt 0.8331 0.5004
vt 0.8426 0.4838
vt 0.8426 0.4737
vt 0.8331 0.4737
vt 0.8331 0.4838
vt 0.8426 0.4621
vt 0.8426 0.4493
vt 0.8331 0.4493
vt 0.8331 0.4621
vt 0.8426 0.4357
vt 0.8426 0.4219
vt 0.8331 0.4219
vt 0.8331 0.4357
vt 0.8426 0.4088
vt 0.8426 0.3973
vt 0.8331 0.3973
vt 0.8331 0.4088
vt 0.1264 0.5335
vt 0.1264 0.5298
vt 0.1152 0.5298
vt 0.1152 0.5335
vt 0.1264 0.5248
vt 0.1264 0.5194
vt 0.1152 0.5194
vt 0.1152 0.5248
vt 0.1264 0.5136
vt 0.1264 0.5073
vt 0.1152 0.5073
vt 0.1152 0.5136
vt 0.1264 0.5004
vt 0.1264 0.4927
vt 0.1152 0.4927
vt 0.1152 0.5004
vt 0.1264 0.4838
vt 0.1264 0.4737
vt 0.1152 0.4737
vt 0.1152 0.4838
vt 0.1264 0.4621
vt 0.1264 0.4493
vt 0.1152 0.4493
vt 0.1152 0.4621
vt 0.1264 0.4357
vt 0.1264 0.4219
vt 0.1152 0.4219
vt 0.1152 0.4357
vt 0.1264 0.4088
vt 0.1264 0.3973
vt 0.1152 0.3973
vt 0.1152 0.4088
vt 0.6641 0.5335
vt 0.6641 0.5298
vt 0.6485 0.5298
vt 0.6485 0.5335
vt 0.6641 0.5248
vt 0.6641 0.5194
vt 0.6485 0.5194
vt 0.6485 0.5248
vt 0.6641 0.5136
vt 0.6641 0.5073
vt 0.6485 0.5073
vt 0.6485 0.5136
vt 0.6641 0.5004
vt 0.6641 0.4927
vt 0.6485 0.4927
vt 0.6485 0.5004
vt 0.6641 0.4838
vt 0.6641 0.4737
vt 0.6485 0.4737
vt 0.6485 0.4838
vt 0.6641 0.4621
vt 0.6641 0.4493
vt 0.6485 0.4493
vt 0.6485 0.4621
vt 0.6641 0.4357
vt 0.6641 0.4219
vt 0.6485 0.4219
vt 0.6485 0.4357
vt 0.6641 0.4088
vt 0.6641 0.3973
vt 0.6485 0.3973
vt 0.6485 0.4088
vt 0.2188 0.5335
vt 0.2188 0.5298
vt 0.2002 0.5298
vt 0.2002 0.5335
vt 0.2188 0.5248
vt 0.2188 0.5194
vt 0.2002 0.5194
vt 0.2002 0.5248
vt 0.2188 0.5136
vt 0.2188 0.5073
vt 0.2002 0.5073
vt 0.2002 0.5136
vt 0.2188 0.5004
vt 0.2188 0.4927
vt 0.2002 0.4927
vt 0.2002 0.5004
vt 0.2188 0.4838
vt 0.2188 0.4737
vt 0.2002 0.4737
vt 0.2002 0.4838
vt 0.2188 0.4621
vt 0.2188 0.4493
vt 0.2002 0.4493
vt 0.2002 0.4621
vt 0.2188 0.4357
vt 0.2188 0.4219
vt 0.2002 0.4219
vt 0.2002 0.4357
vt 0.2188 0.4088
vt 0.2188 0.3973
vt 0.2002 0.3973
vt 0.2002 0.4088
vt 0.2830 0.5335
vt 0.2830 0.5298
vt 0.2668 0.5298
vt 0.2668 0.5335
vt 0.2830 0.5248
vt 0.2830 0.5194
vt 0.2668 0.5194
vt 0.2668 0.5248
vt 0.2830 0.5136
vt 0.2830 0.5073
vt 0.2668 0.5073
vt 0.2668 0.5136
vt 0.2830 0.5004
vt 0.2830 0.4927
vt 0.2668 0.4927
vt 0.2668 0.5004
vt 0.2830 0.4838
vt 0.2830 0.4737
vt 0.2668 0.4737
vt 0.2668 0.4838
vt 0.2830 0.4621
vt 0.2830 0.4493
vt 0.2668 0.4493
vt 0.2668 0.4621
vt 0.2830 0.4357
vt 0.2830 0.4219
vt 0.2668 0.4219
vt 0.2668 0.4357
vt 0.2830 0.4088
vt 0.2830 0.3973
vt 0.2668 0.3973
vt 0.2668 0.4088
vt 0.7787 0.5335
vt 0.7787 0.5298
vt 0.7673 0.5298
vt 0.7673 0.5335
vt 0.7787 0.5248
vt 0.7787 0.5194
vt 0.7673 0.5194
vt 0.7673 0.5248
vt 0.7787 0.5136
vt 0.7787 0.5073
vt 0.7673 0.5073
vt 0.7673 0.5136
vt 0.7787 0.5004
vt 0.7787 0.4927
vt 0.7673 0.4927
vt 0.7673 0.5004
vt 0.7787 0.4838
vt 0.7787 0.4737
vt 0.7673 0.4737
vt 0.7673 0.4838
vt 0.7787 0.4621
vt 0.7787 0.4493
vt 0.7673 0.4493
vt 0.7673 0.4621
vt 0.7787 0.4357
vt 0.7787 0.4219
vt 0.7673 0.4219
vt 0.7673 0.4357
vt 0.7787 0.4088
vt 0.7787 0.3973
vt 0.7673 0.3973
vt 0.7673 0.4088
vt 0.5993 0.5335
vt 0.5993 0.5298
vt 0.5862 0.5298
vt 0.5862 0.5335
vt 0.5993 0.5248
vt 0.5993 0.5194
vt 0.5862 0.5194
vt 0.5862 0.5248
vt 0.5993 0.5136
vt 0.5993 0.5073
vt 0.5862 0.5073
vt 0.5862 0.5136
vt 0.5993 0.5004
vt 0.5993 0.4927
vt 0.5862 0.4927
vt 0.5862 0.5004
vt 0.5993 0.4838
vt 0.5993 0.4737
vt 0.5862 0.4737
vt 0.5862 0.4838
vt 0.5993 0.4621
vt 0.5993 0.4493
vt 0.5862 0.4493
vt 0.5862 0.4621
vt 0.5993 0.4357
vt 0.5993 0.4219
vt 0.5862 0.4219
vt 0.5862 0.4357
vt 0.5993 0.4088
vt 0.5993 0.3973
vt 0.5862 0.3973
vt 0.5862 0.4088
vt 0.3580 0.5335
vt 0.3580 0.5298
vt 0.3488 0.5298
vt 0.3488 0.5335
vt 0.3580 0.5248
vt 0.3580 0.5194
vt 0.3488 0.5194
vt 0.3488 0.5248
vt 0.3580 0.5136
vt 0.3580 0.5073
vt 0.3488 0.5073
vt 0.3488 0.5136
vt 0.3580 0.5004
vt 0.3580 0.4927
vt 0.3488 0.4927
vt 0.3488 0.5004
vt 0.3580 0.4838
vt 0.3580 0.4737
vt 0.3488 0.4737
vt 0.3488 0.4838
vt 0.3580 0.4621
vt 0.3580 0.4493
vt 0.3488 0.4493
vt 0.3488 0.4621
vt 0.3580 0.4357
vt 0.3580 0.4219
vt 0.3488 0.4219
vt 0.3488 0.4357
vt 0.3580 0.4088
vt 0.3580 0.3973
vt 0.3488 0.3973
vt 0.3488 0.4088
vt 0.3950 0.5335
vt 0.3950 0.5298
vt 0.3861 0.5298
vt 0.3861 0.5335
vt 0.3950 0.5248
vt 0.3950 0.5194
vt 0.3861 0.5194
vt 0.3861 0.5248
vt 0.3950 0.5136
vt 0.3950 0.5073
vt 0.3861 0.5073
vt 0.3861 0.5136
vt 0.3950 0.5004
vt 0.3950 0.4927
vt 0.3861 0.4927
vt 0.3861 0.5004
vt 0.3950 0.4838
vt 0.3950 0.4737
vt 0.3861 0.4737
vt 0.3861 0.4838
vt 0.3950 0.4621
vt 0.3950 0.4493
vt 0.3861 0.4493
vt 0.3861 0.4621
vt 0.3950 0.4357
vt 0.3950 0.4219
vt 0.3861 0.4219
vt 0.3861 0.4357
vt 0.3950 0.4088
vt 0.3950 0.3973
vt 0.3861 0.3973
vt 0.3861 0.4088
vt 0.2494 0.5335
vt 0.2494 0.5298
vt 0.2343 0.5298
vt 0.2343 0.5335
vt 0.2494 0.5248
vt 0.2494 0.5194
vt 0.2343 0.5194
vt 0.2343 0.5248
vt 0.2494 0.5136
vt 0.2494 0.5073
vt 0.2343 0.5073
vt 0.2343 0.5136
vt 0.2494 0.5004
vt 0.2494 0.4927
vt 0.2343 0.4927
vt 0.2343 0.5004
vt 0.2494 0.4838
vt 0.2494 0.4737
vt 0.2343 0.4737
vt 0.2343 0.4838
vt 0.2494 0.4621
vt 0.2494 0.4493
vt 0.2343 0.4493
vt 0.2343 0.4621
vt 0.2494 0.4357
vt 0.2494 0.4219
vt 0.2343 0.4219
vt 0.2343 0.4357
vt 0.2494 0.4088
vt 0.2494 0.3973
vt 0.2343 0.3973
vt 0.2343 0.4088
vt 0.0632 0.5335
vt 0.0632 0.5298
vt 0.0532 0.5298
vt 0.0532 0.5335
vt 0.0632 0.5248
vt 0.0632 0.5194
vt 0.0532 0.5194
vt 0.0532 0.5248
vt 0.0632 0.5136
vt 0.0632 0.5073
vt 0.0532 0.5073
vt 0.0532 0.5136
vt 0.0632 0.5004
vt 0.0632 0.4927
vt 0.0532 0.4927
vt 0.0532 0.5004
vt 0.0632 0.4838
vt 0.0632 0.4737
vt 0.0532 0.4737
vt 0.0532 0.4838
vt 0.0632 0.4621
vt 0.0632 0.4493
vt 0.0532 0.4493
vt 0.0532 0.4621
vt 0.0632 0.4357
vt 0.0632 0.4219
vt 0.0532 0.4219
vt 0.0532 0.4357
vt 0.0632 0.4088
vt 0.0632 0.3973
vt 0.0532 0.3973
vt 0.0532 0.4088
vt 0.1821 0.5335
vt 0.1821 0.5298
vt 0.1674 0.5298
vt 0.1674 0.5335
vt 0.1821 0.5248
vt 0.1821 0.5194
vt 0.1674 0.5194
vt 0.1674 0.5248
vt 0.1821 0.5136
vt 0.1821 0.5073
vt 0.1674 0.5073
vt 0.1674 0.5136
vt 0.1821 0.5004
vt 0.1821 0.4927
vt 0.1674 0.4927
vt 0.1674 0.5004
vt 0.1821 0.4838
vt 0.1821 0.4737
vt 0.1674 0.4737
vt 0.1674 0.4838
vt 0.1821 0.4621
vt 0.1821 0.4493
vt 0.1674 0.4493
vt 0.1674 0.4621
vt 0.1821 0.4357
vt 0.1821 0.4219
vt 0.1674 0.4219
vt 0.1674 0.4357
vt 0.1821 0.4088
vt 0.1821 0.3973
vt 0.1674 0.3973
vt 0.1674 0.4088
vt 0.4684 0.5335
vt 0.4684 0.5298
vt 0.4589 0.5298
vt 0.4589 0.5335
vt 0.4684 0.5248
vt 0.4684 0.5194
vt 0.4589 0.5194
vt 0.4589 0.5248
vt 0.4684 0.5136
vt 0.4684 0.5073
vt 0.4589 0.5073
vt 0.4589 0.5136
vt 0.4684 0.5004
vt 0.4684 0.4927
vt 0.4589 0.4927
vt 0.4589 0.5004
vt 0.4684 0.4838
vt 0.4684 0.4737
vt 0.4589 0.4737
vt 0.4589 0.4838
vt 0.4684 0.4621
vt 0.4684 0.4493
vt 0.4589 0.4493
vt 0.4589 0.4621
vt 0.4684 0.4357
vt 0.4684 0.4219
vt 0.4589 0.4219
vt 0.4589 0.4357
vt 0.4684 0.4088
vt 0.4684 0.3973
vt 0.4589 0.3973
vt 0.4589 0.4088
vt 0.1536 0.5335
vt 0.1536 0.5298
vt 0.1393 0.5298
vt 0.1393 0.5335
vt 0.1536 0.5248
vt 0.1536 0.5194
vt 0.1393 0.5194
vt 0.1393 0.5248
vt 0.1536 0.5136
vt 0.1536 0.5073
vt 0.1393 0.5073
vt 0.1393 0.5136
vt 0.1536 0.5004
vt 0.1536 0.4927
vt 0.1393 0.4927
vt 0.1393 0.5004
vt 0.1536 0.4838
vt 0.1536 0.4737
vt 0.1393 0.4737
vt 0.1393 0.4838
vt 0.1536 0.4621
vt 0.1536 0.4493
vt 0.1393 0.4493
vt 0.1393 0.4621
vt 0.1536 0.4357
vt 0.1536 0.4219
vt 0.1393 0.4219
vt 0.1393 0.4357
vt 0.1536 0.4088
vt 0.1536 0.3973
vt 0.1393 0.3973
vt 0.1393 0.4088
vt 0.5736 0.5335
vt 0.5736 0.5298
vt 0.5591 0.5298
vt 0.5591 0.5335
vt 0.5736 0.5248
vt 0.5736 0.5194
vt 0.5591 0.5194
vt 0.5591 0.5248
vt 0.5736 0.5136
vt 0.5736 0.5073
vt 0.5591 0.5073
vt 0.5591 0.5136
vt 0.5736 0.5004
vt 0.5736 0.4927
vt 0.5591 0.4927
vt 0.5591 0.5004
vt 0.5736 0.4838
vt 0.5736 0.4737
vt 0.5591 0.4737
vt 0.5591 0.4838
vt 0.5736 0.4621
vt 0.5736 0.4493
vt 0.5591 0.4493
vt 0.5591 0.4621
vt 0.5736 0.4357
vt 0.5736 0.4219
vt 0.5591 0.4219
vt 0.5591 0.4357
vt 0.5736 0.4088
vt 0.5736 0.3973
vt 0.5591 0.3973
vt 0.5591 0.4088
vt 0.0826 0.5335
vt 0.0826 0.5298
vt 0.0726 0.5298
vt 0.0726 0.5335
vt 0.0826 0.5248
vt 0.0826 0.5194
vt 0.0726 0.5194
vt 0.0726 0.5248
vt 0.0826 0.5136
vt 0.0826 0.5073
vt 0.0726 0.5073
vt 0.0726 0.5136
vt 0.0826 0.5004
vt 0.0826 0.4927
vt 0.0726 0.4927
vt 0.0726 0.5004
vt 0.0826 0.4838
vt 0.0826 0.4737
vt 0.0726 0.4737
vt 0.0726 0.4838
vt 0.0826 0.4621
vt 0.0826 0.4493
vt 0.0726 0.4493
vt 0.0726 0.4621
vt 0.0826 0.4357
vt 0.0826 0.4219
vt 0.0726 0.4219
vt 0.0726 0.4357
vt 0.0826 0.4088
vt 0.0826 0.3973
vt 0.0726 0.3973
vt 0.0726 0.4088
vt 0.8233 0.5335
vt 0.8233 0.5298
vt 0.8131 0.5298
vt 0.8131 0.5335
vt 0.8233 0.5248
vt 0.8233 0.5194
vt 0.8131 0.5194
vt 0.8131 0.5248
vt 0.8233 0.5136
vt 0.8233 0.5073
vt 0.8131 0.5073
vt 0.8131 0.5136
vt 0.8233 0.5004
vt 0.8233 0.4927
vt 0.8131 0.4927
vt 0.8131 0.5004
vt 0.8233 0.4838
vt 0.8233 0.4737
vt 0.8131 0.4737
vt 0.8131 0.4838
vt 0.8233 0.4621
vt 0.8233 0.4493
vt 0.8131 0.4493
vt 0.8131 0.4621
vt 0.8233 0.4357
vt 0.8233 0.4219
vt 0.8131 0.4219
vt 0.8131 0.4357
vt 0.8233 0.4088
vt 0.8233 0.3973
vt 0.8131 0.3973
vt 0.8131 0.4088
vt 0.5452 0.5335
vt 0.5452 0.5298
vt 0.5341 0.5298
vt 0.5341 0.5335
vt 0.5452 0.5248
vt 0.5452 0.5194
vt 0.5341 0.5194
vt 0.5341 0.5248
vt 0.5452 0.5136
vt 0.5452 0.5073
vt 0.5341 0.5073
vt 0.5341 0.5136
vt 0.5452 0.5004
vt 0.5452 0.4927
vt 0.5341 0.4927
vt 0.5341 0.5004
vt 0.5452 0.4838
vt 0.5452 0.4737
vt 0.5341 0.4737
vt 0.5341 0.4838
vt 0.5452 0.4621
vt 0.5452 0.4493
vt 0.5341 0.4493
vt 0.5341 0.4621
vt 0.5452 0.4357
vt 0.5452 0.4219
vt 0.5341 0.4219
vt 0.5341 0.4357
vt 0.5452 0.4088
vt 0.5452 0.3973
vt 0.5341 0.3973
vt 0.5341 0.4088
vt 0.3375 0.5335
vt 0.3375 0.5298
vt 0.3235 0.5298
vt 0.3235 0.5335
vt 0.3375 0.5248
vt 0.3375 0.5194
vt 0.3235 0.5194
vt 0.3235 0.5248
vt 0.3375 0.5136
vt 0.3375 0.5073
vt 0.3235 0.5073
vt 0.3235 0.5136
vt 0.3375 0.5004
vt 0.3375 0.4927
vt 0.3235 0.4927
vt 0.3235 0.5004
vt 0.3375 0.4838
vt 0.3375 0.4737
vt 0.3235 0.4737
vt 0.3235 0.4838
vt 0.3375 0.4621
vt 0.3375 0.4493
vt 0.3235 0.4493
vt 0.3235 0.4621
vt 0.3375 0.4357
vt 0.3375 0.4219
vt 0.3235 0.4219
vt 0.3235 0.4357
vt 0.3375 0.4088
vt 0.3375 0.3973
vt 0.3235 0.3973
vt 0.3235 0.4088
vt 0.4866 0.5335
vt 0.4866 0.5298
vt 0.4774 0.5298
vt 0.4774 0.5335
vt 0.4866 0.5248
vt 0.4866 0.5194
vt 0.4774 0.5194
vt 0.4774 0.5248
vt 0.4866 0.5136
vt 0.4866 0.5073
vt 0.4774 0.5073
vt 0.4774 0.5136
vt 0.4866 0.5004
vt 0.4866 0.4927
vt 0.4774 0.4927
vt 0.4774 0.5004
vt 0.4866 0.4838
vt 0.4866 0.4737
vt 0.4774 0.4737
vt 0.4774 0.4838
vt 0.4866 0.4621
vt 0.4866 0.4493
vt 0.4774 0.4493
vt 0.4774 0.4621
vt 0.4866 0.4357
vt 0.4866 0.4219
vt 0.4774 0.4219
vt 0.4774 0.4357
vt 0.4866 0.4088
vt 0.4866 0.3973
vt 0.4774 0.3973
vt 0.4774 0.4088
vt 0.6994 0.5335
vt 0.6994 0.5298
vt 0.6819 0.5298
vt 0.6819 0.5335
vt 0.6994 0.5248
vt 0.6994 0.5194
vt 0.6819 0.5194
vt 0.6819 0.5248
vt 0.6994 0.5136
vt 0.6994 0.5073
vt 0.6819 0.5073
vt 0.6819 0.5136
vt 0.6994 0.5004
vt 0.6994 0.4927
vt 0.6819 0.4927
vt 0.6819 0.5004
vt 0.6994 0.4838
vt 0.6994 0.4737
vt 0.6819 0.4737
vt 0.6819 0.4838
vt 0.6994 0.4621
vt 0.6994 0.4493
vt 0.6819 0.4493
vt 0.6819 0.4621
vt 0.6994 0.4357
vt 0.6994 0.4219
vt 0.6819 0.4219
vt 0.6819 0.4357
vt 0.6994 0.4088
vt 0.6994 0.3973
vt 0.6819 0.3973
vt 0.6819 0.4088
vt 0.5244 0.5335
vt 0.5244 0.5298
vt 0.5138 0.5298
vt 0.5138 0.5335
vt 0.5244 0.5248
vt 0.5244 0.5194
vt 0.5138 0.5194
vt 0.5138 0.5248
vt 0.5244 0.5136
vt 0.5244 0.5073
vt 0.5138 0.5073
vt 0.5138 0.5136
vt 0.5244 0.5004
vt 0.5244 0.4927
vt 0.5138 0.4927
vt 0.5138 0.5004
vt 0.5244 0.4838
vt 0.5244 0.4737
vt 0.5138 0.4737
vt 0.5138 0.4838
vt 0.5244 0.4621
vt 0.5244 0.4493
vt 0.5138 0.4493
vt 0.5138 0.4621
vt 0.5244 0.4357
vt 0.5244 0.4219
vt 0.5138 0.4219
vt 0.5138 0.4357
vt 0.5244 0.4088
vt 0.5244 0.3973
vt 0.5138 0.3973
vt 0.5138 0.4088
vt 0.3768 0.5335
vt 0.3768 0.5298
vt 0.3681 0.5298
vt 0.3681 0.5335
vt 0.3768 0.5248
vt 0.3768 0.5194
vt 0.3681 0.5194
vt 0.3681 0.5248
vt 0.3768 0.5136
vt 0.3768 0.5073
vt 0.3681 0.5073
vt 0.3681 0.5136
vt 0.3768 0.5004
vt 0.3768 0.4927
vt 0.3681 0.4927
vt 0.3681 0.5004
vt 0.3768 0.4838
vt 0.3768 0.4737
vt 0.3681 0.4737
vt 0.3681 0.4838
vt 0.3768 0.4621
vt 0.3768 0.4493
vt 0.3681 0.4493
vt 0.3681 0.4621
vt 0.3768 0.4357
vt 0.3768 0.4219
vt 0.3681 0.4219
vt 0.3681 0.4357
vt 0.3768 0.4088
vt 0.3768 0.3973
vt 0.3681 0.3973
vt 0.3681 0.4088
vt 0.3086 0.5335
vt 0.3086 0.5298
vt 0.2959 0.5298
vt 0.2959 0.5335
vt 0.3086 0.5248
vt 0.3086 0.5194
vt 0.2959 0.5194
vt 0.2959 0.5248
vt 0.3086 0.5136
vt 0.3086 0.5073
vt 0.2959 0.5073
vt 0.2959 0.5136
vt 0.3086 0.5004
vt 0.3086 0.4927
vt 0.2959 0.4927
vt 0.2959 0.5004
vt 0.3086 0.4838
vt 0.3086 0.4737
vt 0.2959 0.4737
vt 0.2959 0.4838
vt 0.3086 0.4621
vt 0.3086 0.4493
vt 0.2959 0.4493
vt 0.2959 0.4621
vt 0.3086 0.4357
vt 0.3086 0.4219
vt 0.2959 0.4219
vt 0.2959 0.4357
vt 0.3086 0.4088
vt 0.3086 0.3973
vt 0.2959 0.3973
vt 0.2959 0.4088
vt 0.0241 0.5335
vt 0.0241 0.5298
vt 0.0147 0.5298
vt 0.0147 0.5335
vt 0.0241 0.5248
vt 0.0241 0.5194
vt 0.0147 0.5194
vt 0.0147 0.5248
vt 0.0241 0.5136
vt 0.0241 0.5073
vt 0.0147 0.5073
vt 0.0147 0.5136
vt 0.0241 0.5004
vt 0.0241 0.4927
vt 0.0147 0.4927
vt 0.0147 0.5004
vt 0.0241 0.4838
vt 0.0241 0.4737
vt 0.0147 0.4737
vt 0.0147 0.4838
vt 0.0241 0.4621
vt 0.0241 0.4493
vt 0.0147 0.4493
vt 0.0147 0.4621
vt 0.0241 0.4357
vt 0.0241 0.4219
vt 0.0147 0.4219
vt 0.0147 0.4357
vt 0.0241 0.4088
vt 0.0241 0.3973
vt 0.0147 0.3973
vt 0.0147 0.4088
vt 0.7552 0.5335
vt 0.7552 0.5298
vt 0.7422 0.5298
vt 0.7422 0.5335
vt 0.7552 0.5248
vt 0.7552 0.5194
vt 0.7422 0.5194
vt 0.7422 0.5248
vt 0.7552 0.5136
vt 0.7552 0.5073
vt 0.7422 0.5073
vt 0.7422 0.5136
vt 0.7552 0.5004
vt 0.7552 0.4927
vt 0.7422 0.4927
vt 0.7422 0.5004
vt 0.7552 0.4838
vt 0.7552 0.4737
vt 0.7422 0.4737
vt 0.7422 0.4838
vt 0.7552 0.4621
vt 0.7552 0.4493
vt 0.7422 0.4493
vt 0.7422 0.4621
vt 0.7552 0.4357
vt 0.7552 0.4219
vt 0.7422 0.4219
vt 0.7422 0.4357
vt 0.7552 0.4088
vt 0.7552 0.3973
vt 0.7422 0.3973
vt 0.7422 0.4088
vt 0.4315 0.5335
vt 0.4315 0.5298
vt 0.4224 0.5298
vt 0.4224 0.5335
vt 0.4315 0.5248
vt 0.4315 0.5194
vt 0.4224 0.5194
vt 0.4224 0.5248
vt 0.4315 0.5136
vt 0.4315 0.5073
vt 0.4224 0.5073
vt 0.4224 0.5136
vt 0.4315 0.5004
vt 0.4315 0.4927
vt 0.4224 0.4927
vt 0.4224 0.5004
vt 0.4315 0.4838
vt 0.4315 0.4737
vt 0.4224 0.4737
vt 0.4224 0.4838
vt 0.4315 0.4621
vt 0.4315 0.4493
vt 0.4224 0.4493
vt 0.4224 0.4621
vt 0.4315 0.4357
vt 0.4315 0.4219
vt 0.4224 0.4219
vt 0.4224 0.4357
vt 0.4315 0.4088
vt 0.4315 0.3973
vt 0.4224 0.3973
vt 0.4224 0.4088
vt 0.6330 0.5335
vt 0.6330 0.5298
vt 0.6157 0.5298
vt 0.6157 0.5335
vt 0.6330 0.5248
vt 0.6330 0.5194
vt 0.6157 0.5194
vt 0.6157 0.5248
vt 0.6330 0.5136
vt 0.6330 0.5073
vt 0.6157 0.5073
vt 0.6157 0.5136
vt 0.6330 0.5004
vt 0.6330 0.4927
vt 0.6157 0.4927
vt 0.6157 0.5004
vt 0.6330 0.4838
vt 0.6330 0.4737
vt 0.6157 0.4737
vt 0.6157 0.4838
vt 0.6330 0.4621
vt 0.6330 0.4493
vt 0.6157 0.4493
vt 0.6157 0.4621
vt 0.6330 0.4357
vt 0.6330 0.4219
vt 0.6157 0.4219
vt 0.6157 0.4357
vt 0.6330 0.4088
vt 0.6330 0.3973
vt 0.6157 0.3973
vt 0.6157 0.4088
vt 0.5048 0.5335
vt 0.5048 0.5298
vt 0.4955 0.5298
vt 0.4955 0.5335
vt 0.5048 0.5248
vt 0.5048 0.5194
vt 0.4955 0.5194
vt 0.4955 0.5248
vt 0.5048 0.5136
vt 0.5048 0.5073
vt 0.4955 0.5073
vt 0.4955 0.5136
vt 0.5048 0.5004
vt 0.5048 0.4927
vt 0.4955 0.4927
vt 0.4955 0.5004
vt 0.5048 0.4838
vt 0.5048 0.4737
vt 0.4955 0.4737
vt 0.4955 0.4838
vt 0.5048 0.4621
vt 0.5048 0.4493
vt 0.4955 0.4493
vt 0.4955 0.4621
vt 0.5048 0.4357
vt 0.5048 0.4219
vt 0.4955 0.4219
vt 0.4955 0.4357
vt 0.5048 0.4088
vt 0.5048 0.3973
vt 0.4955 0.3973
vt 0.4955 0.4088
vt 0.4131 0.5335
vt 0.4131 0.5298
vt 0.4042 0.5298
vt 0.4042 0.5335
vt 0.4131 0.5248
vt 0.4131 0.5194
vt 0.4042 0.5194
vt 0.4042 0.5248
vt 0.4131 0.5136
vt 0.4131 0.5073
vt 0.4042 0.5073
vt 0.4042 0.5136
vt 0.4131 0.5004
vt 0.4131 0.4927
vt 0.4042 0.4927
vt 0.4042 0.5004
vt 0.4131 0.4838
vt 0.4131 0.4737
vt 0.4042 0.4737
vt 0.4042 0.4838
vt 0.4131 0.4621
vt 0.4131 0.4493
vt 0.4042 0.4493
vt 0.4042 0.4621
vt 0.4131 0.4357
vt 0.4131 0.4219
vt 0.4042 0.4219
vt 0.4042 0.4357
vt 0.4131 0.4088
vt 0.4131 0.3973
vt 0.4042 0.3973
vt 0.4042 0.4088
vt 0.7285 0.5335
vt 0.7285 0.5298
vt 0.7141 0.5298
vt 0.7141 0.5335
vt 0.7285 0.5248
vt 0.7285 0.5194
vt 0.7141 0.5194
vt 0.7141 0.5248
vt 0.7285 0.5136
vt 0.7285 0.5073
vt 0.7141 0.5073
vt 0.7141 0.5136
vt 0.7285 0.5004
vt 0.7285 0.4927
vt 0.7141 0.4927
vt 0.7141 0.5004
vt 0.7285 0.4838
vt 0.7285 0.4737
vt 0.7141 0.4737
vt 0.7141 0.4838
vt 0.7285 0.4621
vt 0.7285 0.4493
vt 0.7141 0.4493
vt 0.7141 0.4621
vt 0.7285 0.4357
vt 0.7285 0.4219
vt 0.7141 0.4219
vt 0.7141 0.4357
vt 0.7285 0.4088
vt 0.7285 0.3973
vt 0.7141 0.3973
vt 0.7141 0.4088
vt 0.0437 0.5335
vt 0.0437 0.5298
vt 0.0339 0.5298
vt 0.0339 0.5335
vt 0.0437 0.5248
vt 0.0437 0.5194
vt 0.0339 0.5194
vt 0.0339 0.5248
vt 0.0437 0.5136
vt 0.0437 0.5073
vt 0.0339 0.5073
vt 0.0339 0.5136
vt 0.0437 0.5004
vt 0.0437 0.4927
vt 0.0339 0.4927
vt 0.0339 0.5004
vt 0.0437 0.4838
vt 0.0437 0.4737
vt 0.0339 0.4737
vt 0.0339 0.4838
vt 0.0437 0.4621
vt 0.0437 0.4493
vt 0.0339 0.4493
vt 0.0339 0.4621
vt 0.0437 0.4357
vt 0.0437 0.4219
vt 0.0339 0.4219
vt 0.0339 0.4357
vt 0.0437 0.4088
vt 0.0437 0.3973
vt 0.0339 0.3973
vt 0.0339 0.4088
vt 0.8616 0.5335
vt 0.8616 0.5298
vt 0.8521 0.5298
vt 0.8521 0.5335
vt 0.8616 0.5248
vt 0.8616 0.5194
vt 0.8521 0.5194
vt 0.8521 0.5248
vt 0.8616 0.5136
vt 0.8616 0.5073
vt 0.8521 0.5073
vt 0.8521 0.5136
vt 0.8616 0.5004
vt 0.8616 0.4927
vt 0.8521 0.4927
vt 0.8521 0.5004
vt 0.8616 0.4838
vt 0.8616 0.4737
vt 0.8521 0.4737
vt 0.8521 0.4838
vt 0.8616 0.4621
vt 0.8616 0.4493
vt 0.8521 0.4493
vt 0.8521 0.4621
vt 0.8616 0.4357
vt 0.8616 0.4219
vt 0.8521 0.4219
vt 0.8521 0.4357
vt 0.8616 0.4088
vt 0.8616 0.3973
vt 0.8521 0.3973
vt 0.8521 0.4088
vt 0.8022 0.5335
vt 0.8022 0.5298
vt 0.7909 0.5298
vt 0.7909 0.5335
vt 0.8022 0.5248
vt 0.8022 0.5194
vt 0.7909 0.5194
vt 0.7909 0.5248
vt 0.8022 0.5136
vt 0.8022 0.5073
vt 0.7909 0.5073
vt 0.7909 0.5136
vt 0.8022 0.5004
vt 0.8022 0.4927
vt 0.7909 0.4927
vt 0.7909 0.5004
vt 0.8022 0.4838
vt 0.8022 0.4737
vt 0.7909 0.4737
vt 0.7909 0.4838
vt 0.8022 0.4621
vt 0.8022 0.4493
vt 0.7909 0.4493
vt 0.7909 0.4621
vt 0.8022 0.4357
vt 0.8022 0.4219
vt 0.7909 0.4219
vt 0.7909 0.4357
vt 0.8022 0.4088
vt 0.8022 0.3973
vt 0.7909 0.3973
vt 0.7909 0.4088
vt 0.1048 0.5335
vt 0.1048 0.5298
vt 0.0932 0.5298
vt 0.0932 0.5335
vt 0.1048 0.5248
vt 0.1048 0.5194
vt 0.0932 0.5194
vt 0.0932 0.5248
vt 0.1048 0.5136
vt 0.1048 0.5073
vt 0.0932 0.5073
vt 0.0932 0.5136
vt 0.1048 0.5004
vt 0.1048 0.4927
vt 0.0932 0.4927
vt 0.0932 0.5004
vt 0.1048 0.4838
vt 0.1048 0.4737
vt 0.0932 0.4737
vt 0.0932 0.4838
vt 0.1048 0.4621
vt 0.1048 0.4493
vt 0.0932 0.4493
vt 0.0932 0.4621
vt 0.1048 0.4357
vt 0.1048 0.4219
vt 0.0932 0.4219
vt 0.0932 0.4357
vt 0.1048 0.4088
vt 0.1048 0.3973
vt 0.0932 0.3973
vt 0.0932 0.4088
vt 0.4498 0.5335
vt 0.4498 0.5298
vt 0.4407 0.5298
vt 0.4407 0.5335
vt 0.4498 0.5248
vt 0.4498 0.5194
vt 0.4407 0.5194
vt 0.4407 0.5248
vt 0.4498 0.5136
vt 0.4498 0.5073
vt 0.4407 0.5073
vt 0.4407 0.5136
vt 0.4498 0.5004
vt 0.4498 0.4927
vt 0.4407 0.4927
vt 0.4407 0.5004
vt 0.4498 0.4838
vt 0.4498 0.4737
vt 0.4407 0.4737
vt 0.4407 0.4838
vt 0.4498 0.4621
vt 0.4498 0.4493
vt 0.4407 0.4493
vt 0.4407 0.4621
vt 0.4498 0.4357
vt 0.4498 0.4219
vt 0.4407 0.4219
vt 0.4407 0.4357
vt 0.4498 0.4088
vt 0.4498 0.3973
vt 0.4407 0.3973
vt 0.4407 0.4088
vt 0.4461 0.3566
vt 0.4461 0.3506
vt 0.4356 0.3506
vt 0.4356 0.3566
vt 0.4461 0.3441
vt 0.4461 0.3371
vt 0.4356 0.3371
vt 0.4356 0.3441
vt 0.4461 0.3300
vt 0.4461 0.3227
vt 0.4356 0.3227
vt 0.4356 0.3300
vt 0.4461 0.3153
vt 0.4461 0.3076
vt 0.4356 0.3076
vt 0.4356 0.3153
vt 0.4461 0.2993
vt 0.4461 0.2901
vt 0.4356 0.2901
vt 0.4356 0.2993
vt 0.4461 0.2796
vt 0.4461 0.2676
vt 0.4356 0.2676
vt 0.4356 0.2796
vt 0.4461 0.2542
vt 0.4461 0.2400
vt 0.4356 0.2400
vt 0.4356 0.2542
vt 0.4461 0.2261
vt 0.4461 0.2138
vt 0.4356 0.2138
vt 0.4356 0.2261
vt 0.5040 0.3566
vt 0.5040 0.3506
vt 0.4941 0.3506
vt 0.4941 0.3566
vt 0.5040 0.3441
vt 0.5040 0.3371
vt 0.4941 0.3371
vt 0.4941 0.3441
vt 0.5040 0.3300
vt 0.5040 0.3227
vt 0.4941 0.3227
vt 0.4941 0.3300
vt 0.5040 0.3153
vt 0.5040 0.3076
vt 0.4941 0.3076
vt 0.4941 0.3153
vt 0.5040 0.2993
vt 0.5040 0.2901
vt 0.4941 0.2901
vt 0.4941 0.2993
vt 0.5040 0.2796
vt 0.5040 0.2676
vt 0.4941 0.2676
vt 0.4941 0.2796
vt 0.5040 0.2542
vt 0.5040 0.2400
vt 0.4941 0.2400
vt 0.4941 0.2542
vt 0.5040 0.2261
vt 0.5040 0.2138
vt 0.4941 0.2138
vt 0.4941 0.2261
vt 0.7229 0.3566
vt 0.7229 0.3506
vt 0.7125 0.3506
vt 0.7125 0.3566
vt 0.7229 0.3441
vt 0.7229 0.3371
vt 0.7125 0.3371
vt 0.7125 0.3441
vt 0.7229 0.3300
vt 0.7229 0.3227
vt 0.7125 0.3227
vt 0.7125 0.3300
vt 0.7229 0.3153
vt 0.7229 0.3076
vt 0.7125 0.3076
vt 0.7125 0.3153
vt 0.7229 0.2993
vt 0.7229 0.2901
vt 0.7125 0.2901
vt 0.7125 0.2993
vt 0.7229 0.2796
vt 0.7229 0.2676
vt 0.7125 0.2676
vt 0.7125 0.2796
vt 0.7229 0.2542
vt 0.7229 0.2400
vt 0.7125 0.2400
vt 0.7125 0.2542
vt 0.7229 0.2261
vt 0.7229 0.2138
vt 0.7125 0.2138
vt 0.7125 0.2261
vt 0.2511 0.3566
vt 0.2511 0.3506
vt 0.2378 0.3506
vt 0.2378 0.3566
vt 0.2511 0.3441
vt 0.2511 0.3371
vt 0.2378 0.3371
vt 0.2378 0.3441
vt 0.2511 0.3300
vt 0.2511 0.3227
vt 0.2378 0.3227
vt 0.2378 0.3300
vt 0.2511 0.3153
vt 0.2511 0.3076
vt 0.2378 0.3076
vt 0.2378 0.3153
vt 0.2511 0.2993
vt 0.2511 0.2901
vt 0.2378 0.2901
vt 0.2378 0.2993
vt 0.2511 0.2796
vt 0.2511 0.2676
vt 0.2378 0.2676
vt 0.2378 0.2796
vt 0.2511 0.2542
vt 0.2511 0.2400
vt 0.2378 0.2400
vt 0.2378 0.2542
vt 0.2511 0.2261
vt 0.2511 0.2138
vt 0.2378 0.2138
vt 0.2378 0.2261
vt 0.4849 0.3566
vt 0.4849 0.3506
vt 0.4748 0.3506
vt 0.4748 0.3566
vt 0.4849 0.3441
vt 0.4849 0.3371
vt 0.4748 0.3371
vt 0.4748 0.3441
vt 0.4849 0.3300
vt 0.4849 0.3227
vt 0.4748 0.3227
vt 0.4748 0.3300
vt 0.4849 0.3153
vt 0.4849 0.3076
vt 0.4748 0.3076
vt 0.4748 0.3153
vt 0.4849 0.2993
vt 0.4849 0.2901
vt 0.4748 0.2901
vt 0.4748 0.2993
vt 0.4849 0.2796
vt 0.4849 0.2676
vt 0.4748 0.2676
vt 0.4748 0.2796
vt 0.4849 0.2542
vt 0.4849 0.2400
vt 0.4748 0.2400
vt 0.4748 0.2542
vt 0.4849 0.2261
vt 0.4849 0.2138
vt 0.4748 0.2138
vt 0.4748 0.2261
vt 0.5498 0.3566
vt 0.5498 0.3506
vt 0.5380 0.3506
vt 0.5380 0.3566
vt 0.5498 0.3441
vt 0.5498 0.3371
vt 0.5380 0.3371
vt 0.5380 0.3441
vt 0.5498 0.3300
vt 0.5498 0.3227
vt 0.5380 0.3227
vt 0.5380 0.3300
vt 0.5498 0.3153
vt 0.5498 0.3076
vt 0.5380 0.3076
vt 0.5380 0.3153
vt 0.5498 0.2993
vt 0.5498 0.2901
vt 0.5380 0.2901
vt 0.5380 0.2993
vt 0.5498 0.2796
vt 0.5498 0.2676
vt 0.5380 0.2676
vt 0.5380 0.2796
vt 0.5498 0.2542
vt 0.5498 0.2400
vt 0.5380 0.2400
vt 0.5380 0.2542
vt 0.5498 0.2261
vt 0.5498 0.2138
vt 0.5380 0.2138
vt 0.5380 0.2261
vt 0.1053 0.3566
vt 0.1053 0.3506
vt 0.0948 0.3506
vt 0.0948 0.3566
vt 0.1053 0.3441
vt 0.1053 0.3371
vt 0.0948 0.3371
vt 0.0948 0.3441
vt 0.1053 0.3300
vt 0.1053 0.3227
vt 0.0948 0.3227
vt 0.0948 0.3300
vt 0.1053 0.3153
vt 0.1053 0.3076
vt 0.0948 0.3076
vt 0.0948 0.3153
vt 0.1053 0.2993
vt 0.1053 0.2901
vt 0.0948 0.2901
vt 0.0948 0.2993
vt 0.1053 0.2796
vt 0.1053 0.2676
vt 0.0948 0.2676
vt 0.0948 0.2796
vt 0.1053 0.2542
vt 0.1053 0.2400
vt 0.0948 0.2400
vt 0.0948 0.2542
vt 0.1053 0.2261
vt 0.1053 0.2138
vt 0.0948 0.2138
vt 0.0948 0.2261
vt 0.6307 0.3566
vt 0.6307 0.3506
vt 0.6172 0.3506
vt 0.6172 0.3566
vt 0.6307 0.3441
vt 0.6307 0.3371
vt 0.6172 0.3371
vt 0.6172 0.3441
vt 0.6307 0.3300
vt 0.6307 0.3227
vt 0.6172 0.3227
vt 0.6172 0.3300
vt 0.6307 0.3153
vt 0.6307 0.3076
vt 0.6172 0.3076
vt 0.6172 0.3153
vt 0.6307 0.2993
vt 0.6307 0.2901
vt 0.6172 0.2901
vt 0.6172 0.2993
vt 0.6307 0.2796
vt 0.6307 0.2676
vt 0.6172 0.2676
vt 0.6172 0.2796
vt 0.6307 0.2542
vt 0.6307 0.2400
vt 0.6172 0.2400
vt 0.6172 0.2542
vt 0.6307 0.2261
vt 0.6307 0.2138
vt 0.6172 0.2138
vt 0.6172 0.2261
vt 0.0639 0.3566
vt 0.0639 0.3506
vt 0.0536 0.3506
vt 0.0536 0.3566
vt 0.0639 0.3441
vt 0.0639 0.3371
vt 0.0536 0.3371
vt 0.0536 0.3441
vt 0.0639 0.3300
vt 0.0639 0.3227
vt 0.0536 0.3227
vt 0.0536 0.3300
vt 0.0639 0.3153
vt 0.0639 0.3076
vt 0.0536 0.3076
vt 0.0536 0.3153
vt 0.0639 0.2993
vt 0.0639 0.2901
vt 0.0536 0.2901
vt 0.0536 0.2993
vt 0.0639 0.2796
vt 0.0639 0.2676
vt 0.0536 0.2676
vt 0.0536 0.2796
vt 0.0639 0.2542
vt 0.0639 0.2400
vt 0.0536 0.2400
vt 0.0536 0.2542
vt 0.0639 0.2261
vt 0.0639 0.2138
vt 0.0536 0.2138
vt 0.0536 0.2261
vt 0.1978 0.3566
vt 0.1978 0.3506
vt 0.1834 0.3506
vt 0.1834 0.3566
vt 0.1978 0.3441
vt 0.1978 0.3371
vt 0.1834 0.3371
vt 0.1834 0.3441
vt 0.1978 0.3300
vt 0.1978 0.3227
vt 0.1834 0.3227
vt 0.1834 0.3300
vt 0.1978 0.3153
vt 0.1978 0.3076
vt 0.1834 0.3076
vt 0.1834 0.3153
vt 0.1978 0.2993
vt 0.1978 0.2901
vt 0.1834 0.2901
vt 0.1834 0.2993
vt 0.1978 0.2796
vt 0.1978 0.2676
vt 0.1834 0.2676
vt 0.1834 0.2796
vt 0.1978 0.2542
vt 0.1978 0.2400
vt 0.1834 0.2400
vt 0.1834 0.2542
vt 0.1978 0.2261
vt 0.1978 0.2138
vt 0.1834 0.2138
vt 0.1834 0.2261
vt 0.2244 0.3566
vt 0.2244 0.3506
vt 0.2112 0.3506
vt 0.2112 0.3566
vt 0.2244 0.3441
vt 0.2244 0.3371
vt 0.2112 0.3371
vt 0.2112 0.3441
vt 0.2244 0.3300
vt 0.2244 0.3227
vt 0.2112 0.3227
vt 0.2112 0.3300
vt 0.2244 0.3153
vt 0.2244 0.3076
vt 0.2112 0.3076
vt 0.2112 0.3153
vt 0.2244 0.2993
vt 0.2244 0.2901
vt 0.2112 0.2901
vt 0.2112 0.2993
vt 0.2244 0.2796
vt 0.2244 0.2676
vt 0.2112 0.2676
vt 0.2112 0.2796
vt 0.2244 0.2542
vt 0.2244 0.2400
vt 0.2112 0.2400
vt 0.2112 0.2542
vt 0.2244 0.2261
vt 0.2244 0.2138
vt 0.2112 0.2138
vt 0.2112 0.2261
vt 0.6039 0.3566
vt 0.6039 0.3506
vt 0.5905 0.3506
vt 0.5905 0.3566
vt 0.6039 0.3441
vt 0.6039 0.3371
vt 0.5905 0.3371
vt 0.5905 0.3441
vt 0.6039 0.3300
vt 0.6039 0.3227
vt 0.5905 0.3227
vt 0.5905 0.3300
vt 0.6039 0.3153
vt 0.6039 0.3076
vt 0.5905 0.3076
vt 0.5905 0.3153
vt 0.6039 0.2993
vt 0.6039 0.2901
vt 0.5905 0.2901
vt 0.5905 0.2993
vt 0.6039 0.2796
vt 0.6039 0.2676
vt 0.5905 0.2676
vt 0.5905 0.2796
vt 0.6039 0.2542
vt 0.6039 0.2400
vt 0.5905 0.2400
vt 0.5905 0.2542
vt 0.6039 0.2261
vt 0.6039 0.2138
vt 0.5905 0.2138
vt 0.5905 0.2261
vt 0.8036 0.3566
vt 0.8036 0.3506
vt 0.7942 0.3506
vt 0.7942 0.3566
vt 0.8036 0.3441
vt 0.8036 0.3371
vt 0.7942 0.3371
vt 0.7942 0.3441
vt 0.8036 0.3300
vt 0.8036 0.3227
vt 0.7942 0.3227
vt 0.7942 0.3300
vt 0.8036 0.3153
vt 0.8036 0.3076
vt 0.7942 0.3076
vt 0.7942 0.3153
vt 0.8036 0.2993
vt 0.8036 0.2901
vt 0.7942 0.2901
vt 0.7942 0.2993
vt 0.8036 0.2796
vt 0.8036 0.2676
vt 0.7942 0.2676
vt 0.7942 0.2796
vt 0.8036 0.2542
vt 0.8036 0.2400
vt 0.7942 0.2400
vt 0.7942 0.2542
vt 0.8036 0.2261
vt 0.8036 0.2138
vt 0.7942 0.2138
vt 0.7942 0.2261
vt 0.6838 0.3566
vt 0.6838 0.3506
vt 0.6719 0.3506
vt 0.6719 0.3566
vt 0.6838 0.3441
vt 0.6838 0.3371
vt 0.6719 0.3371
vt 0.6719 0.3441
vt 0.6838 0.3300
vt 0.6838 0.3227
vt 0.6719 0.3227
vt 0.6719 0.3300
vt 0.6838 0.3153
vt 0.6838 0.3076
vt 0.6719 0.3076
vt 0.6719 0.3153
vt 0.6838 0.2993
vt 0.6838 0.2901
vt 0.6719 0.2901
vt 0.6719 0.2993
vt 0.6838 0.2796
vt 0.6838 0.2676
vt 0.6719 0.2676
vt 0.6719 0.2796
vt 0.6838 0.2542
vt 0.6838 0.2400
vt 0.6719 0.2400
vt 0.6719 0.2542
vt 0.6838 0.2261
vt 0.6838 0.2138
vt 0.6719 0.2138
vt 0.6719 0.2261
vt 0.5775 0.3566
vt 0.5775 0.3506
vt 0.5637 0.3506
vt 0.5637 0.3566
vt 0.5775 0.3441
vt 0.5775 0.3371
vt 0.5637 0.3371
vt 0.5637 0.3441
vt 0.5775 0.3300
vt 0.5775 0.3227
vt 0.5637 0.3227
vt 0.5637 0.3300
vt 0.5775 0.3153
vt 0.5775 0.3076
vt 0.5637 0.3076
vt 0.5637 0.3153
vt 0.5775 0.2993
vt 0.5775 0.2901
vt 0.5637 0.2901
vt 0.5637 0.2993
vt 0.5775 0.2796
vt 0.5775 0.2676
vt 0.5637 0.2676
vt 0.5637 0.2796
vt 0.5775 0.2542
vt 0.5775 0.2400
vt 0.5637 0.2400
vt 0.5637 0.2542
vt 0.5775 0.2261
vt 0.5775 0.2138
vt 0.5637 0.2138
vt 0.5637 0.2261
vt 0.6590 0.3566
vt 0.6590 0.3506
vt 0.6451 0.3506
vt 0.6451 0.3566
vt 0.6590 0.3441
vt 0.6590 0.3371
vt 0.6451 0.3371
vt 0.6451 0.3441
vt 0.6590 0.3300
vt 0.6590 0.3227
vt 0.6451 0.3227
vt 0.6451 0.3300
vt 0.6590 0.3153
vt 0.6590 0.3076
vt 0.6451 0.3076
vt 0.6451 0.3153
vt 0.6590 0.2993
vt 0.6590 0.2901
vt 0.6451 0.2901
vt 0.6451 0.2993
vt 0.6590 0.2796
vt 0.6590 0.2676
vt 0.6451 0.2676
vt 0.6451 0.2796
vt 0.6590 0.2542
vt 0.6590 0.2400
vt 0.6451 0.2400
vt 0.6451 0.2542
vt 0.6590 0.2261
vt 0.6590 0.2138
vt 0.6451 0.2138
vt 0.6451 0.2261
vt 0.0246 0.3566
vt 0.0246 0.3506
vt 0.0156 0.3506
vt 0.0156 0.3566
vt 0.0246 0.3441
vt 0.0246 0.3371
vt 0.0156 0.3371
vt 0.0156 0.3441
vt 0.0246 0.3300
vt 0.0246 0.3227
vt 0.0156 0.3227
vt 0.0156 0.3300
vt 0.0246 0.3153
vt 0.0246 0.3076
vt 0.0156 0.3076
vt 0.0156 0.3153
vt 0.0246 0.2993
vt 0.0246 0.2901
vt 0.0156 0.2901
vt 0.0156 0.2993
vt 0.0246 0.2796
vt 0.0246 0.2676
vt 0.0156 0.2676
vt 0.0156 0.2796
vt 0.0246 0.2542
vt 0.0246 0.2400
vt 0.0156 0.2400
vt 0.0156 0.2542
vt 0.0246 0.2261
vt 0.0246 0.2138
vt 0.0156 0.2138
vt 0.0156 0.2261
vt 0.7037 0.3566
vt 0.7037 0.3506
vt 0.6942 0.3506
vt 0.6942 0.3566
vt 0.7037 0.3441
vt 0.7037 0.3371
vt 0.6942 0.3371
vt 0.6942 0.3441
vt 0.7037 0.3300
vt 0.7037 0.3227
vt 0.6942 0.3227
vt 0.6942 0.3300
vt 0.7037 0.3153
vt 0.7037 0.3076
vt 0.6942 0.3076
vt 0.6942 0.3153
vt 0.7037 0.2993
vt 0.7037 0.2901
vt 0.6942 0.2901
vt 0.6942 0.2993
vt 0.7037 0.2796
vt 0.7037 0.2676
vt 0.6942 0.2676
vt 0.6942 0.2796
vt 0.7037 0.2542
vt 0.7037 0.2400
vt 0.6942 0.2400
vt 0.6942 0.2542
vt 0.7037 0.2261
vt 0.7037 0.2138
vt 0.6942 0.2138
vt 0.6942 0.2261
vt 0.1247 0.3566
vt 0.1247 0.3506
vt 0.1158 0.3506
vt 0.1158 0.3566
vt 0.1247 0.3441
vt 0.1247 0.3371
vt 0.1158 0.3371
vt 0.1158 0.3441
vt 0.1247 0.3300
vt 0.1247 0.3227
vt 0.1158 0.3227
vt 0.1158 0.3300
vt 0.1247 0.3153
vt 0.1247 0.3076
vt 0.1158 0.3076
vt 0.1158 0.3153
vt 0.1247 0.2993
vt 0.1247 0.2901
vt 0.1158 0.2901
vt 0.1158 0.2993
vt 0.1247 0.2796
vt 0.1247 0.2676
vt 0.1158 0.2676
vt 0.1158 0.2796
vt 0.1247 0.2542
vt 0.1247 0.2400
vt 0.1158 0.2400
vt 0.1158 0.2542
vt 0.1247 0.2261
vt 0.1247 0.2138
vt 0.1158 0.2138
vt 0.1158 0.2261
vt 0.0440 0.3566
vt 0.0440 0.3506
vt 0.0339 0.3506
vt 0.0339 0.3566
vt 0.0440 0.3441
vt 0.0440 0.3371
vt 0.0339 0.3371
vt 0.0339 0.3441
vt 0.0440 0.3300
vt 0.0440 0.3227
vt 0.0339 0.3227
vt 0.0339 0.3300
vt 0.0440 0.3153
vt 0.0440 0.3076
vt 0.0339 0.3076
vt 0.0339 0.3153
vt 0.0440 0.2993
vt 0.0440 0.2901
vt 0.0339 0.2901
vt 0.0339 0.2993
vt 0.0440 0.2796
vt 0.0440 0.2676
vt 0.0339 0.2676
vt 0.0339 0.2796
vt 0.0440 0.2542
vt 0.0440 0.2400
vt 0.0339 0.2400
vt 0.0339 0.2542
vt 0.0440 0.2261
vt 0.0440 0.2138
vt 0.0339 0.2138
vt 0.0339 0.2261
vt 0.5271 0.3566
vt 0.5271 0.3506
vt 0.5151 0.3506
vt 0.5151 0.3566
vt 0.5271 0.3441
vt 0.5271 0.3371
vt 0.5151 0.3371
vt 0.5151 0.3441
vt 0.5271 0.3300
vt 0.5271 0.3227
vt 0.5151 0.3227
vt 0.5151 0.3300
vt 0.5271 0.3153
vt 0.5271 0.3076
vt 0.5151 0.3076
vt 0.5151 0.3153
vt 0.5271 0.2993
vt 0.5271 0.2901
vt 0.5151 0.2901
vt 0.5151 0.2993
vt 0.5271 0.2796
vt 0.5271 0.2676
vt 0.5151 0.2676
vt 0.5151 0.2796
vt 0.5271 0.2542
vt 0.5271 0.2400
vt 0.5151 0.2400
vt 0.5151 0.2542
vt 0.5271 0.2261
vt 0.5271 0.2138
vt 0.5151 0.2138
vt 0.5151 0.2261
vt 0.3834 0.3566
vt 0.3834 0.3506
vt 0.3739 0.3506
vt 0.3739 0.3566
vt 0.3834 0.3441
vt 0.3834 0.3371
vt 0.3739 0.3371
vt 0.3739 0.3441
vt 0.3834 0.3300
vt 0.3834 0.3227
vt 0.3739 0.3227
vt 0.3739 0.3300
vt 0.3834 0.3153
vt 0.3834 0.3076
vt 0.3739 0.3076
vt 0.3739 0.3153
vt 0.3834 0.2993
vt 0.3834 0.2901
vt 0.3739 0.2901
vt 0.3739 0.2993
vt 0.3834 0.2796
vt 0.3834 0.2676
vt 0.3739 0.2676
vt 0.3739 0.2796
vt 0.3834 0.2542
vt 0.3834 0.2400
vt 0.3739 0.2400
vt 0.3739 0.2542
vt 0.3834 0.2261
vt 0.3834 0.2138
vt 0.3739 0.2138
vt 0.3739 0.2261
vt 0.4253 0.3566
vt 0.4253 0.3506
vt 0.4147 0.3506
vt 0.4147 0.3566
vt 0.4253 0.3441
vt 0.4253 0.3371
vt 0.4147 0.3371
vt 0.4147 0.3441
vt 0.4253 0.3300
vt 0.4253 0.3227
vt 0.4147 0.3227
vt 0.4147 0.3300
vt 0.4253 0.3153
vt 0.4253 0.3076
vt 0.4147 0.3076
vt 0.4147 0.3153
vt 0.4253 0.2993
vt 0.4253 0.2901
vt 0.4147 0.2901
vt 0.4147 0.2993
vt 0.4253 0.2796
vt 0.4253 0.2676
vt 0.4147 0.2676
vt 0.4147 0.2796
vt 0.4253 0.2542
vt 0.4253 0.2400
vt 0.4147 0.2400
vt 0.4147 0.2542
vt 0.4253 0.2261
vt 0.4253 0.2138
vt 0.4147 0.2138
vt 0.4147 0.2261
vt 0.3251 0.3566
vt 0.3251 0.3506
vt 0.3140 0.3506
vt 0.3140 0.3566
vt 0.3251 0.3441
vt 0.3251 0.3371
vt 0.3140 0.3371
vt 0.3140 0.3441
vt 0.3251 0.3300
vt 0.3251 0.3227
vt 0.3140 0.3227
vt 0.3140 0.3300
vt 0.3251 0.3153
vt 0.3251 0.3076
vt 0.3140 0.3076
vt 0.3140 0.3153
vt 0.3251 0.2993
vt 0.3251 0.2901
vt 0.3140 0.2901
vt 0.3140 0.2993
vt 0.3251 0.2796
vt 0.3251 0.2676
vt 0.3140 0.2676
vt 0.3140 0.2796
vt 0.3251 0.2542
vt 0.3251 0.2400
vt 0.3140 0.2400
vt 0.3140 0.2542
vt 0.3251 0.2261
vt 0.3251 0.2138
vt 0.3140 0.2138
vt 0.3140 0.2261
vt 0.4039 0.3566
vt 0.4039 0.3506
vt 0.3938 0.3506
vt 0.3938 0.3566
vt 0.4039 0.3441
vt 0.4039 0.3371
vt 0.3938 0.3371
vt 0.3938 0.3441
vt 0.4039 0.3300
vt 0.4039 0.3227
vt 0.3938 0.3227
vt 0.3938 0.3300
vt 0.4039 0.3153
vt 0.4039 0.3076
vt 0.3938 0.3076
vt 0.3938 0.3153
vt 0.4039 0.2993
vt 0.4039 0.2901
vt 0.3938 0.2901
vt 0.3938 0.2993
vt 0.4039 0.2796
vt 0.4039 0.2676
vt 0.3938 0.2676
vt 0.3938 0.2796
vt 0.4039 0.2542
vt 0.4039 0.2400
vt 0.3938 0.2400
vt 0.3938 0.2542
vt 0.4039 0.2261
vt 0.4039 0.2138
vt 0.3938 0.2138
vt 0.3938 0.2261
vt 0.1448 0.3566
vt 0.1448 0.3506
vt 0.1344 0.3506
vt 0.1344 0.3566
vt 0.1448 0.3441
vt 0.1448 0.3371
vt 0.1344 0.3371
vt 0.1344 0.3441
vt 0.1448 0.3300
vt 0.1448 0.3227
vt 0.1344 0.3227
vt 0.1344 0.3300
vt 0.1448 0.3153
vt 0.1448 0.3076
vt 0.1344 0.3076
vt 0.1344 0.3153
vt 0.1448 0.2993
vt 0.1448 0.2901
vt 0.1344 0.2901
vt 0.1344 0.2993
vt 0.1448 0.2796
vt 0.1448 0.2676
vt 0.1344 0.2676
vt 0.1344 0.2796
vt 0.1448 0.2542
vt 0.1448 0.2400
vt 0.1344 0.2400
vt 0.1344 0.2542
vt 0.1448 0.2261
vt 0.1448 0.2138
vt 0.1344 0.2138
vt 0.1344 0.2261
vt 0.7841 0.3566
vt 0.7841 0.3506
vt 0.7746 0.3506
vt 0.7746 0.3566
vt 0.7841 0.3441
vt 0.7841 0.3371
vt 0.7746 0.3371
vt 0.7746 0.3441
vt 0.7841 0.3300
vt 0.7841 0.3227
vt 0.7746 0.3227
vt 0.7746 0.3300
vt 0.7841 0.3153
vt 0.7841 0.3076
vt 0.7746 0.3076
vt 0.7746 0.3153
vt 0.7841 0.2993
vt 0.7841 0.2901
vt 0.7746 0.2901
vt 0.7746 0.2993
vt 0.7841 0.2796
vt 0.7841 0.2676
vt 0.7746 0.2676
vt 0.7746 0.2796
vt 0.7841 0.2542
vt 0.7841 0.2400
vt 0.7746 0.2400
vt 0.7746 0.2542
vt 0.7841 0.2261
vt 0.7841 0.2138
vt 0.7746 0.2138
vt 0.7746 0.2261
vt 0.1695 0.3566
vt 0.1695 0.3506
vt 0.1567 0.3506
vt 0.1567 0.3566
vt 0.1695 0.3441
vt 0.1695 0.3371
vt 0.1567 0.3371
vt 0.1567 0.3441
vt 0.1695 0.3300
vt 0.1695 0.3227
vt 0.1567 0.3227
vt 0.1567 0.3300
vt 0.1695 0.3153
vt 0.1695 0.3076
vt 0.1567 0.3076
vt 0.1567 0.3153
vt 0.1695 0.2993
vt 0.1695 0.2901
vt 0.1567 0.2901
vt 0.1567 0.2993
vt 0.1695 0.2796
vt 0.1695 0.2676
vt 0.1567 0.2676
vt 0.1567 0.2796
vt 0.1695 0.2542
vt 0.1695 0.2400
vt 0.1567 0.2400
vt 0.1567 0.2542
vt 0.1695 0.2261
vt 0.1695 0.2138
vt 0.1567 0.2138
vt 0.1567 0.2261
vt 0.0845 0.3566
vt 0.0845 0.3506
vt 0.0740 0.3506
vt 0.0740 0.3566
vt 0.0845 0.3441
vt 0.0845 0.3371
vt 0.0740 0.3371
vt 0.0740 0.3441
vt 0.0845 0.3300
vt 0.0845 0.3227
vt 0.0740 0.3227
vt 0.0740 0.3300
vt 0.0845 0.3153
vt 0.0845 0.3076
vt 0.0740 0.3076
vt 0.0740 0.3153
vt 0.0845 0.2993
vt 0.0845 0.2901
vt 0.0740 0.2901
vt 0.0740 0.2993
vt 0.0845 0.2796
vt 0.0845 0.2676
vt 0.0740 0.2676
vt 0.0740 0.2796
vt 0.0845 0.2542
vt 0.0845 0.2400
vt 0.0740 0.2400
vt 0.0740 0.2542
vt 0.0845 0.2261
vt 0.0845 0.2138
vt 0.0740 0.2138
vt 0.0740 0.2261
vt 0.3635 0.3566
vt 0.3635 0.3506
vt 0.3543 0.3506
vt 0.3543 0.3566
vt 0.3635 0.3441
vt 0.3635 0.3371
vt 0.3543 0.3371
vt 0.3543 0.3441
vt 0.3635 0.3300
vt 0.3635 0.3227
vt 0.3543 0.3227
vt 0.3543 0.3300
vt 0.3635 0.3153
vt 0.3635 0.3076
vt 0.3543 0.3076
vt 0.3543 0.3153
vt 0.3635 0.2993
vt 0.3635 0.2901
vt 0.3543 0.2901
vt 0.3543 0.2993
vt 0.3635 0.2796
vt 0.3635 0.2676
vt 0.3543 0.2676
vt 0.3543 0.2796
vt 0.3635 0.2542
vt 0.3635 0.2400
vt 0.3543 0.2400
vt 0.3543 0.2542
vt 0.3635 0.2261
vt 0.3635 0.2138
vt 0.3543 0.2138
vt 0.3543 0.2261
vt 0.7643 0.3566
vt 0.7643 0.3506
vt 0.7542 0.3506
vt 0.7542 0.3566
vt 0.7643 0.3441
vt 0.7643 0.3371
vt 0.7542 0.3371
vt 0.7542 0.3441
vt 0.7643 0.3300
vt 0.7643 0.3227
vt 0.7542 0.3227
vt 0.7542 0.3300
vt 0.7643 0.3153
vt 0.7643 0.3076
vt 0.7542 0.3076
vt 0.7542 0.3153
vt 0.7643 0.2993
vt 0.7643 0.2901
vt 0.7542 0.2901
vt 0.7542 0.2993
vt 0.7643 0.2796
vt 0.7643 0.2676
vt 0.7542 0.2676
vt 0.7542 0.2796
vt 0.7643 0.2542
vt 0.7643 0.2400
vt 0.7542 0.2400
vt 0.7542 0.2542
vt 0.7643 0.2261
vt 0.7643 0.2138
vt 0.7542 0.2138
vt 0.7542 0.2261
vt 0.2787 0.3566
vt 0.2787 0.3506
vt 0.2650 0.3506
vt 0.2650 0.3566
vt 0.2787 0.3441
vt 0.2787 0.3371
vt 0.2650 0.3371
vt 0.2650 0.3441
vt 0.2787 0.3300
vt 0.2787 0.3227
vt 0.2650 0.3227
vt 0.2650 0.3300
vt 0.2787 0.3153
vt 0.2787 0.3076
vt 0.2650 0.3076
vt 0.2650 0.3153
vt 0.2787 0.2993
vt 0.2787 0.2901
vt 0.2650 0.2901
vt 0.2650 0.2993
vt 0.2787 0.2796
vt 0.2787 0.2676
vt 0.2650 0.2676
vt 0.2650 0.2796
vt 0.2787 0.2542
vt 0.2787 0.2400
vt 0.2650 0.2400
vt 0.2650 0.2542
vt 0.2787 0.2261
vt 0.2787 0.2138
vt 0.2650 0.2138
vt 0.2650 0.2261
vt 0.3019 0.3566
vt 0.3019 0.3506
vt 0.2906 0.3506
vt 0.2906 0.3566
vt 0.3019 0.3441
vt 0.3019 0.3371
vt 0.2906 0.3371
vt 0.2906 0.3441
vt 0.3019 0.3300
vt 0.3019 0.3227
vt 0.2906 0.3227
vt 0.2906 0.3300
vt 0.3019 0.3153
vt 0.3019 0.3076
vt 0.2906 0.3076
vt 0.2906 0.3153
vt 0.3019 0.2993
vt 0.3019 0.2901
vt 0.2906 0.2901
vt 0.2906 0.2993
vt 0.3019 0.2796
vt 0.3019 0.2676
vt 0.2906 0.2676
vt 0.2906 0.2796
vt 0.3019 0.2542
vt 0.3019 0.2400
vt 0.2906 0.2400
vt 0.2906 0.2542
vt 0.3019 0.2261
vt 0.3019 0.2138
vt 0.2906 0.2138
vt 0.2906 0.2261
vt 0.7437 0.3566
vt 0.7437 0.3506
vt 0.7332 0.3506
vt 0.7332 0.3566
vt 0.7437 0.3441
vt 0.7437 0.3371
vt 0.7332 0.3371
vt 0.7332 0.3441
vt 0.7437 0.3300
vt 0.7437 0.3227
vt 0.7332 0.3227
vt 0.7332 0.3300
vt 0.7437 0.3153
vt 0.7437 0.3076
vt 0.7332 0.3076
vt 0.7332 0.3153
vt 0.7437 0.2993
vt 0.7437 0.2901
vt 0.7332 0.2901
vt 0.7332 0.2993
vt 0.7437 0.2796
vt 0.7437 0.2676
vt 0.7332 0.2676
vt 0.7332 0.2796
vt 0.7437 0.2542
vt 0.7437 0.2400
vt 0.7332 0.2400
vt 0.7332 0.2542
vt 0.7437 0.2261
vt 0.7437 0.2138
vt 0.7332 0.2138
vt 0.7332 0.2261
vt 0.4657 0.3566
vt 0.4657 0.3506
vt 0.4553 0.3506
vt 0.4553 0.3566
vt 0.4657 0.3441
vt 0.4657 0.3371
vt 0.4553 0.3371
vt 0.4553 0.3441
vt 0.4657 0.3300
vt 0.4657 0.3227
vt 0.4553 0.3227
vt 0.4553 0.3300
vt 0.4657 0.3153
vt 0.4657 0.3076
vt 0.4553 0.3076
vt 0.4553 0.3153
vt 0.4657 0.2993
vt 0.4657 0.2901
vt 0.4553 0.2901
vt 0.4553 0.2993
vt 0.4657 0.2796
vt 0.4657 0.2676
vt 0.4553 0.2676
vt 0.4553 0.2796
vt 0.4657 0.2542
vt 0.4657 0.2400
vt 0.4553 0.2400
vt 0.4553 0.2542
vt 0.4657 0.2261
vt 0.4657 0.2138
vt 0.4553 0.2138
vt 0.4553 0.2261
vt 0.3443 0.3566
vt 0.3443 0.3506
vt 0.3351 0.3506
vt 0.3351 0.3566
vt 0.3443 0.3441
vt 0.3443 0.3371
vt 0.3351 0.3371
vt 0.3351 0.3441
vt 0.3443 0.3300
vt 0.3443 0.3227
vt 0.3351 0.3227
vt 0.3351 0.3300
vt 0.3443 0.3153
vt 0.3443 0.3076
vt 0.3351 0.3076
vt 0.3351 0.3153
vt 0.3443 0.2993
vt 0.3443 0.2901
vt 0.3351 0.2901
vt 0.3351 0.2993
vt 0.3443 0.2796
vt 0.3443 0.2676
vt 0.3351 0.2676
vt 0.3351 0.2796
vt 0.3443 0.2542
vt 0.3443 0.2400
vt 0.3351 0.2400
vt 0.3351 0.2542
vt 0.3443 0.2261
vt 0.3443 0.2138
vt 0.3351 0.2138
vt 0.3351 0.2261
vt 0.7647 0.1829
vt 0.7647 0.1758
vt 0.7505 0.1758
vt 0.7505 0.1829
vt 0.7647 0.1680
vt 0.7647 0.1598
vt 0.7505 0.1598
vt 0.7505 0.1680
vt 0.7647 0.1514
vt 0.7647 0.1431
vt 0.7505 0.1431
vt 0.7505 0.1514
vt 0.7647 0.1347
vt 0.7647 0.1263
vt 0.7505 0.1263
vt 0.7505 0.1347
vt 0.7647 0.1177
vt 0.7647 0.1084
vt 0.7505 0.1084
vt 0.7505 0.1177
vt 0.7647 0.0980
vt 0.7647 0.0857
vt 0.7505 0.0857
vt 0.7505 0.0980
vt 0.7647 0.0711
vt 0.7647 0.0547
vt 0.7505 0.0547
vt 0.7505 0.0711
vt 0.7647 0.0380
vt 0.7647 0.0233
vt 0.7505 0.0233
vt 0.7505 0.0380
vt 0.7009 0.1829
vt 0.7009 0.1758
vt 0.6872 0.1758
vt 0.6872 0.1829
vt 0.7009 0.1680
vt 0.7009 0.1598
vt 0.6872 0.1598
vt 0.6872 0.1680
vt 0.7009 0.1514
vt 0.7009 0.1431
vt 0.6872 0.1431
vt 0.6872 0.1514
vt 0.7009 0.1347
vt 0.7009 0.1263
vt 0.6872 0.1263
vt 0.6872 0.1347
vt 0.7009 0.1177
vt 0.7009 0.1084
vt 0.6872 0.1084
vt 0.6872 0.1177
vt 0.7009 0.0980
vt 0.7009 0.0857
vt 0.6872 0.0857
vt 0.6872 0.0980
vt 0.7009 0.0711
vt 0.7009 0.0547
vt 0.6872 0.0547
vt 0.6872 0.0711
vt 0.7009 0.0380
vt 0.7009 0.0233
vt 0.6872 0.0233
vt 0.6872 0.0380
vt 0.3207 0.1829
vt 0.3207 0.1758
vt 0.3069 0.1758
vt 0.3069 0.1829
vt 0.3207 0.1680
vt 0.3207 0.1598
vt 0.3069 0.1598
vt 0.3069 0.1680
vt 0.3207 0.1514
vt 0.3207 0.1431
vt 0.3069 0.1431
vt 0.3069 0.1514
vt 0.3207 0.1347
vt 0.3207 0.1263
vt 0.3069 0.1263
vt 0.3069 0.1347
vt 0.3207 0.1177
vt 0.3207 0.1084
vt 0.3069 0.1084
vt 0.3069 0.1177
vt 0.3207 0.0980
vt 0.3207 0.0857
vt 0.3069 0.0857
vt 0.3069 0.0980
vt 0.3207 0.0711
vt 0.3207 0.0547
vt 0.3069 0.0547
vt 0.3069 0.0711
vt 0.3207 0.0380
vt 0.3207 0.0233
vt 0.3069 0.0233
vt 0.3069 0.0380
vt 0.8156 0.1829
vt 0.8156 0.1758
vt 0.8049 0.1758
vt 0.8049 0.1829
vt 0.8156 0.1680
vt 0.8156 0.1598
vt 0.8049 0.1598
vt 0.8049 0.1680
vt 0.8156 0.1514
vt 0.8156 0.1431
vt 0.8049 0.1431
vt 0.8049 0.1514
vt 0.8156 0.1347
vt 0.8156 0.1263
vt 0.8049 0.1263
vt 0.8049 0.1347
vt 0.8156 0.1177
vt 0.8156 0.1084
vt 0.8049 0.1084
vt 0.8049 0.1177
vt 0.8156 0.0980
vt 0.8156 0.0857
vt 0.8049 0.0857
vt 0.8049 0.0980
vt 0.8156 0.0711
vt 0.8156 0.0547
vt 0.8049 0.0547
vt 0.8049 0.0711
vt 0.8156 0.0380
vt 0.8156 0.0233
vt 0.8049 0.0233
vt 0.8049 0.0380
vt 0.1279 0.1829
vt 0.1279 0.1758
vt 0.1152 0.1758
vt 0.1152 0.1829
vt 0.1279 0.1680
vt 0.1279 0.1598
vt 0.1152 0.1598
vt 0.1152 0.1680
vt 0.1279 0.1514
vt 0.1279 0.1431
vt 0.1152 0.1431
vt 0.1152 0.1514
vt 0.1279 0.1347
vt 0.1279 0.1263
vt 0.1152 0.1263
vt 0.1152 0.1347
vt 0.1279 0.1177
vt 0.1279 0.1084
vt 0.1152 0.1084
vt 0.1152 0.1177
vt 0.1279 0.0980
vt 0.1279 0.0857
vt 0.1152 0.0857
vt 0.1152 0.0980
vt 0.1279 0.0711
vt 0.1279 0.0547
vt 0.1152 0.0547
vt 0.1152 0.0711
vt 0.1279 0.0380
vt 0.1279 0.0233
vt 0.1152 0.0233
vt 0.1152 0.0380
vt 0.4723 0.1829
vt 0.4723 0.1758
vt 0.4590 0.1758
vt 0.4590 0.1829
vt 0.4723 0.1680
vt 0.4723 0.1598
vt 0.4590 0.1598
vt 0.4590 0.1680
vt 0.4723 0.1514
vt 0.4723 0.1431
vt 0.4590 0.1431
vt 0.4590 0.1514
vt 0.4723 0.1347
vt 0.4723 0.1263
vt 0.4590 0.1263
vt 0.4590 0.1347
vt 0.4723 0.1177
vt 0.4723 0.1084
vt 0.4590 0.1084
vt 0.4590 0.1177
vt 0.4723 0.0980
vt 0.4723 0.0857
vt 0.4590 0.0857
vt 0.4590 0.0980
vt 0.4723 0.0711
vt 0.4723 0.0547
vt 0.4590 0.0547
vt 0.4590 0.0711
vt 0.4723 0.0380
vt 0.4723 0.0233
vt 0.4590 0.0233
vt 0.4590 0.0380
vt 0.6742 0.1829
vt 0.6742 0.1758
vt 0.6598 0.1758
vt 0.6598 0.1829
vt 0.6742 0.1680
vt 0.6742 0.1598
vt 0.6598 0.1598
vt 0.6598 0.1680
vt 0.6742 0.1514
vt 0.6742 0.1431
vt 0.6598 0.1431
vt 0.6598 0.1514
vt 0.6742 0.1347
vt 0.6742 0.1263
vt 0.6598 0.1263
vt 0.6598 0.1347
vt 0.6742 0.1177
vt 0.6742 0.1084
vt 0.6598 0.1084
vt 0.6598 0.1177
vt 0.6742 0.0980
vt 0.6742 0.0857
vt 0.6598 0.0857
vt 0.6598 0.0980
vt 0.6742 0.0711
vt 0.6742 0.0547
vt 0.6598 0.0547
vt 0.6598 0.0711
vt 0.6742 0.0380
vt 0.6742 0.0233
vt 0.6598 0.0233
vt 0.6598 0.0380
vt 0.5228 0.1829
vt 0.5228 0.1758
vt 0.5103 0.1758
vt 0.5103 0.1829
vt 0.5228 0.1680
vt 0.5228 0.1598
vt 0.5103 0.1598
vt 0.5103 0.1680
vt 0.5228 0.1514
vt 0.5228 0.1431
vt 0.5103 0.1431
vt 0.5103 0.1514
vt 0.5228 0.1347
vt 0.5228 0.1263
vt 0.5103 0.1263
vt 0.5103 0.1347
vt 0.5228 0.1177
vt 0.5228 0.1084
vt 0.5103 0.1084
vt 0.5103 0.1177
vt 0.5228 0.0980
vt 0.5228 0.0857
vt 0.5103 0.0857
vt 0.5103 0.0980
vt 0.5228 0.0711
vt 0.5228 0.0547
vt 0.5103 0.0547
vt 0.5103 0.0711
vt 0.5228 0.0380
vt 0.5228 0.0233
vt 0.5103 0.0233
vt 0.5103 0.0380
vt 0.3479 0.1829
vt 0.3479 0.1758
vt 0.3342 0.1758
vt 0.3342 0.1829
vt 0.3479 0.1680
vt 0.3479 0.1598
vt 0.3342 0.1598
vt 0.3342 0.1680
vt 0.3479 0.1514
vt 0.3479 0.1431
vt 0.3342 0.1431
vt 0.3342 0.1514
vt 0.3479 0.1347
vt 0.3479 0.1263
vt 0.3342 0.1263
vt 0.3342 0.1347
vt 0.3479 0.1177
vt 0.3479 0.1084
vt 0.3342 0.1084
vt 0.3342 0.1177
vt 0.3479 0.0980
vt 0.3479 0.0857
vt 0.3342 0.0857
vt 0.3342 0.0980
vt 0.3479 0.0711
vt 0.3479 0.0547
vt 0.3342 0.0547
vt 0.3342 0.0711
vt 0.3479 0.0380
vt 0.3479 0.0233
vt 0.3342 0.0233
vt 0.3342 0.0380
vt 0.1016 0.1829
vt 0.1016 0.1758
vt 0.0893 0.1758
vt 0.0893 0.1829
vt 0.1016 0.1680
vt 0.1016 0.1598
vt 0.0893 0.1598
vt 0.0893 0.1680
vt 0.1016 0.1514
vt 0.1016 0.1431
vt 0.0893 0.1431
vt 0.0893 0.1514
vt 0.1016 0.1347
vt 0.1016 0.1263
vt 0.0893 0.1263
vt 0.0893 0.1347
vt 0.1016 0.1177
vt 0.1016 0.1084
vt 0.0893 0.1084
vt 0.0893 0.1177
vt 0.1016 0.0980
vt 0.1016 0.0857
vt 0.0893 0.0857
vt 0.0893 0.0980
vt 0.1016 0.0711
vt 0.1016 0.0547
vt 0.0893 0.0547
vt 0.0893 0.0711
vt 0.1016 0.0380
vt 0.1016 0.0233
vt 0.0893 0.0233
vt 0.0893 0.0380
vt 0.6463 0.1829
vt 0.6463 0.1758
vt 0.6332 0.1758
vt 0.6332 0.1829
vt 0.6463 0.1680
vt 0.6463 0.1598
vt 0.6332 0.1598
vt 0.6332 0.1680
vt 0.6463 0.1514
vt 0.6463 0.1431
vt 0.6332 0.1431
vt 0.6332 0.1514
vt 0.6463 0.1347
vt 0.6463 0.1263
vt 0.6332 0.1263
vt 0.6332 0.1347
vt 0.6463 0.1177
vt 0.6463 0.1084
vt 0.6332 0.1084
vt 0.6332 0.1177
vt 0.6463 0.0980
vt 0.6463 0.0857
vt 0.6332 0.0857
vt 0.6332 0.0980
vt 0.6463 0.0711
vt 0.6463 0.0547
vt 0.6332 0.0547
vt 0.6332 0.0711
vt 0.6463 0.0380
vt 0.6463 0.0233
vt 0.6332 0.0233
vt 0.6332 0.0380
vt 0.7357 0.1829
vt 0.7357 0.1758
vt 0.7182 0.1758
vt 0.7182 0.1829
vt 0.7357 0.1680
vt 0.7357 0.1598
vt 0.7182 0.1598
vt 0.7182 0.1680
vt 0.7357 0.1514
vt 0.7357 0.1431
vt 0.7182 0.1431
vt 0.7182 0.1514
vt 0.7357 0.1347
vt 0.7357 0.1263
vt 0.7182 0.1263
vt 0.7182 0.1347
vt 0.7357 0.1177
vt 0.7357 0.1084
vt 0.7182 0.1084
vt 0.7182 0.1177
vt 0.7357 0.0980
vt 0.7357 0.0857
vt 0.7182 0.0857
vt 0.7182 0.0980
vt 0.7357 0.0711
vt 0.7357 0.0547
vt 0.7182 0.0547
vt 0.7182 0.0711
vt 0.7357 0.0380
vt 0.7357 0.0233
vt 0.7182 0.0233
vt 0.7182 0.0380
vt 0.2296 0.1829
vt 0.2296 0.1758
vt 0.2148 0.1758
vt 0.2148 0.1829
vt 0.2296 0.1680
vt 0.2296 0.1598
vt 0.2148 0.1598
vt 0.2148 0.1680
vt 0.2296 0.1514
vt 0.2296 0.1431
vt 0.2148 0.1431
vt 0.2148 0.1514
vt 0.2296 0.1347
vt 0.2296 0.1263
vt 0.2148 0.1263
vt 0.2148 0.1347
vt 0.2296 0.1177
vt 0.2296 0.1084
vt 0.2148 0.1084
vt 0.2148 0.1177
vt 0.2296 0.0980
vt 0.2296 0.0857
vt 0.2148 0.0857
vt 0.2148 0.0980
vt 0.2296 0.0711
vt 0.2296 0.0547
vt 0.2148 0.0547
vt 0.2148 0.0711
vt 0.2296 0.0380
vt 0.2296 0.0233
vt 0.2148 0.0233
vt 0.2148 0.0380
vt 0.0284 0.1829
vt 0.0284 0.1758
vt 0.0161 0.1758
vt 0.0161 0.1829
vt 0.0284 0.1680
vt 0.0284 0.1598
vt 0.0161 0.1598
vt 0.0161 0.1680
vt 0.0284 0.1514
vt 0.0284 0.1431
vt 0.0161 0.1431
vt 0.0161 0.1514
vt 0.0284 0.1347
vt 0.0284 0.1263
vt 0.0161 0.1263
vt 0.0161 0.1347
vt 0.0284 0.1177
vt 0.0284 0.1084
vt 0.0161 0.1084
vt 0.0161 0.1177
vt 0.0284 0.0980
vt 0.0284 0.0857
vt 0.0161 0.0857
vt 0.0161 0.0980
vt 0.0284 0.0711
vt 0.0284 0.0547
vt 0.0161 0.0547
vt 0.0161 0.0711
vt 0.0284 0.0380
vt 0.0284 0.0233
vt 0.0161 0.0233
vt 0.0161 0.0380
vt 0.4215 0.1829
vt 0.4215 0.1758
vt 0.4089 0.1758
vt 0.4089 0.1829
vt 0.4215 0.1680
vt 0.4215 0.1598
vt 0.4089 0.1598
vt 0.4089 0.1680
vt 0.4215 0.1514
vt 0.4215 0.1431
vt 0.4089 0.1431
vt 0.4089 0.1514
vt 0.4215 0.1347
vt 0.4215 0.1263
vt 0.4089 0.1263
vt 0.4089 0.1347
vt 0.4215 0.1177
vt 0.4215 0.1084
vt 0.4089 0.1084
vt 0.4089 0.1177
vt 0.4215 0.0980
vt 0.4215 0.0857
vt 0.4089 0.0857
vt 0.4089 0.0980
vt 0.4215 0.0711
vt 0.4215 0.0547
vt 0.4089 0.0547
vt 0.4089 0.0711
vt 0.4215 0.0380
vt 0.4215 0.0233
vt 0.4089 0.0233
vt 0.4089 0.0380
vt 0.2921 0.1829
vt 0.2921 0.1758
vt 0.2787 0.1758
vt 0.2787 0.1829
vt 0.2921 0.1680
vt 0.2921 0.1598
vt 0.2787 0.1598
vt 0.2787 0.1680
vt 0.2921 0.1514
vt 0.2921 0.1431
vt 0.2787 0.1431
vt 0.2787 0.1514
vt 0.2921 0.1347
vt 0.2921 0.1263
vt 0.2787 0.1263
vt 0.2787 0.1347
vt 0.2921 0.1177
vt 0.2921 0.1084
vt 0.2787 0.1084
vt 0.2787 0.1177
vt 0.2921 0.0980
vt 0.2921 0.0857
vt 0.2787 0.0857
vt 0.2787 0.0980
vt 0.2921 0.0711
vt 0.2921 0.0547
vt 0.2787 0.0547
vt 0.2787 0.0711
vt 0.2921 0.0380
vt 0.2921 0.0233
vt 0.2787 0.0233
vt 0.2787 0.0380
vt 0.9141 0.1829
vt 0.9141 0.1758
vt 0.9021 0.1758
vt 0.9021 0.1829
vt 0.9141 0.1680
vt 0.9141 0.1598
vt 0.9021 0.1598
vt 0.9021 0.1680
vt 0.9141 0.1514
vt 0.9141 0.1431
vt 0.9021 0.1431
vt 0.9021 0.1514
vt 0.9141 0.1347
vt 0.9141 0.1263
vt 0.9021 0.1263
vt 0.9021 0.1347
vt 0.9141 0.1177
vt 0.9141 0.1084
vt 0.9021 0.1084
vt 0.9021 0.1177
vt 0.9141 0.0980
vt 0.9141 0.0857
vt 0.9021 0.0857
vt 0.9021 0.0980
vt 0.9141 0.0711
vt 0.9141 0.0547
vt 0.9021 0.0547
vt 0.9021 0.0711
vt 0.9141 0.0380
vt 0.9141 0.0233
vt 0.9021 0.0233
vt 0.9021 0.0380
vt 0.8896 0.1829
vt 0.8896 0.1758
vt 0.8775 0.1758
vt 0.8775 0.1829
vt 0.8896 0.1680
vt 0.8896 0.1598
vt 0.8775 0.1598
vt 0.8775 0.1680
vt 0.8896 0.1514
vt 0.8896 0.1431
vt 0.8775 0.1431
vt 0.8775 0.1514
vt 0.8896 0.1347
vt 0.8896 0.1263
vt 0.8775 0.1263
vt 0.8775 0.1347
vt 0.8896 0.1177
vt 0.8896 0.1084
vt 0.8775 0.1084
vt 0.8775 0.1177
vt 0.8896 0.0980
vt 0.8896 0.0857
vt 0.8775 0.0857
vt 0.8775 0.0980
vt 0.8896 0.0711
vt 0.8896 0.0547
vt 0.8775 0.0547
vt 0.8775 0.0711
vt 0.8896 0.0380
vt 0.8896 0.0233
vt 0.8775 0.0233
vt 0.8775 0.0380
vt 0.5711 0.1829
vt 0.5711 0.1758
vt 0.5594 0.1758
vt 0.5594 0.1829
vt 0.5711 0.1680
vt 0.5711 0.1598
vt 0.5594 0.1598
vt 0.5594 0.1680
vt 0.5711 0.1514
vt 0.5711 0.1431
vt 0.5594 0.1431
vt 0.5594 0.1514
vt 0.5711 0.1347
vt 0.5711 0.1263
vt 0.5594 0.1263
vt 0.5594 0.1347
vt 0.5711 0.1177
vt 0.5711 0.1084
vt 0.5594 0.1084
vt 0.5594 0.1177
vt 0.5711 0.0980
vt 0.5711 0.0857
vt 0.5594 0.0857
vt 0.5594 0.0980
vt 0.5711 0.0711
vt 0.5711 0.0547
vt 0.5594 0.0547
vt 0.5594 0.0711
vt 0.5711 0.0380
vt 0.5711 0.0233
vt 0.5594 0.0233
vt 0.5594 0.0380
vt 0.4462 0.1829
vt 0.4462 0.1758
vt 0.4340 0.1758
vt 0.4340 0.1829
vt 0.4462 0.1680
vt 0.4462 0.1598
vt 0.4340 0.1598
vt 0.4340 0.1680
vt 0.4462 0.1514
vt 0.4462 0.1431
vt 0.4340 0.1431
vt 0.4340 0.1514
vt 0.4462 0.1347
vt 0.4462 0.1263
vt 0.4340 0.1263
vt 0.4340 0.1347
vt 0.4462 0.1177
vt 0.4462 0.1084
vt 0.4340 0.1084
vt 0.4340 0.1177
vt 0.4462 0.0980
vt 0.4462 0.0857
vt 0.4340 0.0857
vt 0.4340 0.0980
vt 0.4462 0.0711
vt 0.4462 0.0547
vt 0.4340 0.0547
vt 0.4340 0.0711
vt 0.4462 0.0380
vt 0.4462 0.0233
vt 0.4340 0.0233
vt 0.4340 0.0380
vt 0.1730 0.1829
vt 0.1730 0.1758
vt 0.1621 0.1758
vt 0.1621 0.1829
vt 0.1730 0.1680
vt 0.1730 0.1598
vt 0.1621 0.1598
vt 0.1621 0.1680
vt 0.1730 0.1514
vt 0.1730 0.1431
vt 0.1621 0.1431
vt 0.1621 0.1514
vt 0.1730 0.1347
vt 0.1730 0.1263
vt 0.1621 0.1263
vt 0.1621 0.1347
vt 0.1730 0.1177
vt 0.1730 0.1084
vt 0.1621 0.1084
vt 0.1621 0.1177
vt 0.1730 0.0980
vt 0.1730 0.0857
vt 0.1621 0.0857
vt 0.1621 0.0980
vt 0.1730 0.0711
vt 0.1730 0.0547
vt 0.1621 0.0547
vt 0.1621 0.0711
vt 0.1730 0.0380
vt 0.1730 0.0233
vt 0.1621 0.0233
vt 0.1621 0.0380
vt 0.8388 0.1829
vt 0.8388 0.1758
vt 0.8268 0.1758
vt 0.8268 0.1829
vt 0.8388 0.1680
vt 0.8388 0.1598
vt 0.8268 0.1598
vt 0.8268 0.1680
vt 0.8388 0.1514
vt 0.8388 0.1431
vt 0.8268 0.1431
vt 0.8268 0.1514
vt 0.8388 0.1347
vt 0.8388 0.1263
vt 0.8268 0.1263
vt 0.8268 0.1347
vt 0.8388 0.1177
vt 0.8388 0.1084
vt 0.8268 0.1084
vt 0.8268 0.1177
vt 0.8388 0.0980
vt 0.8388 0.0857
vt 0.8268 0.0857
vt 0.8268 0.0980
vt 0.8388 0.0711
vt 0.8388 0.0547
vt 0.8268 0.0547
vt 0.8268 0.0711
vt 0.8388 0.0380
vt 0.8388 0.0233
vt 0.8268 0.0233
vt 0.8268 0.0380
vt 0.2645 0.1829
vt 0.2645 0.1758
vt 0.2470 0.1758
vt 0.2470 0.1829
vt 0.2645 0.1680
vt 0.2645 0.1598
vt 0.2470 0.1598
vt 0.2470 0.1680
vt 0.2645 0.1514
vt 0.2645 0.1431
vt 0.2470 0.1431
vt 0.2470 0.1514
vt 0.2645 0.1347
vt 0.2645 0.1263
vt 0.2470 0.1263
vt 0.2470 0.1347
vt 0.2645 0.1177
vt 0.2645 0.1084
vt 0.2470 0.1084
vt 0.2470 0.1177
vt 0.2645 0.0980
vt 0.2645 0.0857
vt 0.2470 0.0857
vt 0.2470 0.0980
vt 0.2645 0.0711
vt 0.2645 0.0547
vt 0.2470 0.0547
vt 0.2470 0.0711
vt 0.2645 0.0380
vt 0.2645 0.0233
vt 0.2470 0.0233
vt 0.2470 0.0380
vt 0.8653 0.1829
vt 0.8653 0.1758
vt 0.8518 0.1758
vt 0.8518 0.1829
vt 0.8653 0.1680
vt 0.8653 0.1598
vt 0.8518 0.1598
vt 0.8518 0.1680
vt 0.8653 0.1514
vt 0.8653 0.1431
vt 0.8518 0.1431
vt 0.8518 0.1514
vt 0.8653 0.1347
vt 0.8653 0.1263
vt 0.8518 0.1263
vt 0.8518 0.1347
vt 0.8653 0.1177
vt 0.8653 0.1084
vt 0.8518 0.1084
vt 0.8518 0.1177
vt 0.8653 0.0980
vt 0.8653 0.0857
vt 0.8518 0.0857
vt 0.8518 0.0980
vt 0.8653 0.0711
vt 0.8653 0.0547
vt 0.8518 0.0547
vt 0.8518 0.0711
vt 0.8653 0.0380
vt 0.8653 0.0233
vt 0.8518 0.0233
vt 0.8518 0.0380
vt 0.2012 0.1829
vt 0.2012 0.1758
vt 0.1868 0.1758
vt 0.1868 0.1829
vt 0.2012 0.1680
vt 0.2012 0.1598
vt 0.1868 0.1598
vt 0.1868 0.1680
vt 0.2012 0.1514
vt 0.2012 0.1431
vt 0.1868 0.1431
vt 0.1868 0.1514
vt 0.2012 0.1347
vt 0.2012 0.1263
vt 0.1868 0.1263
vt 0.1868 0.1347
vt 0.2012 0.1177
vt 0.2012 0.1084
vt 0.1868 0.1084
vt 0.1868 0.1177
vt 0.2012 0.0980
vt 0.2012 0.0857
vt 0.1868 0.0857
vt 0.1868 0.0980
vt 0.2012 0.0711
vt 0.2012 0.0547
vt 0.1868 0.0547
vt 0.1868 0.0711
vt 0.2012 0.0380
vt 0.2012 0.0233
vt 0.1868 0.0233
vt 0.1868 0.0380
vt 0.5469 0.1829
vt 0.5469 0.1758
vt 0.5347 0.1758
vt 0.5347 0.1829
vt 0.5469 0.1680
vt 0.5469 0.1598
vt 0.5347 0.1598
vt 0.5347 0.1680
vt 0.5469 0.1514
vt 0.5469 0.1431
vt 0.5347 0.1431
vt 0.5347 0.1514
vt 0.5469 0.1347
vt 0.5469 0.1263
vt 0.5347 0.1263
vt 0.5347 0.1347
vt 0.5469 0.1177
vt 0.5469 0.1084
vt 0.5347 0.1084
vt 0.5347 0.1177
vt 0.5469 0.0980
vt 0.5469 0.0857
vt 0.5347 0.0857
vt 0.5347 0.0980
vt 0.5469 0.0711
vt 0.5469 0.0547
vt 0.5347 0.0547
vt 0.5347 0.0711
vt 0.5469 0.0380
vt 0.5469 0.0233
vt 0.5347 0.0233
vt 0.5347 0.0380
vt 0.3964 0.1829
vt 0.3964 0.1758
vt 0.3843 0.1758
vt 0.3843 0.1829
vt 0.3964 0.1680
vt 0.3964 0.1598
vt 0.3843 0.1598
vt 0.3843 0.1680
vt 0.3964 0.1514
vt 0.3964 0.1431
vt 0.3843 0.1431
vt 0.3843 0.1514
vt 0.3964 0.1347
vt 0.3964 0.1263
vt 0.3843 0.1263
vt 0.3843 0.1347
vt 0.3964 0.1177
vt 0.3964 0.1084
vt 0.3843 0.1084
vt 0.3843 0.1177
vt 0.3964 0.0980
vt 0.3964 0.0857
vt 0.3843 0.0857
vt 0.3843 0.0980
vt 0.3964 0.0711
vt 0.3964 0.0547
vt 0.3843 0.0547
vt 0.3843 0.0711
vt 0.3964 0.0380
vt 0.3964 0.0233
vt 0.3843 0.0233
vt 0.3843 0.0380
vt 0.0773 0.1829
vt 0.0773 0.1758
vt 0.0649 0.1758
vt 0.0649 0.1829
vt 0.0773 0.1680
vt 0.0773 0.1598
vt 0.0649 0.1598
vt 0.0649 0.1680
vt 0.0773 0.1514
vt 0.0773 0.1431
vt 0.0649 0.1431
vt 0.0649 0.1514
vt 0.0773 0.1347
vt 0.0773 0.1263
vt 0.0649 0.1263
vt 0.0649 0.1347
vt 0.0773 0.1177
vt 0.0773 0.1084
vt 0.0649 0.1084
vt 0.0649 0.1177
vt 0.0773 0.0980
vt 0.0773 0.0857
vt 0.0649 0.0857
vt 0.0649 0.0980
vt 0.0773 0.0711
vt 0.0773 0.0547
vt 0.0649 0.0547
vt 0.0649 0.0711
vt 0.0773 0.0380
vt 0.0773 0.0233
vt 0.0649 0.0233
vt 0.0649 0.0380
vt 0.6197 0.1829
vt 0.6197 0.1758
vt 0.6070 0.1758
vt 0.6070 0.1829
vt 0.6197 0.1680
vt 0.6197 0.1598
vt 0.6070 0.1598
vt 0.6070 0.1680
vt 0.6197 0.1514
vt 0.6197 0.1431
vt 0.6070 0.1431
vt 0.6070 0.1514
vt 0.6197 0.1347
vt 0.6197 0.1263
vt 0.6070 0.1263
vt 0.6070 0.1347
vt 0.6197 0.1177
vt 0.6197 0.1084
vt 0.6070 0.1084
vt 0.6070 0.1177
vt 0.6197 0.0980
vt 0.6197 0.0857
vt 0.6070 0.0857
vt 0.6070 0.0980
vt 0.6197 0.0711
vt 0.6197 0.0547
vt 0.6070 0.0547
vt 0.6070 0.0711
vt 0.6197 0.0380
vt 0.6197 0.0233
vt 0.6070 0.0233
vt 0.6070 0.0380
vt 0.4972 0.1829
vt 0.4972 0.1758
vt 0.4848 0.1758
vt 0.4848 0.1829
vt 0.4972 0.1680
vt 0.4972 0.1598
vt 0.4848 0.1598
vt 0.4848 0.1680
vt 0.4972 0.1514
vt 0.4972 0.1431
vt 0.4848 0.1431
vt 0.4848 0.1514
vt 0.4972 0.1347
vt 0.4972 0.1263
vt 0.4848 0.1263
vt 0.4848 0.1347
vt 0.4972 0.1177
vt 0.4972 0.1084
vt 0.4848 0.1084
vt 0.4848 0.1177
vt 0.4972 0.0980
vt 0.4972 0.0857
vt 0.4848 0.0857
vt 0.4848 0.0980
vt 0.4972 0.0711
vt 0.4972 0.0547
vt 0.4848 0.0547
vt 0.4848 0.0711
vt 0.4972 0.0380
vt 0.4972 0.0233
vt 0.4848 0.0233
vt 0.4848 0.0380
vt 0.5950 0.1829
vt 0.5950 0.1758
vt 0.5829 0.1758
vt 0.5829 0.1829
vt 0.5950 0.1680
vt 0.5950 0.1598
vt 0.5829 0.1598
vt 0.5829 0.1680
vt 0.5950 0.1514
vt 0.5950 0.1431
vt 0.5829 0.1431
vt 0.5829 0.1514
vt 0.5950 0.1347
vt 0.5950 0.1263
vt 0.5829 0.1263
vt 0.5829 0.1347
vt 0.5950 0.1177
vt 0.5950 0.1084
vt 0.5829 0.1084
vt 0.5829 0.1177
vt 0.5950 0.0980
vt 0.5950 0.0857
vt 0.5829 0.0857
vt 0.5829 0.0980
vt 0.5950 0.0711
vt 0.5950 0.0547
vt 0.5829 0.0547
vt 0.5829 0.0711
vt 0.5950 0.0380
vt 0.5950 0.0233
vt 0.5829 0.0233
vt 0.5829 0.0380
vt 0.1514 0.1829
vt 0.1514 0.1758
vt 0.1399 0.1758
vt 0.1399 0.1829
vt 0.1514 0.1680
vt 0.1514 0.1598
vt 0.1399 0.1598
vt 0.1399 0.1680
vt 0.1514 0.1514
vt 0.1514 0.1431
vt 0.1399 0.1431
vt 0.1399 0.1514
vt 0.1514 0.1347
vt 0.1514 0.1263
vt 0.1399 0.1263
vt 0.1399 0.1347
vt 0.1514 0.1177
vt 0.1514 0.1084
vt 0.1399 0.1084
vt 0.1399 0.1177
vt 0.1514 0.0980
vt 0.1514 0.0857
vt 0.1399 0.0857
vt 0.1399 0.0980
vt 0.1514 0.0711
vt 0.1514 0.0547
vt 0.1399 0.0547
vt 0.1399 0.0711
vt 0.1514 0.0380
vt 0.1514 0.0233
vt 0.1399 0.0233
vt 0.1399 0.0380
vt 0.9388 0.1829
vt 0.9388 0.1758
vt 0.9267 0.1758
vt 0.9267 0.1829
vt 0.9388 0.1680
vt 0.9388 0.1598
vt 0.9267 0.1598
vt 0.9267 0.1680
vt 0.9388 0.1514
vt 0.9388 0.1431
vt 0.9267 0.1431
vt 0.9267 0.1514
vt 0.9388 0.1347
vt 0.9388 0.1263
vt 0.9267 0.1263
vt 0.9267 0.1347
vt 0.9388 0.1177
vt 0.9388 0.1084
vt 0.9267 0.1084
vt 0.9267 0.1177
vt 0.9388 0.0980
vt 0.9388 0.0857
vt 0.9267 0.0857
vt 0.9267 0.0980
vt 0.9388 0.0711
vt 0.9388 0.0547
vt 0.9267 0.0547
vt 0.9267 0.0711
vt 0.9388 0.0380
vt 0.9388 0.0233
vt 0.9267 0.0233
vt 0.9267 0.0380
vt 0.0530 0.1829
vt 0.0530 0.1758
vt 0.0404 0.1758
vt 0.0404 0.1829
vt 0.0530 0.1680
vt 0.0530 0.1598
vt 0.0404 0.1598
vt 0.0404 0.1680
vt 0.0530 0.1514
vt 0.0530 0.1431
vt 0.0404 0.1431
vt 0.0404 0.1514
vt 0.0530 0.1347
vt 0.0530 0.1263
vt 0.0404 0.1263
vt 0.0404 0.1347
vt 0.0530 0.1177
vt 0.0530 0.1084
vt 0.0404 0.1084
vt 0.0404 0.1177
vt 0.0530 0.0980
vt 0.0530 0.0857
vt 0.0404 0.0857
vt 0.0404 0.0980
vt 0.0530 0.0711
vt 0.0530 0.0547
vt 0.0404 0.0547
vt 0.0404 0.0711
vt 0.0530 0.0380
vt 0.0530 0.0233
vt 0.0404 0.0233
vt 0.0404 0.0380
vt 0.7939 0.1829
vt 0.7939 0.1758
vt 0.7797 0.1758
vt 0.7797 0.1829
vt 0.7939 0.1680
vt 0.7939 0.1598
vt 0.7797 0.1598
vt 0.7797 0.1680
vt 0.7939 0.1514
vt 0.7939 0.1431
vt 0.7797 0.1431
vt 0.7797 0.1514
vt 0.7939 0.1347
vt 0.7939 0.1263
vt 0.7797 0.1263
vt 0.7797 0.1347
vt 0.7939 0.1177
vt 0.7939 0.1084
vt 0.7797 0.1084
vt 0.7797 0.1177
vt 0.7939 0.0980
vt 0.7939 0.0857
vt 0.7797 0.0857
vt 0.7797 0.0980
vt 0.7939 0.0711
vt 0.7939 0.0547
vt 0.7797 0.0547
vt 0.7797 0.0711
vt 0.7939 0.0380
vt 0.7939 0.0233
vt 0.7797 0.0233
vt 0.7797 0.0380
vt 0.3722 0.1829
vt 0.3722 0.1758
vt 0.3604 0.1758
vt 0.3604 0.1829
vt 0.3722 0.1680
vt 0.3722 0.1598
vt 0.3604 0.1598
vt 0.3604 0.1680
vt 0.3722 0.1514
vt 0.3722 0.1431
vt 0.3604 0.1431
vt 0.3604 0.1514
vt 0.3722 0.1347
vt 0.3722 0.1263
vt 0.3604 0.1263
vt 0.3604 0.1347
vt 0.3722 0.1177
vt 0.3722 0.1084
vt 0.3604 0.1084
vt 0.3604 0.1177
vt 0.3722 0.0980
vt 0.3722 0.0857
vt 0.3604 0.0857
vt 0.3604 0.0980
vt 0.3722 0.0711
vt 0.3722 0.0547
vt 0.3604 0.0547
vt 0.3604 0.0711
vt 0.3722 0.0380
vt 0.3722 0.0233
vt 0.3604 0.0233
vt 0.3604 0.0380
vt 0.3843 0.0547
vt 0.3722 0.0547
vt 0.3843 0.0857
vt 0.3722 0.0857
vt 0.3843 0.1084
vt 0.3722 0.1084
vt 0.3843 0.1263
vt 0.3722 0.1263
vt 0.3843 0.1431
vt 0.3722 0.1431
vt 0.3843 0.1598
vt 0.3722 0.1598
vt 0.3843 0.1758
vt 0.3722 0.1758
vt 0.3843 0.1888
vt 0.3722 0.1888
vt 0.3604 0.1888
vt 0.8049 0.0547
vt 0.7939 0.0547
vt 0.8049 0.0857
vt 0.7939 0.0857
vt 0.8049 0.1084
vt 0.7939 0.1084
vt 0.8049 0.1263
vt 0.7939 0.1263
vt 0.8049 0.1431
vt 0.7939 0.1431
vt 0.8049 0.1598
vt 0.7939 0.1598
vt 0.8049 0.1758
vt 0.7939 0.1758
vt 0.8049 0.1888
vt 0.7939 0.1888
vt 0.7797 0.1888
vt 0.0649 0.0547
vt 0.0530 0.0547
vt 0.0649 0.0857
vt 0.0530 0.0857
vt 0.0649 0.1084
vt 0.0530 0.1084
vt 0.0649 0.1263
vt 0.0530 0.1263
vt 0.0649 0.1431
vt 0.0530 0.1431
vt 0.0649 0.1598
vt 0.0530 0.1598
vt 0.0649 0.1758
vt 0.0530 0.1758
vt 0.0649 0.1888
vt 0.0530 0.1888
vt 0.0404 0.1888
vt 0.9512 0.0380
vt 0.9512 0.0233
vt 0.9512 0.0547
vt 0.9388 0.0547
vt 0.9512 0.0711
vt 0.9512 0.0857
vt 0.9388 0.0857
vt 0.9512 0.0980
vt 0.9512 0.1084
vt 0.9388 0.1084
vt 0.9512 0.1177
vt 0.9512 0.1263
vt 0.9388 0.1263
vt 0.9512 0.1347
vt 0.9512 0.1431
vt 0.9388 0.1431
vt 0.9512 0.1514
vt 0.9512 0.1598
vt 0.9388 0.1598
vt 0.9512 0.1680
vt 0.9512 0.1758
vt 0.9388 0.1758
vt 0.9512 0.1829
vt 0.9512 0.1888
vt 0.9388 0.1888
vt 0.9267 0.1888
vt 0.1621 0.0547
vt 0.1514 0.0547
vt 0.1621 0.0857
vt 0.1514 0.0857
vt 0.1621 0.1084
vt 0.1514 0.1084
vt 0.1621 0.1263
vt 0.1514 0.1263
vt 0.1621 0.1431
vt 0.1514 0.1431
vt 0.1621 0.1598
vt 0.1514 0.1598
vt 0.1621 0.1758
vt 0.1514 0.1758
vt 0.1621 0.1888
vt 0.1514 0.1888
vt 0.1399 0.1888
vt 0.6070 0.0547
vt 0.5950 0.0547
vt 0.6070 0.0857
vt 0.5950 0.0857
vt 0.6070 0.1084
vt 0.5950 0.1084
vt 0.6070 0.1263
vt 0.5950 0.1263
vt 0.6070 0.1431
vt 0.5950 0.1431
vt 0.6070 0.1598
vt 0.5950 0.1598
vt 0.6070 0.1758
vt 0.5950 0.1758
vt 0.6070 0.1888
vt 0.5950 0.1888
vt 0.5829 0.1888
vt 0.5103 0.0547
vt 0.4972 0.0547
vt 0.5103 0.0857
vt 0.4972 0.0857
vt 0.5103 0.1084
vt 0.4972 0.1084
vt 0.5103 0.1263
vt 0.4972 0.1263
vt 0.5103 0.1431
vt 0.4972 0.1431
vt 0.5103 0.1598
vt 0.4972 0.1598
vt 0.5103 0.1758
vt 0.4972 0.1758
vt 0.5103 0.1888
vt 0.4972 0.1888
vt 0.4848 0.1888
vt 0.6332 0.0547
vt 0.6197 0.0547
vt 0.6332 0.0857
vt 0.6197 0.0857
vt 0.6332 0.1084
vt 0.6197 0.1084
vt 0.6332 0.1263
vt 0.6197 0.1263
vt 0.6332 0.1431
vt 0.6197 0.1431
vt 0.6332 0.1598
vt 0.6197 0.1598
vt 0.6332 0.1758
vt 0.6197 0.1758
vt 0.6332 0.1888
vt 0.6197 0.1888
vt 0.0893 0.0547
vt 0.0773 0.0547
vt 0.0893 0.0857
vt 0.0773 0.0857
vt 0.0893 0.1084
vt 0.0773 0.1084
vt 0.0893 0.1263
vt 0.0773 0.1263
vt 0.0893 0.1431
vt 0.0773 0.1431
vt 0.0893 0.1598
vt 0.0773 0.1598
vt 0.0893 0.1758
vt 0.0773 0.1758
vt 0.0893 0.1888
vt 0.0773 0.1888
vt 0.4089 0.0547
vt 0.3964 0.0547
vt 0.4089 0.0857
vt 0.3964 0.0857
vt 0.4089 0.1084
vt 0.3964 0.1084
vt 0.4089 0.1263
vt 0.3964 0.1263
vt 0.4089 0.1431
vt 0.3964 0.1431
vt 0.4089 0.1598
vt 0.3964 0.1598
vt 0.4089 0.1758
vt 0.3964 0.1758
vt 0.4089 0.1888
vt 0.3964 0.1888
vt 0.5594 0.0547
vt 0.5469 0.0547
vt 0.5594 0.0857
vt 0.5469 0.0857
vt 0.5594 0.1084
vt 0.5469 0.1084
vt 0.5594 0.1263
vt 0.5469 0.1263
vt 0.5594 0.1431
vt 0.5469 0.1431
vt 0.5594 0.1598
vt 0.5469 0.1598
vt 0.5594 0.1758
vt 0.5469 0.1758
vt 0.5594 0.1888
vt 0.5469 0.1888
vt 0.5347 0.1888
vt 0.2148 0.0547
vt 0.2012 0.0547
vt 0.2148 0.0857
vt 0.2012 0.0857
vt 0.2148 0.1084
vt 0.2012 0.1084
vt 0.2148 0.1263
vt 0.2012 0.1263
vt 0.2148 0.1431
vt 0.2012 0.1431
vt 0.2148 0.1598
vt 0.2012 0.1598
vt 0.2148 0.1758
vt 0.2012 0.1758
vt 0.2148 0.1888
vt 0.2012 0.1888
vt 0.1868 0.1888
vt 0.8775 0.0547
vt 0.8653 0.0547
vt 0.8775 0.0857
vt 0.8653 0.0857
vt 0.8775 0.1084
vt 0.8653 0.1084
vt 0.8775 0.1263
vt 0.8653 0.1263
vt 0.8775 0.1431
vt 0.8653 0.1431
vt 0.8775 0.1598
vt 0.8653 0.1598
vt 0.8775 0.1758
vt 0.8653 0.1758
vt 0.8775 0.1888
vt 0.8653 0.1888
vt 0.8518 0.1888
vt 0.2787 0.0547
vt 0.2645 0.0547
vt 0.2787 0.0857
vt 0.2645 0.0857
vt 0.2787 0.1084
vt 0.2645 0.1084
vt 0.2787 0.1263
vt 0.2645 0.1263
vt 0.2787 0.1431
vt 0.2645 0.1431
vt 0.2787 0.1598
vt 0.2645 0.1598
vt 0.2787 0.1758
vt 0.2645 0.1758
vt 0.2787 0.1888
vt 0.2645 0.1888
vt 0.2470 0.1888
vt 0.8388 0.0547
vt 0.8388 0.0857
vt 0.8388 0.1084
vt 0.8388 0.1263
vt 0.8388 0.1431
vt 0.8388 0.1598
vt 0.8388 0.1758
vt 0.8388 0.1888
vt 0.8268 0.1888
vt 0.1730 0.0547
vt 0.1730 0.0857
vt 0.1730 0.1084
vt 0.1730 0.1263
vt 0.1730 0.1431
vt 0.1730 0.1598
vt 0.1730 0.1758
vt 0.1730 0.1888
vt 0.4590 0.0547
vt 0.4462 0.0547
vt 0.4590 0.0857
vt 0.4462 0.0857
vt 0.4590 0.1084
vt 0.4462 0.1084
vt 0.4590 0.1263
vt 0.4462 0.1263
vt 0.4590 0.1431
vt 0.4462 0.1431
vt 0.4590 0.1598
vt 0.4462 0.1598
vt 0.4590 0.1758
vt 0.4462 0.1758
vt 0.4590 0.1888
vt 0.4462 0.1888
vt 0.4340 0.1888
vt 0.5711 0.0547
vt 0.5711 0.0857
vt 0.5711 0.1084
vt 0.5711 0.1263
vt 0.5711 0.1431
vt 0.5711 0.1598
vt 0.5711 0.1758
vt 0.5711 0.1888
vt 0.9021 0.0547
vt 0.8896 0.0547
vt 0.9021 0.0857
vt 0.8896 0.0857
vt 0.9021 0.1084
vt 0.8896 0.1084
vt 0.9021 0.1263
vt 0.8896 0.1263
vt 0.9021 0.1431
vt 0.8896 0.1431
vt 0.9021 0.1598
vt 0.8896 0.1598
vt 0.9021 0.1758
vt 0.8896 0.1758
vt 0.9021 0.1888
vt 0.8896 0.1888
vt 0.9141 0.0547
vt 0.9141 0.0857
vt 0.9141 0.1084
vt 0.9141 0.1263
vt 0.9141 0.1431
vt 0.9141 0.1598
vt 0.9141 0.1758
vt 0.9141 0.1888
vt 0.3069 0.0547
vt 0.2921 0.0547
vt 0.3069 0.0857
vt 0.2921 0.0857
vt 0.3069 0.1084
vt 0.2921 0.1084
vt 0.3069 0.1263
vt 0.2921 0.1263
vt 0.3069 0.1431
vt 0.2921 0.1431
vt 0.3069 0.1598
vt 0.2921 0.1598
vt 0.3069 0.1758
vt 0.2921 0.1758
vt 0.3069 0.1888
vt 0.2921 0.1888
vt 0.4215 0.0547
vt 0.4215 0.0857
vt 0.4215 0.1084
vt 0.4215 0.1263
vt 0.4215 0.1431
vt 0.4215 0.1598
vt 0.4215 0.1758
vt 0.4215 0.1888
vt 0.0284 0.0547
vt 0.0284 0.0857
vt 0.0284 0.1084
vt 0.0284 0.1263
vt 0.0284 0.1431
vt 0.0284 0.1598
vt 0.0284 0.1758
vt 0.0284 0.1888
vt 0.0161 0.1888
vt 0.2296 0.0547
vt 0.2296 0.0857
vt 0.2296 0.1084
vt 0.2296 0.1263
vt 0.2296 0.1431
vt 0.2296 0.1598
vt 0.2296 0.1758
vt 0.2296 0.1888
vt 0.7505 0.0547
vt 0.7357 0.0547
vt 0.7505 0.0857
vt 0.7357 0.0857
vt 0.7505 0.1084
vt 0.7357 0.1084
vt 0.7505 0.1263
vt 0.7357 0.1263
vt 0.7505 0.1431
vt 0.7357 0.1431
vt 0.7505 0.1598
vt 0.7357 0.1598
vt 0.7505 0.1758
vt 0.7357 0.1758
vt 0.7505 0.1888
vt 0.7357 0.1888
vt 0.7182 0.1888
vt 0.6598 0.0547
vt 0.6463 0.0547
vt 0.6598 0.0857
vt 0.6463 0.0857
vt 0.6598 0.1084
vt 0.6463 0.1084
vt 0.6598 0.1263
vt 0.6463 0.1263
vt 0.6598 0.1431
vt 0.6463 0.1431
vt 0.6598 0.1598
vt 0.6463 0.1598
vt 0.6598 0.1758
vt 0.6463 0.1758
vt 0.6598 0.1888
vt 0.6463 0.1888
vt 0.1152 0.0547
vt 0.1016 0.0547
vt 0.1152 0.0857
vt 0.1016 0.0857
vt 0.1152 0.1084
vt 0.1016 0.1084
vt 0.1152 0.1263
vt 0.1016 0.1263
vt 0.1152 0.1431
vt 0.1016 0.1431
vt 0.1152 0.1598
vt 0.1016 0.1598
vt 0.1152 0.1758
vt 0.1016 0.1758
vt 0.1152 0.1888
vt 0.1016 0.1888
vt 0.3479 0.0547
vt 0.3479 0.0857
vt 0.3479 0.1084
vt 0.3479 0.1263
vt 0.3479 0.1431
vt 0.3479 0.1598
vt 0.3479 0.1758
vt 0.3479 0.1888
vt 0.3342 0.1888
vt 0.5228 0.0547
vt 0.5228 0.0857
vt 0.5228 0.1084
vt 0.5228 0.1263
vt 0.5228 0.1431
vt 0.5228 0.1598
vt 0.5228 0.1758
vt 0.5228 0.1888
vt 0.6872 0.0547
vt 0.6742 0.0547
vt 0.6872 0.0857
vt 0.6742 0.0857
vt 0.6872 0.1084
vt 0.6742 0.1084
vt 0.6872 0.1263
vt 0.6742 0.1263
vt 0.6872 0.1431
vt 0.6742 0.1431
vt 0.6872 0.1598
vt 0.6742 0.1598
vt 0.6872 0.1758
vt 0.6742 0.1758
vt 0.6872 0.1888
vt 0.6742 0.1888
vt 0.4723 0.0547
vt 0.4723 0.0857
vt 0.4723 0.1084
vt 0.4723 0.1263
vt 0.4723 0.1431
vt 0.4723 0.1598
vt 0.4723 0.1758
vt 0.4723 0.1888
vt 0.1279 0.0547
vt 0.1279 0.0857
vt 0.1279 0.1084
vt 0.1279 0.1263
vt 0.1279 0.1431
vt 0.1279 0.1598
vt 0.1279 0.1758
vt 0.1279 0.1888
vt 0.8156 0.0547
vt 0.8156 0.0857
vt 0.8156 0.1084
vt 0.8156 0.1263
vt 0.8156 0.1431
vt 0.8156 0.1598
vt 0.8156 0.1758
vt 0.8156 0.1888
vt 0.3207 0.0547
vt 0.3207 0.0857
vt 0.3207 0.1084
vt 0.3207 0.1263
vt 0.3207 0.1431
vt 0.3207 0.1598
vt 0.3207 0.1758
vt 0.3207 0.1888
vt 0.7009 0.0547
vt 0.7009 0.0857
vt 0.7009 0.1084
vt 0.7009 0.1263
vt 0.7009 0.1431
vt 0.7009 0.1598
vt 0.7009 0.1758
vt 0.7009 0.1888
vt 0.7647 0.0547
vt 0.7647 0.0857
vt 0.7647 0.1084
vt 0.7647 0.1263
vt 0.7647 0.1431
vt 0.7647 0.1598
vt 0.7647 0.1758
vt 0.7647 0.1888
vt 0.3543 0.2400
vt 0.3443 0.2400
vt 0.3543 0.2676
vt 0.3443 0.2676
vt 0.3543 0.2901
vt 0.3443 0.2901
vt 0.3543 0.3076
vt 0.3443 0.3076
vt 0.3543 0.3227
vt 0.3443 0.3227
vt 0.3543 0.3371
vt 0.3443 0.3371
vt 0.3543 0.3506
vt 0.3443 0.3506
vt 0.3543 0.3618
vt 0.3443 0.3618
vt 0.3351 0.3618
vt 0.4748 0.2400
vt 0.4657 0.2400
vt 0.4748 0.2676
vt 0.4657 0.2676
vt 0.4748 0.2901
vt 0.4657 0.2901
vt 0.4748 0.3076
vt 0.4657 0.3076
vt 0.4748 0.3227
vt 0.4657 0.3227
vt 0.4748 0.3371
vt 0.4657 0.3371
vt 0.4748 0.3506
vt 0.4657 0.3506
vt 0.4748 0.3618
vt 0.4657 0.3618
vt 0.4553 0.3618
vt 0.7542 0.2400
vt 0.7437 0.2400
vt 0.7542 0.2676
vt 0.7437 0.2676
vt 0.7542 0.2901
vt 0.7437 0.2901
vt 0.7542 0.3076
vt 0.7437 0.3076
vt 0.7542 0.3227
vt 0.7437 0.3227
vt 0.7542 0.3371
vt 0.7437 0.3371
vt 0.7542 0.3506
vt 0.7437 0.3506
vt 0.7542 0.3618
vt 0.7437 0.3618
vt 0.7332 0.3618
vt 0.3140 0.2400
vt 0.3019 0.2400
vt 0.3140 0.2676
vt 0.3019 0.2676
vt 0.3140 0.2901
vt 0.3019 0.2901
vt 0.3140 0.3076
vt 0.3019 0.3076
vt 0.3140 0.3227
vt 0.3019 0.3227
vt 0.3140 0.3371
vt 0.3019 0.3371
vt 0.3140 0.3506
vt 0.3019 0.3506
vt 0.3140 0.3618
vt 0.3019 0.3618
vt 0.2906 0.3618
vt 0.2787 0.2400
vt 0.2787 0.2676
vt 0.2787 0.2901
vt 0.2787 0.3076
vt 0.2787 0.3227
vt 0.2787 0.3371
vt 0.2787 0.3506
vt 0.2787 0.3618
vt 0.2650 0.3618
vt 0.7746 0.2400
vt 0.7643 0.2400
vt 0.7746 0.2676
vt 0.7643 0.2676
vt 0.7746 0.2901
vt 0.7643 0.2901
vt 0.7746 0.3076
vt 0.7643 0.3076
vt 0.7746 0.3227
vt 0.7643 0.3227
vt 0.7746 0.3371
vt 0.7643 0.3371
vt 0.7746 0.3506
vt 0.7643 0.3506
vt 0.7746 0.3618
vt 0.7643 0.3618
vt 0.3739 0.2400
vt 0.3635 0.2400
vt 0.3739 0.2676
vt 0.3635 0.2676
vt 0.3739 0.2901
vt 0.3635 0.2901
vt 0.3739 0.3076
vt 0.3635 0.3076
vt 0.3739 0.3227
vt 0.3635 0.3227
vt 0.3739 0.3371
vt 0.3635 0.3371
vt 0.3739 0.3506
vt 0.3635 0.3506
vt 0.3739 0.3618
vt 0.3635 0.3618
vt 0.0948 0.2400
vt 0.0845 0.2400
vt 0.0948 0.2676
vt 0.0845 0.2676
vt 0.0948 0.2901
vt 0.0845 0.2901
vt 0.0948 0.3076
vt 0.0845 0.3076
vt 0.0948 0.3227
vt 0.0845 0.3227
vt 0.0948 0.3371
vt 0.0845 0.3371
vt 0.0948 0.3506
vt 0.0845 0.3506
vt 0.0948 0.3618
vt 0.0845 0.3618
vt 0.0740 0.3618
vt 0.1834 0.2400
vt 0.1695 0.2400
vt 0.1834 0.2676
vt 0.1695 0.2676
vt 0.1834 0.2901
vt 0.1695 0.2901
vt 0.1834 0.3076
vt 0.1695 0.3076
vt 0.1834 0.3227
vt 0.1695 0.3227
vt 0.1834 0.3371
vt 0.1695 0.3371
vt 0.1834 0.3506
vt 0.1695 0.3506
vt 0.1834 0.3618
vt 0.1695 0.3618
vt 0.1567 0.3618
vt 0.7942 0.2400
vt 0.7841 0.2400
vt 0.7942 0.2676
vt 0.7841 0.2676
vt 0.7942 0.2901
vt 0.7841 0.2901
vt 0.7942 0.3076
vt 0.7841 0.3076
vt 0.7942 0.3227
vt 0.7841 0.3227
vt 0.7942 0.3371
vt 0.7841 0.3371
vt 0.7942 0.3506
vt 0.7841 0.3506
vt 0.7942 0.3618
vt 0.7841 0.3618
vt 0.1448 0.2400
vt 0.1448 0.2676
vt 0.1448 0.2901
vt 0.1448 0.3076
vt 0.1448 0.3227
vt 0.1448 0.3371
vt 0.1448 0.3506
vt 0.1448 0.3618
vt 0.1344 0.3618
vt 0.4147 0.2400
vt 0.4039 0.2400
vt 0.4147 0.2676
vt 0.4039 0.2676
vt 0.4147 0.2901
vt 0.4039 0.2901
vt 0.4147 0.3076
vt 0.4039 0.3076
vt 0.4147 0.3227
vt 0.4039 0.3227
vt 0.4147 0.3371
vt 0.4039 0.3371
vt 0.4147 0.3506
vt 0.4039 0.3506
vt 0.4147 0.3618
vt 0.4039 0.3618
vt 0.3938 0.3618
vt 0.3251 0.2400
vt 0.3251 0.2676
vt 0.3251 0.2901
vt 0.3251 0.3076
vt 0.3251 0.3227
vt 0.3251 0.3371
vt 0.3251 0.3506
vt 0.3251 0.3618
vt 0.4356 0.2400
vt 0.4253 0.2400
vt 0.4356 0.2676
vt 0.4253 0.2676
vt 0.4356 0.2901
vt 0.4253 0.2901
vt 0.4356 0.3076
vt 0.4253 0.3076
vt 0.4356 0.3227
vt 0.4253 0.3227
vt 0.4356 0.3371
vt 0.4253 0.3371
vt 0.4356 0.3506
vt 0.4253 0.3506
vt 0.4356 0.3618
vt 0.4253 0.3618
vt 0.3834 0.2400
vt 0.3834 0.2676
vt 0.3834 0.2901
vt 0.3834 0.3076
vt 0.3834 0.3227
vt 0.3834 0.3371
vt 0.3834 0.3506
vt 0.3834 0.3618
vt 0.5380 0.2400
vt 0.5271 0.2400
vt 0.5380 0.2676
vt 0.5271 0.2676
vt 0.5380 0.2901
vt 0.5271 0.2901
vt 0.5380 0.3076
vt 0.5271 0.3076
vt 0.5380 0.3227
vt 0.5271 0.3227
vt 0.5380 0.3371
vt 0.5271 0.3371
vt 0.5380 0.3506
vt 0.5271 0.3506
vt 0.5380 0.3618
vt 0.5271 0.3618
vt 0.5151 0.3618
vt 0.0536 0.2400
vt 0.0440 0.2400
vt 0.0536 0.2676
vt 0.0440 0.2676
vt 0.0536 0.2901
vt 0.0440 0.2901
vt 0.0536 0.3076
vt 0.0440 0.3076
vt 0.0536 0.3227
vt 0.0440 0.3227
vt 0.0536 0.3371
vt 0.0440 0.3371
vt 0.0536 0.3506
vt 0.0440 0.3506
vt 0.0536 0.3618
vt 0.0440 0.3618
vt 0.0339 0.3618
vt 0.1247 0.2400
vt 0.1247 0.2676
vt 0.1247 0.2901
vt 0.1247 0.3076
vt 0.1247 0.3227
vt 0.1247 0.3371
vt 0.1247 0.3506
vt 0.1247 0.3618
vt 0.1158 0.3618
vt 0.7125 0.2400
vt 0.7037 0.2400
vt 0.7125 0.2676
vt 0.7037 0.2676
vt 0.7125 0.2901
vt 0.7037 0.2901
vt 0.7125 0.3076
vt 0.7037 0.3076
vt 0.7125 0.3227
vt 0.7037 0.3227
vt 0.7125 0.3371
vt 0.7037 0.3371
vt 0.7125 0.3506
vt 0.7037 0.3506
vt 0.7125 0.3618
vt 0.7037 0.3618
vt 0.6942 0.3618
vt 0.0246 0.2400
vt 0.0246 0.2676
vt 0.0246 0.2901
vt 0.0246 0.3076
vt 0.0246 0.3227
vt 0.0246 0.3371
vt 0.0246 0.3506
vt 0.0246 0.3618
vt 0.0156 0.3618
vt 0.6719 0.2400
vt 0.6590 0.2400
vt 0.6719 0.2676
vt 0.6590 0.2676
vt 0.6719 0.2901
vt 0.6590 0.2901
vt 0.6719 0.3076
vt 0.6590 0.3076
vt 0.6719 0.3227
vt 0.6590 0.3227
vt 0.6719 0.3371
vt 0.6590 0.3371
vt 0.6719 0.3506
vt 0.6590 0.3506
vt 0.6719 0.3618
vt 0.6590 0.3618
vt 0.6451 0.3618
vt 0.5905 0.2400
vt 0.5775 0.2400
vt 0.5905 0.2676
vt 0.5775 0.2676
vt 0.5905 0.2901
vt 0.5775 0.2901
vt 0.5905 0.3076
vt 0.5775 0.3076
vt 0.5905 0.3227
vt 0.5775 0.3227
vt 0.5905 0.3371
vt 0.5775 0.3371
vt 0.5905 0.3506
vt 0.5775 0.3506
vt 0.5905 0.3618
vt 0.5775 0.3618
vt 0.5637 0.3618
vt 0.6838 0.2400
vt 0.6838 0.2676
vt 0.6838 0.2901
vt 0.6838 0.3076
vt 0.6838 0.3227
vt 0.6838 0.3371
vt 0.6838 0.3506
vt 0.6838 0.3618
vt 0.8126 0.2261
vt 0.8126 0.2138
vt 0.8126 0.2400
vt 0.8036 0.2400
vt 0.8126 0.2542
vt 0.8126 0.2676
vt 0.8036 0.2676
vt 0.8126 0.2796
vt 0.8126 0.2901
vt 0.8036 0.2901
vt 0.8126 0.2993
vt 0.8126 0.3076
vt 0.8036 0.3076
vt 0.8126 0.3153
vt 0.8126 0.3227
vt 0.8036 0.3227
vt 0.8126 0.3300
vt 0.8126 0.3371
vt 0.8036 0.3371
vt 0.8126 0.3441
vt 0.8126 0.3506
vt 0.8036 0.3506
vt 0.8126 0.3566
vt 0.8126 0.3618
vt 0.8036 0.3618
vt 0.6172 0.2400
vt 0.6039 0.2400
vt 0.6172 0.2676
vt 0.6039 0.2676
vt 0.6172 0.2901
vt 0.6039 0.2901
vt 0.6172 0.3076
vt 0.6039 0.3076
vt 0.6172 0.3227
vt 0.6039 0.3227
vt 0.6172 0.3371
vt 0.6039 0.3371
vt 0.6172 0.3506
vt 0.6039 0.3506
vt 0.6172 0.3618
vt 0.6039 0.3618
vt 0.2378 0.2400
vt 0.2244 0.2400
vt 0.2378 0.2676
vt 0.2244 0.2676
vt 0.2378 0.2901
vt 0.2244 0.2901
vt 0.2378 0.3076
vt 0.2244 0.3076
vt 0.2378 0.3227
vt 0.2244 0.3227
vt 0.2378 0.3371
vt 0.2244 0.3371
vt 0.2378 0.3506
vt 0.2244 0.3506
vt 0.2378 0.3618
vt 0.2244 0.3618
vt 0.2112 0.3618
vt 0.1978 0.2400
vt 0.1978 0.2676
vt 0.1978 0.2901
vt 0.1978 0.3076
vt 0.1978 0.3227
vt 0.1978 0.3371
vt 0.1978 0.3506
vt 0.1978 0.3618
vt 0.0639 0.2400
vt 0.0639 0.2676
vt 0.0639 0.2901
vt 0.0639 0.3076
vt 0.0639 0.3227
vt 0.0639 0.3371
vt 0.0639 0.3506
vt 0.0639 0.3618
vt 0.6307 0.2400
vt 0.6307 0.2676
vt 0.6307 0.2901
vt 0.6307 0.3076
vt 0.6307 0.3227
vt 0.6307 0.3371
vt 0.6307 0.3506
vt 0.6307 0.3618
vt 0.1053 0.2400
vt 0.1053 0.2676
vt 0.1053 0.2901
vt 0.1053 0.3076
vt 0.1053 0.3227
vt 0.1053 0.3371
vt 0.1053 0.3506
vt 0.1053 0.3618
vt 0.5498 0.2400
vt 0.5498 0.2676
vt 0.5498 0.2901
vt 0.5498 0.3076
vt 0.5498 0.3227
vt 0.5498 0.3371
vt 0.5498 0.3506
vt 0.5498 0.3618
vt 0.4941 0.2400
vt 0.4849 0.2400
vt 0.4941 0.2676
vt 0.4849 0.2676
vt 0.4941 0.2901
vt 0.4849 0.2901
vt 0.4941 0.3076
vt 0.4849 0.3076
vt 0.4941 0.3227
vt 0.4849 0.3227
vt 0.4941 0.3371
vt 0.4849 0.3371
vt 0.4941 0.3506
vt 0.4849 0.3506
vt 0.4941 0.3618
vt 0.4849 0.3618
vt 0.2511 0.2400
vt 0.2511 0.2676
vt 0.2511 0.2901
vt 0.2511 0.3076
vt 0.2511 0.3227
vt 0.2511 0.3371
vt 0.2511 0.3506
vt 0.2511 0.3618
vt 0.7229 0.2400
vt 0.7229 0.2676
vt 0.7229 0.2901
vt 0.7229 0.3076
vt 0.7229 0.3227
vt 0.7229 0.3371
vt 0.7229 0.3506
vt 0.7229 0.3618
vt 0.5040 0.2400
vt 0.5040 0.2676
vt 0.5040 0.2901
vt 0.5040 0.3076
vt 0.5040 0.3227
vt 0.5040 0.3371
vt 0.5040 0.3506
vt 0.5040 0.3618
vt 0.4461 0.2400
vt 0.4461 0.2676
vt 0.4461 0.2901
vt 0.4461 0.3076
vt 0.4461 0.3227
vt 0.4461 0.3371
vt 0.4461 0.3506
vt 0.4461 0.3618
vt 0.4589 0.4219
vt 0.4498 0.4219
vt 0.4589 0.4493
vt 0.4498 0.4493
vt 0.4589 0.4737
vt 0.4498 0.4737
vt 0.4589 0.4927
vt 0.4498 0.4927
vt 0.4589 0.5073
vt 0.4498 0.5073
vt 0.4589 0.5194
vt 0.4498 0.5194
vt 0.4589 0.5298
vt 0.4498 0.5298
vt 0.5736 0.5335
vt 0.5736 0.5351
vt 0.5862 0.5351
vt 0.5862 0.5335
vt 0.5993 0.5351
vt 0.1152 0.4219
vt 0.1048 0.4219
vt 0.1152 0.4493
vt 0.1048 0.4493
vt 0.1152 0.4737
vt 0.1048 0.4737
vt 0.1152 0.4927
vt 0.1048 0.4927
vt 0.1152 0.5073
vt 0.1048 0.5073
vt 0.1152 0.5194
vt 0.1048 0.5194
vt 0.1152 0.5298
vt 0.1048 0.5298
vt 0.1821 0.5390
vt 0.1821 0.5386
vt 0.1674 0.5386
vt 0.1674 0.5390
vt 0.6485 0.5390
vt 0.6485 0.5386
vt 0.6330 0.5386
vt 0.6330 0.5390
vt 0.8131 0.4219
vt 0.8022 0.4219
vt 0.8131 0.4493
vt 0.8022 0.4493
vt 0.8131 0.4737
vt 0.8022 0.4737
vt 0.8131 0.4927
vt 0.8022 0.4927
vt 0.8131 0.5073
vt 0.8022 0.5073
vt 0.8131 0.5194
vt 0.8022 0.5194
vt 0.8131 0.5298
vt 0.8022 0.5298
vt 0.6157 0.5351
vt 0.6157 0.5335
vt 0.7422 0.5390
vt 0.7422 0.5386
vt 0.7285 0.5386
vt 0.7285 0.5390
vt 0.8711 0.4088
vt 0.8711 0.3973
vt 0.8711 0.4219
vt 0.8616 0.4219
vt 0.8711 0.4357
vt 0.8711 0.4493
vt 0.8616 0.4493
vt 0.8711 0.4621
vt 0.8711 0.4737
vt 0.8616 0.4737
vt 0.8711 0.4838
vt 0.8711 0.4927
vt 0.8616 0.4927
vt 0.8711 0.5004
vt 0.8711 0.5073
vt 0.8616 0.5073
vt 0.8711 0.5136
vt 0.8711 0.5194
vt 0.8616 0.5194
vt 0.8711 0.5248
vt 0.8711 0.5298
vt 0.8616 0.5298
vt 0.8711 0.5335
vt 0.1536 0.5386
vt 0.1536 0.5390
vt 0.8131 0.5390
vt 0.8131 0.5386
vt 0.8022 0.5386
vt 0.8022 0.5390
vt 0.0532 0.4219
vt 0.0437 0.4219
vt 0.0532 0.4493
vt 0.0437 0.4493
vt 0.0532 0.4737
vt 0.0437 0.4737
vt 0.0532 0.4927
vt 0.0437 0.4927
vt 0.0532 0.5073
vt 0.0437 0.5073
vt 0.0532 0.5194
vt 0.0437 0.5194
vt 0.0532 0.5298
vt 0.0437 0.5298
vt 0.6819 0.5390
vt 0.6819 0.5386
vt 0.6641 0.5386
vt 0.6641 0.5390
vt 0.0437 0.5390
vt 0.0437 0.5386
vt 0.0339 0.5386
vt 0.0339 0.5390
vt 0.7422 0.4219
vt 0.7285 0.4219
vt 0.7422 0.4493
vt 0.7285 0.4493
vt 0.7422 0.4737
vt 0.7285 0.4737
vt 0.7422 0.4927
vt 0.7285 0.4927
vt 0.7422 0.5073
vt 0.7285 0.5073
vt 0.7422 0.5194
vt 0.7285 0.5194
vt 0.7422 0.5298
vt 0.7285 0.5298
vt 0.4955 0.5351
vt 0.5048 0.5351
vt 0.4774 0.5351
vt 0.4866 0.5351
vt 0.4224 0.4219
vt 0.4131 0.4219
vt 0.4224 0.4493
vt 0.4131 0.4493
vt 0.4224 0.4737
vt 0.4131 0.4737
vt 0.4224 0.4927
vt 0.4131 0.4927
vt 0.4224 0.5073
vt 0.4131 0.5073
vt 0.4224 0.5194
vt 0.4131 0.5194
vt 0.4224 0.5298
vt 0.4131 0.5298
vt 0.5138 0.5351
vt 0.5138 0.5335
vt 0.2959 0.5390
vt 0.2959 0.5386
vt 0.2830 0.5386
vt 0.2830 0.5390
vt 0.5138 0.4219
vt 0.5048 0.4219
vt 0.5138 0.4493
vt 0.5048 0.4493
vt 0.5138 0.4737
vt 0.5048 0.4737
vt 0.5138 0.4927
vt 0.5048 0.4927
vt 0.5138 0.5073
vt 0.5048 0.5073
vt 0.5138 0.5194
vt 0.5048 0.5194
vt 0.5138 0.5298
vt 0.5048 0.5298
vt 0.4498 0.5390
vt 0.4498 0.5386
vt 0.4407 0.5386
vt 0.4407 0.5390
vt 0.6485 0.4219
vt 0.6330 0.4219
vt 0.6485 0.4493
vt 0.6330 0.4493
vt 0.6485 0.4737
vt 0.6330 0.4737
vt 0.6485 0.4927
vt 0.6330 0.4927
vt 0.6485 0.5073
vt 0.6330 0.5073
vt 0.6485 0.5194
vt 0.6330 0.5194
vt 0.6485 0.5298
vt 0.6330 0.5298
vt 0.1674 0.5351
vt 0.1821 0.5351
vt 0.5993 0.5390
vt 0.5993 0.5386
vt 0.5862 0.5386
vt 0.5862 0.5390
vt 0.4315 0.4219
vt 0.4315 0.4493
vt 0.4315 0.4737
vt 0.4315 0.4927
vt 0.4315 0.5073
vt 0.4315 0.5194
vt 0.4315 0.5298
vt 0.2002 0.5351
vt 0.2002 0.5335
vt 0.2188 0.5351
vt 0.7673 0.4219
vt 0.7552 0.4219
vt 0.7673 0.4493
vt 0.7552 0.4493
vt 0.7673 0.4737
vt 0.7552 0.4737
vt 0.7673 0.4927
vt 0.7552 0.4927
vt 0.7673 0.5073
vt 0.7552 0.5073
vt 0.7673 0.5194
vt 0.7552 0.5194
vt 0.7673 0.5298
vt 0.7552 0.5298
vt 0.2494 0.5390
vt 0.2494 0.5386
vt 0.2343 0.5386
vt 0.2343 0.5390
vt 0.1393 0.5390
vt 0.1393 0.5386
vt 0.1264 0.5386
vt 0.1264 0.5390
vt 0.0241 0.4219
vt 0.0241 0.4493
vt 0.0241 0.4737
vt 0.0241 0.4927
vt 0.0241 0.5073
vt 0.0241 0.5194
vt 0.0241 0.5298
vt 0.2343 0.5351
vt 0.2343 0.5335
vt 0.8233 0.5390
vt 0.8233 0.5386
vt 0.3235 0.4219
vt 0.3086 0.4219
vt 0.3235 0.4493
vt 0.3086 0.4493
vt 0.3235 0.4737
vt 0.3086 0.4737
vt 0.3235 0.4927
vt 0.3086 0.4927
vt 0.3235 0.5073
vt 0.3086 0.5073
vt 0.3235 0.5194
vt 0.3086 0.5194
vt 0.3235 0.5298
vt 0.3086 0.5298
vt 0.4774 0.5390
vt 0.4774 0.5386
vt 0.4684 0.5386
vt 0.4684 0.5390
vt 0.5736 0.5390
vt 0.5736 0.5386
vt 0.5591 0.5386
vt 0.5591 0.5390
vt 0.3861 0.4219
vt 0.3768 0.4219
vt 0.3861 0.4493
vt 0.3768 0.4493
vt 0.3861 0.4737
vt 0.3768 0.4737
vt 0.3861 0.4927
vt 0.3768 0.4927
vt 0.3861 0.5073
vt 0.3768 0.5073
vt 0.3861 0.5194
vt 0.3768 0.5194
vt 0.3861 0.5298
vt 0.3768 0.5298
vt 0.7909 0.5351
vt 0.8022 0.5351
vt 0.5452 0.5390
vt 0.5452 0.5386
vt 0.5341 0.5386
vt 0.5341 0.5390
vt 0.5341 0.4219
vt 0.5244 0.4219
vt 0.5341 0.4493
vt 0.5244 0.4493
vt 0.5341 0.4737
vt 0.5244 0.4737
vt 0.5341 0.4927
vt 0.5244 0.4927
vt 0.5341 0.5073
vt 0.5244 0.5073
vt 0.5341 0.5194
vt 0.5244 0.5194
vt 0.5341 0.5298
vt 0.5244 0.5298
vt 0.7422 0.5351
vt 0.7552 0.5351
vt 0.7909 0.5390
vt 0.7909 0.5386
vt 0.7787 0.5386
vt 0.7787 0.5390
vt 0.6994 0.4219
vt 0.6994 0.4493
vt 0.6994 0.4737
vt 0.6994 0.4927
vt 0.6994 0.5073
vt 0.6994 0.5194
vt 0.6994 0.5298
vt 0.8131 0.5351
vt 0.8233 0.5351
vt 0.4866 0.4219
vt 0.4866 0.4493
vt 0.4866 0.4737
vt 0.4866 0.4927
vt 0.4866 0.5073
vt 0.4866 0.5194
vt 0.4866 0.5298
vt 0.7673 0.5351
vt 0.8331 0.5351
vt 0.8331 0.5335
vt 0.3488 0.4219
vt 0.3375 0.4219
vt 0.3488 0.4493
vt 0.3375 0.4493
vt 0.3488 0.4737
vt 0.3375 0.4737
vt 0.3488 0.4927
vt 0.3375 0.4927
vt 0.3488 0.5073
vt 0.3375 0.5073
vt 0.3488 0.5194
vt 0.3375 0.5194
vt 0.3488 0.5298
vt 0.3375 0.5298
vt 0.3861 0.5351
vt 0.3950 0.5351
vt 0.4866 0.5390
vt 0.4866 0.5386
vt 0.5591 0.4219
vt 0.5452 0.4219
vt 0.5591 0.4493
vt 0.5452 0.4493
vt 0.5591 0.4737
vt 0.5452 0.4737
vt 0.5591 0.4927
vt 0.5452 0.4927
vt 0.5591 0.5073
vt 0.5452 0.5073
vt 0.5591 0.5194
vt 0.5452 0.5194
vt 0.5591 0.5298
vt 0.5452 0.5298
vt 0.2002 0.5390
vt 0.2002 0.5386
vt 0.5244 0.5386
vt 0.5244 0.5390
vt 0.8331 0.4219
vt 0.8233 0.4219
vt 0.8331 0.4493
vt 0.8233 0.4493
vt 0.8331 0.4737
vt 0.8233 0.4737
vt 0.8331 0.4927
vt 0.8233 0.4927
vt 0.8331 0.5073
vt 0.8233 0.5073
vt 0.8331 0.5194
vt 0.8233 0.5194
vt 0.8331 0.5298
vt 0.8233 0.5298
vt 0.6157 0.5386
vt 0.6157 0.5390
vt 0.4042 0.5351
vt 0.4042 0.5335
vt 0.0826 0.4219
vt 0.0826 0.4493
vt 0.0826 0.4737
vt 0.0826 0.4927
vt 0.0826 0.5073
vt 0.0826 0.5194
vt 0.0826 0.5298
vt 0.8426 0.5351
vt 0.3235 0.5390
vt 0.3235 0.5386
vt 0.3086 0.5386
vt 0.3086 0.5390
vt 0.5862 0.4219
vt 0.5736 0.4219
vt 0.5862 0.4493
vt 0.5736 0.4493
vt 0.5862 0.4737
vt 0.5736 0.4737
vt 0.5862 0.4927
vt 0.5736 0.4927
vt 0.5862 0.5073
vt 0.5736 0.5073
vt 0.5862 0.5194
vt 0.5736 0.5194
vt 0.5862 0.5298
vt 0.5736 0.5298
vt 0.8521 0.5351
vt 0.8521 0.5335
vt 0.1674 0.4219
vt 0.1536 0.4219
vt 0.1674 0.4493
vt 0.1536 0.4493
vt 0.1674 0.4737
vt 0.1536 0.4737
vt 0.1674 0.4927
vt 0.1536 0.4927
vt 0.1674 0.5073
vt 0.1536 0.5073
vt 0.1674 0.5194
vt 0.1536 0.5194
vt 0.1674 0.5298
vt 0.1536 0.5298
vt 0.4315 0.5386
vt 0.4315 0.5390
vt 0.4684 0.4219
vt 0.4684 0.4493
vt 0.4684 0.4737
vt 0.4684 0.4927
vt 0.4684 0.5073
vt 0.4684 0.5194
vt 0.4684 0.5298
vt 0.7141 0.5351
vt 0.7285 0.5351
vt 0.5244 0.5351
vt 0.2002 0.4219
vt 0.1821 0.4219
vt 0.2002 0.4493
vt 0.1821 0.4493
vt 0.2002 0.4737
vt 0.1821 0.4737
vt 0.2002 0.4927
vt 0.1821 0.4927
vt 0.2002 0.5073
vt 0.1821 0.5073
vt 0.2002 0.5194
vt 0.1821 0.5194
vt 0.2002 0.5298
vt 0.1821 0.5298
vt 0.4131 0.5390
vt 0.4131 0.5386
vt 0.4042 0.5386
vt 0.4042 0.5390
vt 0.0632 0.4219
vt 0.0632 0.4493
vt 0.0632 0.4737
vt 0.0632 0.4927
vt 0.0632 0.5073
vt 0.0632 0.5194
vt 0.0632 0.5298
vt 0.3681 0.5351
vt 0.3768 0.5351
vt 0.5138 0.5390
vt 0.5138 0.5386
vt 0.5048 0.5386
vt 0.5048 0.5390
vt 0.2668 0.4219
vt 0.2494 0.4219
vt 0.2668 0.4493
vt 0.2494 0.4493
vt 0.2668 0.4737
vt 0.2494 0.4737
vt 0.2668 0.4927
vt 0.2494 0.4927
vt 0.2668 0.5073
vt 0.2494 0.5073
vt 0.2668 0.5194
vt 0.2494 0.5194
vt 0.2668 0.5298
vt 0.2494 0.5298
vt 0.2668 0.5386
vt 0.2668 0.5390
vt 0.5341 0.5351
vt 0.3950 0.4219
vt 0.3950 0.4493
vt 0.3950 0.4737
vt 0.3950 0.4927
vt 0.3950 0.5073
vt 0.3950 0.5194
vt 0.3950 0.5298
vt 0.1393 0.5351
vt 0.1536 0.5351
vt 0.3580 0.4219
vt 0.3580 0.4493
vt 0.3580 0.4737
vt 0.3580 0.4927
vt 0.3580 0.5073
vt 0.3580 0.5194
vt 0.3580 0.5298
vt 0.5993 0.4219
vt 0.5993 0.4493
vt 0.5993 0.4737
vt 0.5993 0.4927
vt 0.5993 0.5073
vt 0.5993 0.5194
vt 0.5993 0.5298
vt 0.7787 0.5351
vt 0.8616 0.5390
vt 0.8616 0.5386
vt 0.8521 0.5386
vt 0.8521 0.5390
vt 0.7787 0.4219
vt 0.7787 0.4493
vt 0.7787 0.4737
vt 0.7787 0.4927
vt 0.7787 0.5073
vt 0.7787 0.5194
vt 0.7787 0.5298
vt 0.2830 0.4219
vt 0.2830 0.4493
vt 0.2830 0.4737
vt 0.2830 0.4927
vt 0.2830 0.5073
vt 0.2830 0.5194
vt 0.2830 0.5298
vt 0.1152 0.5390
vt 0.1152 0.5386
vt 0.1048 0.5386
vt 0.1048 0.5390
vt 0.8331 0.5390
vt 0.8331 0.5386
vt 0.2188 0.4219
vt 0.2188 0.4493
vt 0.2188 0.4737
vt 0.2188 0.4927
vt 0.2188 0.5073
vt 0.2188 0.5194
vt 0.2188 0.5298
vt 0.4589 0.5386
vt 0.4589 0.5390
vt 0.6641 0.4219
vt 0.6641 0.4493
vt 0.6641 0.4737
vt 0.6641 0.4927
vt 0.6641 0.5073
vt 0.6641 0.5194
vt 0.6641 0.5298
vt 0.4407 0.5351
vt 0.4498 0.5351
vt 0.3580 0.5390
vt 0.3580 0.5386
vt 0.3488 0.5386
vt 0.3488 0.5390
vt 0.1264 0.4219
vt 0.1264 0.4493
vt 0.1264 0.4737
vt 0.1264 0.4927
vt 0.1264 0.5073
vt 0.1264 0.5194
vt 0.1264 0.5298
vt 0.6330 0.5351
vt 0.8426 0.4219
vt 0.8426 0.4493
vt 0.8426 0.4737
vt 0.8426 0.4927
vt 0.8426 0.5073
vt 0.8426 0.5194
vt 0.8426 0.5298
vt 0.4589 0.5351
vt 0.2188 0.5390
vt 0.2188 0.5386
vt 0.8126 0.2051
vt 0.8126 0.2011
vt 0.8711 0.3872
vt 0.8711 0.3789
vt 0.9512 0.0128
vt 0.9512 0.0081
vt 0.2691 0.7739
vt 0.2611 0.7739
vt 0.2611 0.7651
vt 0.2691 0.7651
vt 0.2531 0.7651
vt 0.4198 0.7739
vt 0.4116 0.7739
vt 0.4116 0.7651
vt 0.4198 0.7651
vt 0.4036 0.7651
vt 0.1728 0.7739
vt 0.1649 0.7739
vt 0.1649 0.7651
vt 0.1728 0.7651
vt 0.1568 0.7651
vt 0.5174 0.7739
vt 0.5093 0.7739
vt 0.5093 0.7651
vt 0.5174 0.7651
vt 0.5012 0.7651
vt 0.0928 0.7739
vt 0.0848 0.7739
vt 0.0848 0.7651
vt 0.0928 0.7651
vt 0.0767 0.7651
vt 0.5972 0.7739
vt 0.5891 0.7739
vt 0.5891 0.7651
vt 0.5972 0.7651
vt 0.5811 0.7651
vt 0.2374 0.7739
vt 0.2294 0.7739
vt 0.2294 0.7651
vt 0.2374 0.7651
vt 0.2212 0.7651
vt 0.4524 0.7739
vt 0.4442 0.7739
vt 0.4442 0.7651
vt 0.4524 0.7651
vt 0.4360 0.7651
vt 0.2453 0.7739
vt 0.2453 0.7651
vt 0.4279 0.7739
vt 0.4279 0.7651
vt 0.2129 0.7739
vt 0.2129 0.7651
vt 0.2047 0.7651
vt 0.4688 0.7739
vt 0.4606 0.7739
vt 0.4606 0.7651
vt 0.4688 0.7651
vt 0.0687 0.7739
vt 0.0687 0.7651
vt 0.0607 0.7651
vt 0.6133 0.7739
vt 0.6052 0.7739
vt 0.6052 0.7651
vt 0.6133 0.7651
vt 0.2857 0.7739
vt 0.2773 0.7739
vt 0.2773 0.7651
vt 0.2857 0.7651
vt 0.3955 0.7739
vt 0.3955 0.7651
vt 0.3871 0.7651
vt 0.1250 0.7739
vt 0.1170 0.7739
vt 0.1170 0.7651
vt 0.1250 0.7651
vt 0.1090 0.7651
vt 0.5650 0.7739
vt 0.5569 0.7739
vt 0.5569 0.7651
vt 0.5650 0.7651
vt 0.5488 0.7651
vt 0.0526 0.7739
vt 0.0526 0.7651
vt 0.0446 0.7651
vt 0.6295 0.7739
vt 0.6214 0.7739
vt 0.6214 0.7651
vt 0.6295 0.7651
vt 0.1408 0.7739
vt 0.1330 0.7739
vt 0.1330 0.7651
vt 0.1408 0.7651
vt 0.5407 0.7739
vt 0.5407 0.7651
vt 0.5328 0.7651
vt 0.3025 0.7739
vt 0.2941 0.7739
vt 0.2941 0.7651
vt 0.3025 0.7651
vt 0.3787 0.7739
vt 0.3787 0.7651
vt 0.3704 0.7651
vt 0.1886 0.7739
vt 0.1806 0.7739
vt 0.1806 0.7651
vt 0.1886 0.7651
vt 0.4931 0.7739
vt 0.4931 0.7651
vt 0.4850 0.7651
vt 0.3360 0.7739
vt 0.3275 0.7739
vt 0.3275 0.7651
vt 0.3360 0.7651
vt 0.3191 0.7651
vt 0.3532 0.7739
vt 0.3446 0.7739
vt 0.3446 0.7651
vt 0.3532 0.7651
vt 0.1487 0.7739
vt 0.1487 0.7651
vt 0.5252 0.7739
vt 0.5252 0.7651
vt 0.1009 0.7739
vt 0.1009 0.7651
vt 0.5730 0.7739
vt 0.5730 0.7651
vt 0.3108 0.7739
vt 0.3108 0.7651
vt 0.3619 0.7739
vt 0.3619 0.7651
vt 0.1966 0.7739
vt 0.1966 0.7651
vt 0.4769 0.7739
vt 0.4769 0.7651
vt 0.1728 0.7954
vt 0.1649 0.7954
vt 0.1568 0.7954
vt 0.5174 0.7954
vt 0.5093 0.7954
vt 0.5012 0.7954
vt 0.0928 0.7954
vt 0.0848 0.7954
vt 0.0767 0.7954
vt 0.5972 0.7954
vt 0.5891 0.7954
vt 0.5811 0.7954
vt 0.2374 0.7954
vt 0.2294 0.7954
vt 0.2212 0.7954
vt 0.4524 0.7954
vt 0.4442 0.7954
vt 0.4360 0.7954
vt 0.2531 0.7954
vt 0.2453 0.7954
vt 0.4279 0.7954
vt 0.4198 0.7954
vt 0.2129 0.7954
vt 0.2047 0.7954
vt 0.4688 0.7954
vt 0.4606 0.7954
vt 0.0687 0.7954
vt 0.0607 0.7954
vt 0.6133 0.7954
vt 0.6052 0.7954
vt 0.2857 0.7954
vt 0.2773 0.7954
vt 0.2691 0.7954
vt 0.4036 0.7954
vt 0.3955 0.7954
vt 0.3871 0.7954
vt 0.1250 0.7954
vt 0.1170 0.7954
vt 0.1090 0.7954
vt 0.5650 0.7954
vt 0.5569 0.7954
vt 0.5488 0.7954
vt 0.0526 0.7954
vt 0.0446 0.7954
vt 0.6295 0.7851
vt 0.6295 0.7954
vt 0.6214 0.7954
vt 0.1408 0.7954
vt 0.1330 0.7954
vt 0.5407 0.7954
vt 0.5328 0.7954
vt 0.3025 0.7954
vt 0.2941 0.7954
vt 0.3787 0.7954
vt 0.3704 0.7954
vt 0.1886 0.7954
vt 0.1806 0.7954
vt 0.4931 0.7954
vt 0.4850 0.7954
vt 0.3360 0.7954
vt 0.3275 0.7954
vt 0.3191 0.7954
vt 0.3532 0.7954
vt 0.3446 0.7954
vt 0.1487 0.7954
vt 0.5252 0.7954
vt 0.1009 0.7954
vt 0.5730 0.7954
vt 0.3108 0.7954
vt 0.3619 0.7954
vt 0.1966 0.7954
vt 0.4769 0.7954
vt 0.2611 0.7954
vt 0.4116 0.7954
vt 0.5082 0.8405
vt 0.5004 0.8405
vt 0.0926 0.8405
vt 0.0848 0.8405
vt 0.5872 0.8405
vt 0.5794 0.8405
vt 0.2349 0.8405
vt 0.2270 0.8405
vt 0.4448 0.8405
vt 0.4367 0.8405
vt 0.2504 0.8405
vt 0.2427 0.8405
vt 0.4208 0.8405
vt 0.2110 0.8405
vt 0.4609 0.8405
vt 0.4528 0.8405
vt 0.0691 0.8405
vt 0.6028 0.8405
vt 0.5950 0.8405
vt 0.2821 0.8405
vt 0.2740 0.8405
vt 0.3972 0.8405
vt 0.3891 0.8405
vt 0.1242 0.8405
vt 0.1163 0.8405
vt 0.5557 0.8405
vt 0.5477 0.8405
vt 0.0536 0.8405
vt 0.6184 0.8266
vt 0.6184 0.8116
vt 0.6184 0.8405
vt 0.6106 0.8405
vt 0.1400 0.8405
vt 0.1322 0.8405
vt 0.5318 0.8405
vt 0.2984 0.8405
vt 0.2903 0.8405
vt 0.3728 0.8405
vt 0.1870 0.8405
vt 0.1792 0.8405
vt 0.4846 0.8405
vt 0.3313 0.8405
vt 0.3230 0.8405
vt 0.3480 0.8405
vt 0.3396 0.8405
vt 0.1557 0.8405
vt 0.1479 0.8405
vt 0.5161 0.8405
vt 0.1005 0.8405
vt 0.5636 0.8405
vt 0.3066 0.8405
vt 0.3563 0.8405
vt 0.1949 0.8405
vt 0.4689 0.8405
vt 0.2581 0.8405
vt 0.4051 0.8405
vt 0.1636 0.8405
vt 0.0926 0.8670
vt 0.0848 0.8670
vt 0.5872 0.8670
vt 0.5794 0.8670
vt 0.2349 0.8670
vt 0.2270 0.8670
vt 0.4448 0.8670
vt 0.4367 0.8670
vt 0.2504 0.8670
vt 0.2427 0.8670
vt 0.4208 0.8670
vt 0.2110 0.8670
vt 0.4609 0.8670
vt 0.4528 0.8670
vt 0.0691 0.8670
vt 0.6028 0.8670
vt 0.5950 0.8670
vt 0.2821 0.8670
vt 0.2740 0.8670
vt 0.3972 0.8670
vt 0.3891 0.8670
vt 0.1242 0.8670
vt 0.1163 0.8670
vt 0.5557 0.8670
vt 0.5477 0.8670
vt 0.0536 0.8670
vt 0.6184 0.8539
vt 0.6184 0.8670
vt 0.6106 0.8670
vt 0.1400 0.8670
vt 0.1322 0.8670
vt 0.5318 0.8670
vt 0.2984 0.8670
vt 0.2903 0.8670
vt 0.3728 0.8670
vt 0.1870 0.8670
vt 0.1792 0.8670
vt 0.4925 0.8670
vt 0.4846 0.8670
vt 0.3313 0.8670
vt 0.3230 0.8670
vt 0.3480 0.8670
vt 0.3396 0.8670
vt 0.1557 0.8670
vt 0.1479 0.8670
vt 0.5161 0.8670
vt 0.1005 0.8670
vt 0.5636 0.8670
vt 0.3066 0.8670
vt 0.3563 0.8670
vt 0.1949 0.8670
vt 0.4689 0.8670
vt 0.2581 0.8670
vt 0.4051 0.8670
vt 0.1636 0.8670
vt 0.5004 0.8670
vt 0.5872 0.8926
vt 0.5794 0.8926
vt 0.5715 0.8926
vt 0.2349 0.8926
vt 0.2270 0.8926
vt 0.2190 0.8926
vt 0.4448 0.8926
vt 0.4367 0.8926
vt 0.4288 0.8926
vt 0.2504 0.8926
vt 0.2427 0.8926
vt 0.4208 0.8926
vt 0.4129 0.8926
vt 0.2110 0.8926
vt 0.2029 0.8926
vt 0.4609 0.8926
vt 0.4528 0.8926
vt 0.0769 0.8926
vt 0.0691 0.8926
vt 0.0613 0.8926
vt 0.6028 0.8926
vt 0.5950 0.8926
vt 0.2821 0.8926
vt 0.2740 0.8926
vt 0.2660 0.8926
vt 0.3972 0.8926
vt 0.3891 0.8926
vt 0.3810 0.8926
vt 0.1242 0.8926
vt 0.1163 0.8926
vt 0.1084 0.8926
vt 0.5557 0.8926
vt 0.5477 0.8926
vt 0.5398 0.8926
vt 0.0536 0.8926
vt 0.0458 0.8926
vt 0.6184 0.8800
vt 0.6184 0.8926
vt 0.6106 0.8926
vt 0.1400 0.8926
vt 0.1322 0.8926
vt 0.5318 0.8926
vt 0.5239 0.8926
vt 0.2984 0.8926
vt 0.2903 0.8926
vt 0.3728 0.8926
vt 0.3646 0.8926
vt 0.1870 0.8926
vt 0.1792 0.8926
vt 0.1714 0.8926
vt 0.4925 0.8926
vt 0.4846 0.8926
vt 0.4768 0.8926
vt 0.3313 0.8926
vt 0.3230 0.8926
vt 0.3148 0.8926
vt 0.3480 0.8926
vt 0.3396 0.8926
vt 0.1557 0.8926
vt 0.1479 0.8926
vt 0.5161 0.8926
vt 0.5082 0.8926
vt 0.1005 0.8926
vt 0.0926 0.8926
vt 0.5636 0.8926
vt 0.3066 0.8926
vt 0.3563 0.8926
vt 0.1949 0.8926
vt 0.4689 0.8926
vt 0.2581 0.8926
vt 0.4051 0.8926
vt 0.1636 0.8926
vt 0.5004 0.8926
vt 0.0848 0.8926
vt 0.2427 0.9375
vt 0.2345 0.9375
vt 0.4519 0.9375
vt 0.4436 0.9375
vt 0.2586 0.9375
vt 0.2508 0.9375
vt 0.4270 0.9375
vt 0.2177 0.9375
vt 0.4685 0.9375
vt 0.4602 0.9375
vt 0.0758 0.9375
vt 0.0678 0.9375
vt 0.6152 0.9375
vt 0.6073 0.9375
vt 0.2902 0.9375
vt 0.2822 0.9375
vt 0.4030 0.9375
vt 0.3950 0.9375
vt 0.1261 0.9375
vt 0.1175 0.9375
vt 0.5680 0.9375
vt 0.5602 0.9375
vt 0.0519 0.9375
vt 0.6309 0.9223
vt 0.6309 0.9063
vt 0.6309 0.9375
vt 0.6230 0.9375
vt 0.1431 0.9375
vt 0.1347 0.9375
vt 0.5445 0.9375
vt 0.3062 0.9375
vt 0.2982 0.9375
vt 0.3789 0.9375
vt 0.1921 0.9375
vt 0.1838 0.9375
vt 0.5026 0.9375
vt 0.4938 0.9375
vt 0.3385 0.9375
vt 0.3305 0.9375
vt 0.3547 0.9375
vt 0.3466 0.9375
vt 0.1593 0.9375
vt 0.1513 0.9375
vt 0.5283 0.9375
vt 0.1004 0.9375
vt 0.5836 0.9375
vt 0.5757 0.9375
vt 0.3143 0.9375
vt 0.3628 0.9375
vt 0.2004 0.9375
vt 0.4769 0.9375
vt 0.2664 0.9375
vt 0.4109 0.9375
vt 0.1674 0.9375
vt 0.5113 0.9375
vt 0.0839 0.9375
vt 0.5916 0.9375
vt 0.2586 0.9658
vt 0.2508 0.9658
vt 0.4353 0.9658
vt 0.4270 0.9658
vt 0.2262 0.9658
vt 0.2177 0.9658
vt 0.4685 0.9658
vt 0.4602 0.9658
vt 0.0758 0.9658
vt 0.0678 0.9658
vt 0.6152 0.9658
vt 0.6073 0.9658
vt 0.2902 0.9658
vt 0.2822 0.9658
vt 0.4030 0.9658
vt 0.3950 0.9658
vt 0.1261 0.9658
vt 0.1175 0.9658
vt 0.5680 0.9658
vt 0.5602 0.9658
vt 0.0519 0.9658
vt 0.6309 0.9520
vt 0.6309 0.9658
vt 0.6230 0.9658
vt 0.1431 0.9658
vt 0.1347 0.9658
vt 0.5445 0.9658
vt 0.3062 0.9658
vt 0.2982 0.9658
vt 0.3789 0.9658
vt 0.1921 0.9658
vt 0.1838 0.9658
vt 0.5026 0.9658
vt 0.4938 0.9658
vt 0.3385 0.9658
vt 0.3305 0.9658
vt 0.3547 0.9658
vt 0.3466 0.9658
vt 0.1593 0.9658
vt 0.1513 0.9658
vt 0.5283 0.9658
vt 0.1004 0.9658
vt 0.5836 0.9658
vt 0.5757 0.9658
vt 0.3143 0.9658
vt 0.3628 0.9658
vt 0.2004 0.9658
vt 0.4769 0.9658
vt 0.2664 0.9658
vt 0.4109 0.9658
vt 0.1674 0.9658
vt 0.5113 0.9658
vt 0.0839 0.9658
vt 0.5916 0.9658
vt 0.2345 0.9658
vt 0.4436 0.9658
vt 0.2586 0.9916
vt 0.2508 0.9916
vt 0.2427 0.9916
vt 0.4353 0.9916
vt 0.4270 0.9916
vt 0.4189 0.9916
vt 0.2262 0.9916
vt 0.2177 0.9916
vt 0.2090 0.9916
vt 0.4685 0.9916
vt 0.4602 0.9916
vt 0.4519 0.9916
vt 0.0758 0.9916
vt 0.0678 0.9916
vt 0.0599 0.9916
vt 0.6152 0.9916
vt 0.6073 0.9916
vt 0.5995 0.9916
vt 0.2902 0.9916
vt 0.2822 0.9916
vt 0.2743 0.9916
vt 0.4030 0.9916
vt 0.3950 0.9916
vt 0.3870 0.9916
vt 0.1261 0.9916
vt 0.1175 0.9916
vt 0.1089 0.9916
vt 0.5680 0.9916
vt 0.5602 0.9916
vt 0.5525 0.9916
vt 0.0519 0.9916
vt 0.0440 0.9916
vt 0.6309 0.9789
vt 0.6309 0.9916
vt 0.6230 0.9916
vt 0.1431 0.9916
vt 0.1347 0.9916
vt 0.5445 0.9916
vt 0.5364 0.9916
vt 0.3062 0.9916
vt 0.2982 0.9916
vt 0.3789 0.9916
vt 0.3709 0.9916
vt 0.1921 0.9916
vt 0.1838 0.9916
vt 0.1756 0.9916
vt 0.5026 0.9916
vt 0.4938 0.9916
vt 0.4852 0.9916
vt 0.3385 0.9916
vt 0.3305 0.9916
vt 0.3224 0.9916
vt 0.3547 0.9916
vt 0.3466 0.9916
vt 0.1593 0.9916
vt 0.1513 0.9916
vt 0.5283 0.9916
vt 0.5199 0.9916
vt 0.1004 0.9916
vt 0.0921 0.9916
vt 0.5836 0.9916
vt 0.5757 0.9916
vt 0.3143 0.9916
vt 0.3628 0.9916
vt 0.2004 0.9916
vt 0.4769 0.9916
vt 0.2664 0.9916
vt 0.4109 0.9916
vt 0.1674 0.9916
vt 0.5113 0.9916
vt 0.0839 0.9916
vt 0.5916 0.9916
vt 0.2345 0.9916
vt 0.4436 0.9916
vt 0.2140 0.5849
vt 0.2072 0.5849
vt 0.3367 0.5849
vt 0.3299 0.5849
vt 0.1321 0.5849
vt 0.1254 0.5849
vt 0.4200 0.5849
vt 0.4127 0.5849
vt 0.0661 0.5849
vt 0.0601 0.5849
vt 0.4834 0.5849
vt 0.4775 0.5849
vt 0.1870 0.5849
vt 0.1803 0.5849
vt 0.3642 0.5849
vt 0.3573 0.5849
vt 0.1937 0.5849
vt 0.3435 0.5849
vt 0.1666 0.5849
vt 0.3779 0.5849
vt 0.3710 0.5849
vt 0.0483 0.5849
vt 0.4949 0.5849
vt 0.4892 0.5849
vt 0.2277 0.5849
vt 0.2208 0.5849
vt 0.3161 0.5849
vt 0.0917 0.5849
vt 0.0852 0.5849
vt 0.4596 0.5849
vt 0.4536 0.5849
vt 0.0368 0.5849
vt 0.5064 0.5671
vt 0.5064 0.5491
vt 0.5064 0.5849
vt 0.5007 0.5849
vt 0.1052 0.5849
vt 0.0984 0.5849
vt 0.4409 0.5849
vt 0.2413 0.5849
vt 0.2345 0.5849
vt 0.3023 0.5849
vt 0.1457 0.5849
vt 0.1389 0.5849
vt 0.3985 0.5849
vt 0.2684 0.5849
vt 0.2617 0.5849
vt 0.2820 0.5849
vt 0.2752 0.5849
vt 0.1120 0.5849
vt 0.4271 0.5849
vt 0.0724 0.5849
vt 0.4655 0.5849
vt 0.2481 0.5849
vt 0.2887 0.5849
vt 0.1525 0.5849
vt 0.3847 0.5849
vt 0.4715 0.6203
vt 0.1187 0.6203
vt 0.1120 0.6203
vt 0.1052 0.6203
vt 0.4341 0.6203
vt 0.4271 0.6203
vt 0.4200 0.6203
vt 0.0661 0.6203
vt 0.0601 0.6203
vt 0.2820 0.6203
vt 0.2752 0.6203
vt 0.2684 0.6203
vt 0.1735 0.6203
vt 0.1666 0.6203
vt 0.2549 0.6203
vt 0.2481 0.6203
vt 0.2413 0.6203
vt 0.4655 0.6203
vt 0.2277 0.6203
vt 0.2208 0.6203
vt 0.2140 0.6203
vt 0.3230 0.6203
vt 0.3161 0.6203
vt 0.3092 0.6203
vt 0.1525 0.6203
vt 0.4127 0.6203
vt 0.3779 0.6203
vt 0.3642 0.6203
vt 0.3573 0.6203
vt 0.0787 0.6203
vt 0.2955 0.6203
vt 0.2887 0.6203
vt 0.2345 0.6203
vt 0.0483 0.6203
vt 0.3023 0.6203
vt 0.0984 0.6203
vt 0.1389 0.6203
vt 0.5064 0.6026
vt 0.4949 0.6203
vt 0.2005 0.6203
vt 0.1937 0.6203
vt 0.3435 0.6203
vt 0.3367 0.6203
vt 0.0368 0.6203
vt 0.4536 0.6203
vt 0.2072 0.6203
vt 0.2617 0.6203
vt 0.3299 0.6203
vt 0.3985 0.6531
vt 0.4055 0.6531
vt 0.3916 0.6531
vt 0.3916 0.6361
vt 0.3710 0.6531
vt 0.3779 0.6531
vt 0.3642 0.6531
vt 0.3642 0.6361
vt 0.5007 0.6531
vt 0.5064 0.6531
vt 0.4949 0.6531
vt 0.4949 0.6361
vt 0.2887 0.6361
vt 0.2820 0.6361
vt 0.2955 0.6361
vt 0.2752 0.6361
vt 0.2684 0.6361
vt 0.3092 0.6531
vt 0.3092 0.6545
vt 0.3023 0.6545
vt 0.3023 0.6531
vt 0.4892 0.6531
vt 0.4834 0.6531
vt 0.4834 0.6361
vt 0.0917 0.6545
vt 0.0917 0.6531
vt 0.3023 0.6361
vt 0.3092 0.6361
vt 0.3161 0.6361
vt 0.3230 0.6361
vt 0.2752 0.6531
vt 0.2752 0.6545
vt 0.2684 0.6545
vt 0.2684 0.6531
vt 0.3299 0.6361
vt 0.3367 0.6361
vt 0.0852 0.6545
vt 0.0852 0.6531
vt 0.3435 0.6361
vt 0.3573 0.6531
vt 0.3504 0.6531
vt 0.3847 0.6531
vt 0.4200 0.6361
vt 0.4200 0.6531
vt 0.4127 0.6531
vt 0.2887 0.6531
vt 0.2887 0.6545
vt 0.2820 0.6545
vt 0.2820 0.6531
vt 0.4271 0.6361
vt 0.4341 0.6361
vt 0.4409 0.6531
vt 0.4474 0.6531
vt 0.4341 0.6531
vt 0.4341 0.6361
vt 0.4596 0.6531
vt 0.4536 0.6531
vt 0.4715 0.6361
vt 0.4715 0.6531
vt 0.4655 0.6531
vt 0.4775 0.6531
vt 0.1457 0.6531
vt 0.1389 0.6531
vt 0.1321 0.6531
vt 0.1735 0.6361
vt 0.1735 0.6531
vt 0.1666 0.6531
vt 0.1595 0.6531
vt 0.0787 0.6545
vt 0.0787 0.6531
vt 0.2481 0.6361
vt 0.2413 0.6361
vt 0.2549 0.6361
vt 0.0542 0.6531
vt 0.0483 0.6531
vt 0.0425 0.6531
vt 0.2617 0.6361
vt 0.2345 0.6361
vt 0.2277 0.6361
vt 0.3985 0.6545
vt 0.4055 0.6545
vt 0.2208 0.6361
vt 0.2140 0.6361
vt 0.0724 0.6545
vt 0.0724 0.6531
vt 0.2072 0.6361
vt 0.2005 0.6361
vt 0.3916 0.6545
vt 0.1937 0.6361
vt 0.0661 0.6545
vt 0.0661 0.6531
vt 0.1803 0.6531
vt 0.1870 0.6531
vt 0.1525 0.6531
vt 0.1187 0.6361
vt 0.1120 0.6361
vt 0.1052 0.6361
vt 0.3710 0.6545
vt 0.3779 0.6545
vt 0.0787 0.6361
vt 0.0661 0.6361
vt 0.0601 0.6531
vt 0.0368 0.6531
vt 0.0311 0.6531
vt 0.5993 0.3742
vt 0.5862 0.3742
vt 0.1048 0.3742
vt 0.0932 0.3742
vt 0.2959 0.3742
vt 0.2830 0.3742
vt 0.8711 0.3742
vt 0.8616 0.3742
vt 0.7285 0.3742
vt 0.7141 0.3742
vt 0.6819 0.3742
vt 0.6641 0.3742
vt 0.4224 0.3742
vt 0.4131 0.3742
vt 0.7673 0.3742
vt 0.7552 0.3742
vt 0.6485 0.3742
vt 0.6330 0.3742
vt 0.4315 0.3742
vt 0.6994 0.3742
vt 0.1674 0.3742
vt 0.1536 0.3742
vt 0.3086 0.3742
vt 0.8426 0.3742
vt 0.8331 0.3742
vt 0.1821 0.3742
vt 0.4955 0.3742
vt 0.4866 0.3742
vt 0.5138 0.3742
vt 0.5048 0.3742
vt 0.1264 0.3742
vt 0.1152 0.3742
vt 0.5736 0.3742
vt 0.5341 0.3742
vt 0.5244 0.3742
vt 0.4589 0.3742
vt 0.4498 0.3742
vt 0.4684 0.3742
vt 0.5452 0.3742
vt 0.0532 0.3742
vt 0.0437 0.3742
vt 0.2668 0.3742
vt 0.2494 0.3742
vt 0.8233 0.3742
vt 0.8131 0.3742
vt 0.0241 0.3742
vt 0.0147 0.3742
vt 0.6157 0.3742
vt 0.7787 0.3742
vt 0.3580 0.3742
vt 0.3488 0.3742
vt 0.8022 0.3742
vt 0.7909 0.3742
vt 0.7422 0.3742
vt 0.3768 0.3742
vt 0.3681 0.3742
vt 0.3375 0.3742
vt 0.1393 0.3742
vt 0.0826 0.3742
vt 0.8521 0.3742
vt 0.2002 0.3742
vt 0.0726 0.3742
vt 0.0632 0.3742
vt 0.4042 0.3742
vt 0.3950 0.3742
vt 0.4407 0.3742
vt 0.2188 0.3742
vt 0.5591 0.3742
vt 0.0339 0.3742
vt 0.3861 0.3742
vt 0.3235 0.3742
vt 0.4774 0.3742
vt 0.2343 0.3742
vt 0.4589 0.5386
vt 0.4498 0.5386
vt 0.1152 0.5351
vt 0.1048 0.5351
vt 0.0932 0.5351
vt 0.0932 0.5386
vt 0.7909 0.5386
vt 0.8711 0.5386
vt 0.8711 0.5351
vt 0.8616 0.5351
vt 0.8616 0.5386
vt 0.8521 0.5351
vt 0.0532 0.5386
vt 0.0532 0.5351
vt 0.0437 0.5351
vt 0.0437 0.5386
vt 0.0339 0.5351
vt 0.7141 0.5386
vt 0.4224 0.5386
vt 0.4224 0.5351
vt 0.4131 0.5351
vt 0.4131 0.5386
vt 0.4042 0.5351
vt 0.4955 0.5386
vt 0.6485 0.5351
vt 0.6330 0.5351
vt 0.4315 0.5351
vt 0.7673 0.5386
vt 0.7552 0.5386
vt 0.0241 0.5351
vt 0.0241 0.5386
vt 0.0147 0.5351
vt 0.0147 0.5386
vt 0.3235 0.5351
vt 0.3086 0.5351
vt 0.2959 0.5351
vt 0.2959 0.5386
vt 0.3861 0.5386
vt 0.3768 0.5386
vt 0.3681 0.5386
vt 0.6994 0.5351
vt 0.6994 0.5386
vt 0.6819 0.5351
vt 0.6819 0.5386
vt 0.4866 0.5386
vt 0.3488 0.5386
vt 0.3488 0.5351
vt 0.3375 0.5351
vt 0.3375 0.5386
vt 0.5591 0.5351
vt 0.5452 0.5351
vt 0.0826 0.5351
vt 0.0826 0.5386
vt 0.0726 0.5351
vt 0.0726 0.5386
vt 0.4684 0.5351
vt 0.0632 0.5351
vt 0.0632 0.5386
vt 0.2668 0.5351
vt 0.2494 0.5351
vt 0.2343 0.5351
vt 0.3950 0.5386
vt 0.3580 0.5351
vt 0.3580 0.5386
vt 0.2830 0.5351
vt 0.2188 0.5386
vt 0.6641 0.5351
vt 0.1264 0.5351
vt 0.8426 0.5386
vt 0.0241 0.5390
vt 0.7552 0.5390
vt 0.7673 0.5390
vt 0.3861 0.5390
vt 0.3768 0.5390
vt 0.6994 0.5390
vt 0.3375 0.5390
vt 0.0532 0.5390
vt 0.0826 0.5390
vt 0.0726 0.5390
vt 0.0632 0.5390
vt 0.7141 0.5390
vt 0.3950 0.5390
vt 0.8426 0.5390
vt 0.0147 0.5390
vt 0.3681 0.5390
vt 0.0932 0.5390
vt 0.8711 0.5390
vt 0.4955 0.5390
vt 0.4224 0.5390
vt 0.5060 0.7263
vt 0.5117 0.7263
vt 0.5117 0.7303
vt 0.5060 0.7303
vt 0.1784 0.7263
vt 0.1853 0.7263
vt 0.1853 0.7303
vt 0.1784 0.7303
vt 0.0531 0.7263
vt 0.0590 0.7263
vt 0.0590 0.7303
vt 0.0531 0.7303
vt 0.0836 0.7263
vt 0.0901 0.7263
vt 0.0901 0.7303
vt 0.0836 0.7303
vt 0.1101 0.7263
vt 0.1169 0.7263
vt 0.1169 0.7303
vt 0.1101 0.7303
vt 0.1033 0.7263
vt 0.1033 0.7303
vt 0.3830 0.7263
vt 0.3899 0.7263
vt 0.3899 0.7303
vt 0.3830 0.7303
vt 0.4887 0.7263
vt 0.4945 0.7263
vt 0.4945 0.7303
vt 0.4887 0.7303
vt 0.0710 0.7263
vt 0.0772 0.7263
vt 0.0772 0.7303
vt 0.0710 0.7303
vt 0.1715 0.7263
vt 0.1715 0.7303
vt 0.2054 0.7263
vt 0.2122 0.7263
vt 0.2122 0.7303
vt 0.2054 0.7303
vt 0.2395 0.7263
vt 0.2463 0.7263
vt 0.2463 0.7303
vt 0.2395 0.7303
vt 0.0649 0.7263
vt 0.0649 0.7303
vt 0.3418 0.7263
vt 0.3487 0.7263
vt 0.3487 0.7303
vt 0.3418 0.7303
vt 0.1919 0.7263
vt 0.1919 0.7303
vt 0.3693 0.7263
vt 0.3762 0.7263
vt 0.3762 0.7303
vt 0.3693 0.7303
vt 0.2599 0.7263
vt 0.2667 0.7263
vt 0.2667 0.7303
vt 0.2599 0.7303
vt 0.4323 0.7263
vt 0.4393 0.7263
vt 0.4393 0.7303
vt 0.4323 0.7303
vt 0.1575 0.7263
vt 0.1645 0.7263
vt 0.1645 0.7303
vt 0.1575 0.7303
vt 0.0966 0.7263
vt 0.0966 0.7303
vt 0.1236 0.7263
vt 0.1236 0.7303
vt 0.3625 0.7263
vt 0.3625 0.7303
vt 0.3968 0.7263
vt 0.3968 0.7303
vt 0.4828 0.7263
vt 0.4828 0.7303
vt 0.4461 0.7263
vt 0.4461 0.7303
vt 0.3556 0.7263
vt 0.3556 0.7303
vt 0.1303 0.7263
vt 0.1370 0.7263
vt 0.1370 0.7303
vt 0.1303 0.7303
vt 0.4708 0.7263
vt 0.4768 0.7263
vt 0.4768 0.7303
vt 0.4708 0.7303
vt 0.3074 0.7263
vt 0.3143 0.7263
vt 0.3143 0.7303
vt 0.3074 0.7303
vt 0.3212 0.7263
vt 0.3281 0.7263
vt 0.3281 0.7303
vt 0.3212 0.7303
vt 0.2735 0.7263
vt 0.2735 0.7303
vt 0.4252 0.7263
vt 0.4252 0.7303
vt 0.1506 0.7263
vt 0.1506 0.7303
vt 0.1438 0.7263
vt 0.1438 0.7303
vt 0.4107 0.7263
vt 0.4179 0.7263
vt 0.4179 0.7303
vt 0.4107 0.7303
vt 0.0416 0.7263
vt 0.0473 0.7263
vt 0.0473 0.7303
vt 0.0416 0.7303
vt 0.3350 0.7263
vt 0.3350 0.7303
vt 0.4526 0.7263
vt 0.4526 0.7303
vt 0.2531 0.7263
vt 0.2531 0.7303
vt 0.1986 0.7263
vt 0.1986 0.7303
vt 0.4648 0.7263
vt 0.4648 0.7303
vt 0.2190 0.7263
vt 0.2258 0.7263
vt 0.2258 0.7303
vt 0.2190 0.7303
vt 0.3006 0.7263
vt 0.3006 0.7303
vt 0.2803 0.7263
vt 0.2870 0.7263
vt 0.2870 0.7303
vt 0.2803 0.7303
vt 0.4037 0.7263
vt 0.4037 0.7303
vt 0.2938 0.7263
vt 0.2938 0.7303
vt 0.4588 0.7263
vt 0.4588 0.7303
vt 0.0359 0.7263
vt 0.0359 0.7303
vt 0.5002 0.7263
vt 0.5002 0.7303
vt 0.2327 0.7263
vt 0.2327 0.7303
vt 0.3968 0.7345
vt 0.4037 0.7345
vt 0.4037 0.7386
vt 0.3968 0.7386
vt 0.2667 0.7345
vt 0.2735 0.7345
vt 0.2735 0.7386
vt 0.2667 0.7386
vt 0.0473 0.7345
vt 0.0531 0.7345
vt 0.0531 0.7386
vt 0.0473 0.7386
vt 0.3487 0.7345
vt 0.3556 0.7345
vt 0.3556 0.7386
vt 0.3487 0.7386
vt 0.2463 0.7345
vt 0.2531 0.7345
vt 0.2531 0.7386
vt 0.2463 0.7386
vt 0.1033 0.7345
vt 0.1101 0.7345
vt 0.1101 0.7386
vt 0.1033 0.7386
vt 0.3625 0.7345
vt 0.3625 0.7386
vt 0.2803 0.7345
vt 0.2803 0.7386
vt 0.0710 0.7345
vt 0.0772 0.7345
vt 0.0772 0.7386
vt 0.0710 0.7386
vt 0.3143 0.7345
vt 0.3212 0.7345
vt 0.3212 0.7386
vt 0.3143 0.7386
vt 0.2054 0.7345
vt 0.2122 0.7345
vt 0.2122 0.7386
vt 0.2054 0.7386
vt 0.0590 0.7345
vt 0.0649 0.7345
vt 0.0649 0.7386
vt 0.0590 0.7386
vt 0.4179 0.7345
vt 0.4252 0.7345
vt 0.4252 0.7386
vt 0.4179 0.7386
vt 0.0901 0.7345
vt 0.0966 0.7345
vt 0.0966 0.7386
vt 0.0901 0.7386
vt 0.1169 0.7345
vt 0.1169 0.7386
vt 0.4323 0.7345
vt 0.4323 0.7386
vt 0.1645 0.7345
vt 0.1715 0.7345
vt 0.1715 0.7386
vt 0.1645 0.7386
vt 0.1303 0.7345
vt 0.1370 0.7345
vt 0.1370 0.7386
vt 0.1303 0.7386
vt 0.4768 0.7345
vt 0.4828 0.7345
vt 0.4828 0.7386
vt 0.4768 0.7386
vt 0.1506 0.7345
vt 0.1575 0.7345
vt 0.1575 0.7386
vt 0.1506 0.7386
vt 0.1986 0.7345
vt 0.1986 0.7386
vt 0.4648 0.7345
vt 0.4708 0.7345
vt 0.4708 0.7386
vt 0.4648 0.7386
vt 0.1438 0.7345
vt 0.1438 0.7386
vt 0.2327 0.7345
vt 0.2395 0.7345
vt 0.2395 0.7386
vt 0.2327 0.7386
vt 0.4526 0.7345
vt 0.4588 0.7345
vt 0.4588 0.7386
vt 0.4526 0.7386
vt 0.0359 0.7345
vt 0.0416 0.7345
vt 0.0416 0.7386
vt 0.0359 0.7386
vt 0.1784 0.7345
vt 0.1853 0.7345
vt 0.1853 0.7386
vt 0.1784 0.7386
vt 0.2258 0.7345
vt 0.2258 0.7386
vt 0.2870 0.7345
vt 0.2938 0.7345
vt 0.2938 0.7386
vt 0.2870 0.7386
vt 0.4945 0.7345
vt 0.5002 0.7345
vt 0.5002 0.7386
vt 0.4945 0.7386
vt 0.3830 0.7345
vt 0.3899 0.7345
vt 0.3899 0.7386
vt 0.3830 0.7386
vt 0.0836 0.7345
vt 0.0836 0.7386
vt 0.3693 0.7345
vt 0.3762 0.7345
vt 0.3762 0.7386
vt 0.3693 0.7386
vt 0.4393 0.7345
vt 0.4461 0.7345
vt 0.4461 0.7386
vt 0.4393 0.7386
vt 0.1236 0.7345
vt 0.1236 0.7386
vt 0.3074 0.7345
vt 0.3074 0.7386
vt 0.3281 0.7345
vt 0.3350 0.7345
vt 0.3350 0.7386
vt 0.3281 0.7386
vt 0.5060 0.7345
vt 0.5060 0.7386
vt 0.1919 0.7345
vt 0.1919 0.7386
vt 0.4107 0.7345
vt 0.4107 0.7386
vt 0.2599 0.7345
vt 0.2599 0.7386
vt 0.3418 0.7345
vt 0.3418 0.7386
vt 0.3006 0.7345
vt 0.3006 0.7386
vt 0.2190 0.7345
vt 0.2190 0.7386
vt 0.4887 0.7345
vt 0.4887 0.7386
vt 0.5117 0.7345
vt 0.5117 0.7386
vt 0.2463 0.7447
vt 0.2395 0.7447
vt 0.3487 0.7447
vt 0.3418 0.7447
vt 0.1919 0.7447
vt 0.1853 0.7447
vt 0.3693 0.7447
vt 0.3625 0.7447
vt 0.3006 0.7447
vt 0.2938 0.7447
vt 0.3281 0.7447
vt 0.3212 0.7447
vt 0.5060 0.7447
vt 0.5002 0.7447
vt 0.4945 0.7447
vt 0.4887 0.7447
vt 0.4179 0.7447
vt 0.4107 0.7447
vt 0.2667 0.7447
vt 0.2599 0.7447
vt 0.3968 0.7447
vt 0.3899 0.7447
vt 0.4393 0.7447
vt 0.4323 0.7447
vt 0.2531 0.7447
vt 0.3830 0.7447
vt 0.3762 0.7447
vt 0.4828 0.7447
vt 0.2870 0.7447
vt 0.2803 0.7447
vt 0.4526 0.7447
vt 0.4461 0.7447
vt 0.4768 0.7447
vt 0.4708 0.7447
vt 0.2190 0.7447
vt 0.2122 0.7447
vt 0.3074 0.7447
vt 0.4648 0.7447
vt 0.4588 0.7447
vt 0.0901 0.7447
vt 0.0836 0.7447
vt 0.3350 0.7447
vt 0.5117 0.7447
vt 0.1784 0.7447
vt 0.1715 0.7447
vt 0.4037 0.7447
vt 0.2735 0.7447
vt 0.1645 0.7447
vt 0.1575 0.7447
vt 0.3556 0.7447
vt 0.1438 0.7447
vt 0.1370 0.7447
vt 0.0473 0.7447
vt 0.0416 0.7447
vt 0.3143 0.7447
vt 0.2054 0.7447
vt 0.2258 0.7447
vt 0.4252 0.7447
vt 0.0966 0.7447
vt 0.0531 0.7447
vt 0.1101 0.7447
vt 0.1033 0.7447
vt 0.1506 0.7447
vt 0.0772 0.7447
vt 0.0710 0.7447
vt 0.0649 0.7447
vt 0.0590 0.7447
vt 0.2327 0.7447
vt 0.0359 0.7447
vt 0.1169 0.7447
vt 0.1303 0.7447
vt 0.1986 0.7447
vt 0.1236 0.7447
vt 0.2327 0.6926
vt 0.2395 0.6926
vt 0.2395 0.6957
vt 0.2327 0.6957
vt 0.2395 0.7116
vt 0.2327 0.7116
vt 0.2122 0.6926
vt 0.2190 0.6926
vt 0.2190 0.6957
vt 0.2122 0.6957
vt 0.2190 0.7116
vt 0.2122 0.7116
vt 0.4945 0.6926
vt 0.5002 0.6926
vt 0.5002 0.6957
vt 0.4945 0.6957
vt 0.5002 0.7116
vt 0.4945 0.7116
vt 0.4526 0.6926
vt 0.4588 0.6926
vt 0.4588 0.6957
vt 0.4526 0.6957
vt 0.4588 0.7116
vt 0.4526 0.7116
vt 0.2938 0.6926
vt 0.3006 0.6926
vt 0.3006 0.6957
vt 0.2938 0.6957
vt 0.3006 0.7116
vt 0.2938 0.7116
vt 0.3968 0.6926
vt 0.4037 0.6926
vt 0.4037 0.6957
vt 0.3968 0.6957
vt 0.4037 0.7116
vt 0.3968 0.7116
vt 0.2735 0.6926
vt 0.2803 0.6926
vt 0.2803 0.6957
vt 0.2735 0.6957
vt 0.2803 0.7116
vt 0.2735 0.7116
vt 0.0473 0.6926
vt 0.0531 0.6926
vt 0.0531 0.6957
vt 0.0473 0.6957
vt 0.0531 0.7116
vt 0.0473 0.7116
vt 0.2258 0.6926
vt 0.2258 0.6957
vt 0.2258 0.7116
vt 0.1919 0.6926
vt 0.1986 0.6926
vt 0.1986 0.6957
vt 0.1919 0.6957
vt 0.1986 0.7116
vt 0.1919 0.7116
vt 0.5060 0.6926
vt 0.5060 0.6957
vt 0.5060 0.7116
vt 0.2463 0.6926
vt 0.2531 0.6926
vt 0.2531 0.6957
vt 0.2463 0.6957
vt 0.2531 0.7116
vt 0.2463 0.7116
vt 0.0359 0.6926
vt 0.0416 0.6926
vt 0.0416 0.6957
vt 0.0359 0.6957
vt 0.0416 0.7116
vt 0.0359 0.7116
vt 0.3350 0.6926
vt 0.3418 0.6926
vt 0.3418 0.6957
vt 0.3350 0.6957
vt 0.3418 0.7116
vt 0.3350 0.7116
vt 0.4179 0.6926
vt 0.4252 0.6926
vt 0.4252 0.6957
vt 0.4179 0.6957
vt 0.4252 0.7116
vt 0.4179 0.7116
vt 0.4648 0.6926
vt 0.4648 0.6957
vt 0.4648 0.7116
vt 0.2870 0.6926
vt 0.2870 0.6957
vt 0.2870 0.7116
vt 0.1438 0.6926
vt 0.1506 0.6926
vt 0.1506 0.6957
vt 0.1438 0.6957
vt 0.1506 0.7116
vt 0.1438 0.7116
vt 0.4107 0.6926
vt 0.4107 0.6957
vt 0.4107 0.7116
vt 0.3143 0.6926
vt 0.3212 0.6926
vt 0.3212 0.6957
vt 0.3143 0.6957
vt 0.3212 0.7116
vt 0.3143 0.7116
vt 0.3074 0.6926
vt 0.3074 0.6957
vt 0.3074 0.7116
vt 0.4708 0.6926
vt 0.4708 0.6957
vt 0.4708 0.7116
vt 0.1236 0.6926
vt 0.1303 0.6926
vt 0.1303 0.6957
vt 0.1236 0.6957
vt 0.1303 0.7116
vt 0.1236 0.7116
vt 0.2054 0.6926
vt 0.2054 0.6957
vt 0.2054 0.7116
vt 0.2599 0.6926
vt 0.2599 0.6957
vt 0.2599 0.7116
vt 0.4461 0.6926
vt 0.4461 0.6957
vt 0.4461 0.7116
vt 0.3281 0.6926
vt 0.3281 0.6957
vt 0.3281 0.7116
vt 0.4768 0.6926
vt 0.4828 0.6926
vt 0.4828 0.6957
vt 0.4768 0.6957
vt 0.4828 0.7116
vt 0.4768 0.7116
vt 0.3556 0.6926
vt 0.3625 0.6926
vt 0.3625 0.6957
vt 0.3556 0.6957
vt 0.3625 0.7116
vt 0.3556 0.7116
vt 0.1370 0.6926
vt 0.1370 0.6957
vt 0.1370 0.7116
vt 0.1575 0.6926
vt 0.1575 0.6957
vt 0.1575 0.7116
vt 0.4323 0.6926
vt 0.4323 0.6957
vt 0.4323 0.7116
vt 0.2667 0.6926
vt 0.2667 0.6957
vt 0.2667 0.7116
vt 0.3762 0.6926
vt 0.3830 0.6926
vt 0.3830 0.6957
vt 0.3762 0.6957
vt 0.3830 0.7116
vt 0.3762 0.7116
vt 0.3487 0.6926
vt 0.3487 0.6957
vt 0.3487 0.7116
vt 0.0649 0.6926
vt 0.0710 0.6926
vt 0.0710 0.6957
vt 0.0649 0.6957
vt 0.0710 0.7116
vt 0.0649 0.7116
vt 0.1645 0.6926
vt 0.1715 0.6926
vt 0.1715 0.6957
vt 0.1645 0.6957
vt 0.1715 0.7116
vt 0.1645 0.7116
vt 0.0772 0.6926
vt 0.0836 0.6926
vt 0.0836 0.6957
vt 0.0772 0.6957
vt 0.0836 0.7116
vt 0.0772 0.7116
vt 0.4393 0.6926
vt 0.4393 0.6957
vt 0.4393 0.7116
vt 0.4887 0.6926
vt 0.4887 0.6957
vt 0.4887 0.7116
vt 0.3899 0.6926
vt 0.3899 0.6957
vt 0.3899 0.7116
vt 0.0966 0.6926
vt 0.1033 0.6926
vt 0.1033 0.6957
vt 0.0966 0.6957
vt 0.1033 0.7116
vt 0.0966 0.7116
vt 0.3693 0.6926
vt 0.3693 0.6957
vt 0.3693 0.7116
vt 0.1169 0.6926
vt 0.1169 0.6957
vt 0.1169 0.7116
vt 0.0901 0.6926
vt 0.0901 0.6957
vt 0.0901 0.7116
vt 0.1853 0.6926
vt 0.1853 0.6957
vt 0.1853 0.7116
vt 0.0590 0.6926
vt 0.0590 0.6957
vt 0.0590 0.7116
vt 0.1784 0.6926
vt 0.1784 0.6957
vt 0.1784 0.7116
vt 0.1101 0.6926
vt 0.1101 0.6957
vt 0.1101 0.7116
vt 0.5117 0.6926
vt 0.5117 0.6957
vt 0.5117 0.7116
vt 0.0601 0.6545
vt 0.3642 0.6545
vt 0.0542 0.6545
vt 0.5007 0.6545
vt 0.5064 0.6545
vt 0.0425 0.6545
vt 0.0368 0.6545
vt 0.4949 0.6545
vt 0.2955 0.6531
vt 0.2955 0.6545
vt 0.4037 0.6915
vt 0.4037 0.6912
vt 0.4107 0.6912
vt 0.4107 0.6915
vt 0.4892 0.6545
vt 0.2005 0.6531
vt 0.1937 0.6531
vt 0.2140 0.6531
vt 0.2072 0.6531
vt 0.2277 0.6531
vt 0.2208 0.6531
vt 0.2413 0.6531
vt 0.2345 0.6531
vt 0.2617 0.6531
vt 0.2549 0.6531
vt 0.4834 0.6545
vt 0.2481 0.6531
vt 0.3573 0.6545
vt 0.4271 0.6531
vt 0.3847 0.6545
vt 0.4200 0.6545
vt 0.4127 0.6545
vt 0.4271 0.6545
vt 0.1525 0.6545
vt 0.1457 0.6545
vt 0.1595 0.6545
vt 0.1803 0.6545
vt 0.1735 0.6545
vt 0.1870 0.6545
vt 0.2005 0.6545
vt 0.1937 0.6545
vt 0.0483 0.6545
vt 0.2481 0.6545
vt 0.2413 0.6545
vt 0.1666 0.6545
vt 0.1389 0.6545
vt 0.4775 0.6545
vt 0.4715 0.6545
vt 0.4655 0.6545
vt 0.4596 0.6545
vt 0.4536 0.6545
vt 0.4474 0.6545
vt 0.4409 0.6545
vt 0.4341 0.6545
vt 0.2549 0.6545
vt 0.2617 0.6545
vt 0.2345 0.6545
vt 0.2277 0.6545
vt 0.2208 0.6545
vt 0.2140 0.6545
vt 0.2072 0.6545
vt 0.3968 0.6915
vt 0.3968 0.6912
vt 0.3830 0.6915
vt 0.3762 0.6915
vt 0.3762 0.6912
vt 0.3830 0.6912
vt 0.3693 0.6915
vt 0.3693 0.6912
vt 0.5060 0.6915
vt 0.5060 0.6912
vt 0.5117 0.6912
vt 0.5117 0.6915
vt 0.5002 0.6915
vt 0.5002 0.6912
vt 0.4945 0.6915
vt 0.4945 0.6912
vt 0.4887 0.6915
vt 0.4887 0.6912
vt 0.3625 0.6915
vt 0.3625 0.6912
vt 0.3556 0.6915
vt 0.3556 0.6912
vt 0.3899 0.6915
vt 0.3899 0.6912
vt 0.4179 0.6915
vt 0.4179 0.6912
vt 0.4252 0.6912
vt 0.4252 0.6915
vt 0.4461 0.6915
vt 0.4461 0.6912
vt 0.4526 0.6912
vt 0.4526 0.6915
vt 0.4393 0.6915
vt 0.4393 0.6912
vt 0.4588 0.6915
vt 0.4588 0.6912
vt 0.4648 0.6912
vt 0.4648 0.6915
vt 0.4708 0.6915
vt 0.4708 0.6912
vt 0.4768 0.6912
vt 0.4768 0.6915
vt 0.4828 0.6915
vt 0.4828 0.6912
vt 0.1438 0.6915
vt 0.1438 0.6912
vt 0.1506 0.6912
vt 0.1506 0.6915
vt 0.1370 0.6915
vt 0.1370 0.6912
vt 0.1715 0.6915
vt 0.1715 0.6912
vt 0.1784 0.6912
vt 0.1784 0.6915
vt 0.1645 0.6915
vt 0.1645 0.6912
vt 0.0531 0.6915
vt 0.0531 0.6912
vt 0.0590 0.6912
vt 0.0590 0.6915
vt 0.0473 0.6915
vt 0.0473 0.6912
vt 0.1919 0.6915
vt 0.1853 0.6915
vt 0.1853 0.6912
vt 0.1919 0.6912
vt 0.1575 0.6915
vt 0.1575 0.6912
vt 0.1303 0.6915
vt 0.1303 0.6912
vt 0.1236 0.6915
vt 0.1236 0.6912
vt 0.1033 0.6915
vt 0.1033 0.6912
vt 0.1101 0.6912
vt 0.1101 0.6915
vt 0.0966 0.6915
vt 0.0966 0.6912
vt 0.0901 0.6915
vt 0.0901 0.6912
vt 0.0836 0.6915
vt 0.0836 0.6912
vt 0.0772 0.6915
vt 0.0772 0.6912
vt 0.0710 0.6915
vt 0.0710 0.6912
vt 0.0649 0.6915
vt 0.0649 0.6912
vt 0.0416 0.6915
vt 0.0416 0.6912
vt 0.0359 0.6915
vt 0.0359 0.6912
vt 0.1236 0.6923
vt 0.1169 0.6923
vt 0.2054 0.6915
vt 0.1986 0.6915
vt 0.1986 0.6912
vt 0.2054 0.6912
vt 0.2190 0.6915
vt 0.2122 0.6915
vt 0.2122 0.6912
vt 0.2190 0.6912
vt 0.2327 0.6915
vt 0.2258 0.6915
vt 0.2258 0.6912
vt 0.2327 0.6912
vt 0.2463 0.6915
vt 0.2395 0.6915
vt 0.2395 0.6912
vt 0.2463 0.6912
vt 0.2667 0.6915
vt 0.2599 0.6915
vt 0.2599 0.6912
vt 0.2667 0.6912
vt 0.2531 0.6915
vt 0.2531 0.6912
vt 0.4323 0.6915
vt 0.4323 0.6912
vt 0.3487 0.6915
vt 0.3418 0.6915
vt 0.3418 0.6912
vt 0.3487 0.6912
vt 0.3350 0.6915
vt 0.3281 0.6915
vt 0.3281 0.6912
vt 0.3350 0.6912
vt 0.3212 0.6915
vt 0.3143 0.6915
vt 0.3143 0.6912
vt 0.3212 0.6912
vt 0.3074 0.6915
vt 0.3006 0.6915
vt 0.3006 0.6912
vt 0.3074 0.6912
vt 0.2870 0.6915
vt 0.2803 0.6915
vt 0.2803 0.6912
vt 0.2870 0.6912
vt 0.2938 0.6915
vt 0.2938 0.6912
vt 0.2735 0.6915
vt 0.2735 0.6912
vt 0.1169 0.6915
vt 0.1169 0.6912
vt 0.0311 0.6545
vt 0.1101 0.6923
vt 0.1101 0.6919
vt 0.1169 0.6919
vt 0.1919 0.6923
vt 0.1986 0.6923
vt 0.1919 0.6919
vt 0.1986 0.6919
vt 0.2054 0.6923
vt 0.2122 0.6923
vt 0.2054 0.6919
vt 0.2122 0.6919
vt 0.2190 0.6923
vt 0.2258 0.6923
vt 0.2190 0.6919
vt 0.2258 0.6919
vt 0.2327 0.6923
vt 0.2395 0.6923
vt 0.2327 0.6919
vt 0.2395 0.6919
vt 0.2667 0.6923
vt 0.2735 0.6923
vt 0.2667 0.6919
vt 0.2735 0.6919
vt 0.2531 0.6923
vt 0.2599 0.6923
vt 0.2531 0.6919
vt 0.2599 0.6919
vt 0.4323 0.6923
vt 0.4393 0.6923
vt 0.4323 0.6919
vt 0.4393 0.6919
vt 0.3487 0.6923
vt 0.3556 0.6923
vt 0.3487 0.6919
vt 0.3556 0.6919
vt 0.3350 0.6923
vt 0.3418 0.6923
vt 0.3350 0.6919
vt 0.3418 0.6919
vt 0.3212 0.6923
vt 0.3281 0.6923
vt 0.3212 0.6919
vt 0.3281 0.6919
vt 0.3074 0.6923
vt 0.3143 0.6923
vt 0.3074 0.6919
vt 0.3143 0.6919
vt 0.2803 0.6923
vt 0.2803 0.6919
vt 0.2870 0.6923
vt 0.2938 0.6923
vt 0.2870 0.6919
vt 0.2938 0.6919
vt 0.3006 0.6923
vt 0.3006 0.6919
vt 0.4252 0.6923
vt 0.4252 0.6919
vt 0.2463 0.6923
vt 0.2463 0.6919
vt 0.1236 0.6919
vt 0.0359 0.6923
vt 0.0416 0.6923
vt 0.0359 0.6919
vt 0.0416 0.6919
vt 0.0473 0.6923
vt 0.0473 0.6919
vt 0.0590 0.6923
vt 0.0649 0.6923
vt 0.0590 0.6919
vt 0.0649 0.6919
vt 0.0710 0.6923
vt 0.0710 0.6919
vt 0.0772 0.6923
vt 0.0772 0.6919
vt 0.0836 0.6923
vt 0.0836 0.6919
vt 0.0901 0.6923
vt 0.0901 0.6919
vt 0.0966 0.6923
vt 0.0966 0.6919
vt 0.1033 0.6923
vt 0.1033 0.6919
vt 0.1303 0.6923
vt 0.1303 0.6919
vt 0.1370 0.6923
vt 0.1370 0.6919
vt 0.1506 0.6923
vt 0.1575 0.6923
vt 0.1506 0.6919
vt 0.1575 0.6919
vt 0.1645 0.6923
vt 0.1645 0.6919
vt 0.1784 0.6923
vt 0.1853 0.6923
vt 0.1784 0.6919
vt 0.1853 0.6919
vt 0.0531 0.6923
vt 0.0531 0.6919
vt 0.1715 0.6923
vt 0.1715 0.6919
vt 0.1438 0.6923
vt 0.1438 0.6919
vt 0.4768 0.6923
vt 0.4828 0.6923
vt 0.4768 0.6919
vt 0.4828 0.6919
vt 0.4887 0.6923
vt 0.4887 0.6919
vt 0.4648 0.6923
vt 0.4708 0.6923
vt 0.4648 0.6919
vt 0.4708 0.6919
vt 0.4526 0.6923
vt 0.4588 0.6923
vt 0.4526 0.6919
vt 0.4588 0.6919
vt 0.4461 0.6923
vt 0.4461 0.6919
vt 0.4107 0.6923
vt 0.4179 0.6923
vt 0.4107 0.6919
vt 0.4179 0.6919
vt 0.3830 0.6923
vt 0.3899 0.6923
vt 0.3830 0.6919
vt 0.3899 0.6919
vt 0.3968 0.6923
vt 0.3968 0.6919
vt 0.3625 0.6923
vt 0.3625 0.6919
vt 0.3693 0.6923
vt 0.3693 0.6919
vt 0.4945 0.6923
vt 0.4945 0.6919
vt 0.5002 0.6923
vt 0.5002 0.6919
vt 0.5060 0.6923
vt 0.5060 0.6919
vt 0.5117 0.6923
vt 0.5117 0.6919
vt 0.3762 0.6923
vt 0.3762 0.6919
vt 0.4037 0.6923
vt 0.4037 0.6919
f 5472/1 1487/2 56/3 1765/4
f 5471/5 1533/6 21/7 1553/8
f 5470/9 1543/10 19/11 1515/12
f 5469/13 1540/14 18/15 1519/16
f 5468/17 1519/16 18/15 1517/18
f 6258/19 6203/20 6293/21 6284/22
f 5466/23 1604/24 29/25 1562/26
f 5465/27 1567/28 30/29 1706/30
f 5464/31 1728/32 26/33 1602/34
f 6225/35 6315/36 6276/37 6238/38
f 6265/39 6193/40 6258/19 6284/22
f 5458/41 1704/42 34/43 1516/44
f 6226/45 6316/46 6275/47 6237/48
f 5456/49 1569/50 32/51 1715/52
f 5455/53 1562/26 29/25 1726/54
f 5454/55 1662/56 55/57 1831/58
f 5453/59 1814/60 53/61 1664/62
f 5452/63 1806/64 52/65 1832/66
f 5451/67 1789/68 52/65 1806/64
f 5449/69 1813/70 65/71 1753/72
f 5448/73 1736/74 66/75 1850/76
f 5447/77 1851/78 62/79 1653/80
f 6193/40 6265/39 6333/81 6259/82
f 6217/83 6307/84 6274/85 6236/86
f 5442/87 1700/88 70/89 1632/90
f 6305/91 6334/92 6260/93 6215/94
f 5439/95 1699/96 56/97 1487/98
f 5438/99 1743/100 68/101 1762/102
f 5437/103 1642/104 65/71 1813/70
f 5436/105 1716/106 97/107 1975/108
f 5435/109 1828/110 89/111 1985/112
f 5434/113 1812/114 78/115 1680/116
f 5433/117 1759/118 91/119 1994/120
f 5432/121 1739/122 95/123 1997/124
f 5431/125 1462/126 76/127 1638/128
f 5430/129 1947/130 104/131 1702/132
f 5429/133 1745/134 94/135 1672/136
f 5428/137 1718/138 96/139 1970/140
f 5427/141 1800/142 81/143 1689/144
f 5426/145 1966/146 107/147 1665/148
f 5425/149 1943/150 102/151 1652/152
f 5424/153 1785/154 84/155 1658/156
f 5423/157 1482/158 74/159 1636/160
f 5422/161 1720/162 98/163 1686/164
f 5421/165 1817/166 88/167 1633/168
f 5420/169 1804/170 82/171 1683/172
f 5419/173 1963/174 108/175 1687/176
f 5418/177 1477/178 75/179 1654/180
f 5417/181 1945/182 105/183 1709/184
f 5416/185 1710/186 100/187 1685/188
f 5415/189 1788/190 86/191 1646/192
f 5414/193 1952/194 106/195 1697/196
f 5413/197 1951/198 103/199 1648/200
f 5412/201 1786/202 85/203 1980/204
f 5411/205 1938/206 101/207 1679/208
f 5410/209 1825/210 79/211 1678/212
f 5409/213 1731/214 92/215 1987/216
f 5408/217 1821/218 80/219 1634/220
f 5407/221 1807/222 87/223 1979/224
f 5406/225 1713/226 99/227 1681/228
f 5405/229 1463/230 77/231 1645/232
f 5404/233 1816/234 90/235 1651/236
f 5403/237 1792/238 83/239 1640/240
f 5402/241 1502/242 73/243 1643/244
f 5401/245 1735/246 93/247 1971/248
f 5400/249 1635/250 142/251 1776/252
f 5399/253 1663/254 121/255 1783/256
f 5398/257 1639/258 144/259 1766/260
f 5397/261 1992/262 116/263 1775/264
f 5396/265 1671/266 128/267 1755/268
f 5395/269 1964/270 112/271 1742/272
f 5394/273 1667/274 126/275 1833/276
f 5393/277 1976/278 119/279 1692/280
f 5392/281 1741/282 135/283 1768/284
f 5391/285 1690/286 125/287 1842/288
f 5390/289 1630/290 140/291 1760/292
f 5389/293 1977/294 120/295 1780/296
f 5388/297 1738/298 134/299 1758/300
f 5387/301 1974/302 118/303 1771/304
f 5386/305 1644/306 138/307 1840/308
f 5385/309 1962/310 110/311 1695/312
f 5384/313 1637/314 143/315 1849/316
f 5383/317 1647/318 131/319 1764/320
f 5382/321 1670/322 127/323 1763/324
f 5381/325 1968/326 111/327 1734/328
f 5380/329 1631/330 137/331 1749/332
f 5379/333 1990/334 115/335 1714/336
f 5378/337 1657/338 130/339 1844/340
f 5377/341 1661/342 124/343 1707/344
f 5376/345 1655/346 141/347 1778/348
f 5375/349 1660/350 123/351 1777/352
f 5374/353 1649/354 132/355 1752/356
f 5373/357 1984/358 117/359 1722/360
f 5372/361 1744/362 136/363 1770/364
f 5371/365 1675/366 122/367 1774/368
f 5370/369 1650/370 129/371 1756/372
f 5369/373 1995/374 113/375 1724/376
f 5368/377 1628/378 139/379 1835/380
f 5367/381 1958/382 109/383 1698/384
f 5366/385 1641/386 133/387 1864/388
f 5365/389 1998/390 114/391 1719/392
f 5364/393 1712/394 172/395 1614/396
f 5363/397 1854/398 158/399 1509/400
f 5362/401 1797/402 165/403 1469/404
f 5361/405 1669/406 149/407 1495/408
f 5360/409 1701/410 175/411 1555/412
f 5359/413 1684/414 145/415 1767/416
f 5358/417 1693/418 169/419 1593/420
f 5357/421 1666/422 150/423 1499/424
f 5356/425 1747/426 178/427 1606/428
f 5355/429 1858/430 157/431 1489/432
f 5354/433 1727/434 180/435 1576/436
f 5353/437 1836/438 152/439 1496/440
f 5352/441 1801/442 164/443 1475/444
f 5351/445 1673/446 148/447 1773/448
f 5350/449 1827/450 162/451 1561/452
f 5349/453 1841/454 155/455 1769/456
f 5348/457 1696/458 171/459 1580/460
f 5347/461 1809/462 161/463 1573/464
f 5346/465 1732/466 176/467 1607/468
f 5345/469 1862/470 156/471 1488/472
f 5344/473 1703/474 170/475 1592/476
f 5343/477 1848/478 154/479 1507/480
f 5342/481 1705/482 174/483 1558/484
f 5341/485 1677/486 146/487 1761/488
f 5340/489 1740/490 179/491 1594/492
f 5339/493 1691/494 167/495 1560/496
f 5338/497 1819/498 163/499 1481/500
f 5337/501 1682/502 147/503 1772/504
f 5336/505 1708/506 173/507 1598/508
f 5335/509 1656/510 151/511 1498/512
f 5334/513 1794/514 166/515 1599/516
f 5333/517 1811/518 160/519 1505/520
f 5332/521 1737/522 177/523 1613/524
f 5331/525 1846/526 159/527 1492/528
f 5330/529 1694/530 168/531 1596/532
f 5329/533 1834/534 153/535 1500/536
f 5328/537 1556/538 208/539 1458/540
f 5327/541 1542/542 194/543 1449/544
f 5326/545 1512/546 201/547 1450/548
f 5325/549 1549/550 185/551 1466/552
f 5324/553 1550/554 211/555 1448/556
f 5323/557 1729/558 181/559 1468/560
f 5322/561 1541/562 205/563 1459/564
f 5321/565 1557/566 186/567 1471/568
f 5320/569 1552/570 214/571 1406/572
f 5319/573 1530/574 193/575 1444/576
f 5318/577 1491/578 216/579 1461/580
f 5317/581 1568/582 188/583 1451/584
f 5316/585 1511/586 200/587 1447/588
f 5315/589 1547/590 184/591 1460/592
f 5314/593 1514/594 198/595 1452/596
f 5313/597 1559/598 191/599 1455/600
f 5312/601 1527/602 207/603 1457/604
f 5311/605 1522/606 197/607 1438/608
f 5310/609 1548/610 212/611 1402/612
f 5309/613 1528/614 192/615 1439/616
f 5308/617 1532/618 206/619 1472/620
f 5307/621 1564/622 190/623 1440/624
f 5306/625 1565/626 210/627 1436/628
f 5305/629 1723/630 182/631 1454/632
f 5304/633 1493/634 215/635 1473/636
f 5303/637 1518/638 203/639 1437/640
f 5302/641 1510/642 199/643 1445/644
f 5301/645 1717/646 183/647 1446/648
f 5300/649 1563/650 209/651 1467/652
f 5299/653 1554/654 187/655 1442/656
f 5298/657 1525/658 202/659 1435/660
f 5297/661 1520/662 196/663 1453/664
f 5296/665 1545/666 213/667 1398/668
f 5295/669 1534/670 195/671 1441/672
f 5294/673 1537/674 204/675 1456/676
f 5293/677 1571/678 189/679 1465/680
f 5292/681 1796/682 237/683 1900/684
f 5291/685 1503/686 221/687 1395/688
f 5290/689 1873/690 247/691 1890/692
f 5289/693 1497/694 217/695 1419/696
f 5288/697 1826/698 241/699 1911/700
f 5287/701 1508/702 222/703 1385/704
f 5286/705 1884/706 250/707 1946/708
f 5285/709 1478/710 229/711 1372/712
f 5284/713 1886/714 252/715 1932/716
f 5283/717 1485/718 224/719 1887/720
f 5282/721 1799/722 236/723 1909/724
f 5281/725 1504/726 220/727 1388/728
f 5280/729 1791/730 234/731 1891/732
f 5279/733 1480/734 227/735 1421/736
f 5278/737 1820/738 243/739 1930/740
f 5277/741 1784/742 233/743 1892/744
f 5276/745 1874/746 248/747 1917/748
f 5275/749 1479/750 228/751 1379/752
f 5274/753 1853/754 242/755 1925/756
f 5273/757 1494/758 226/759 1387/760
f 5272/761 1829/762 246/763 1914/764
f 5271/765 1501/766 218/767 1416/768
f 5270/769 1885/770 251/771 1895/772
f 5269/773 1839/774 239/775 1897/776
f 5268/777 1805/778 235/779 1901/780
f 5267/781 1506/782 219/783 1434/784
f 5266/785 1837/786 245/787 1904/788
f 5265/789 1486/790 223/791 1382/792
f 5264/793 1808/794 238/795 1893/796
f 5263/797 1470/798 232/799 1400/800
f 5262/801 1871/802 249/803 1950/804
f 5261/805 1474/806 231/807 1370/808
f 5260/809 1830/810 240/811 1907/812
f 5259/813 1490/814 225/815 1408/816
f 5258/817 1823/818 244/819 1924/820
f 5257/821 1483/822 230/823 1381/824
f 5256/825 1861/826 257/827 1926/828
f 5255/829 1983/830 283/831 1922/832
f 5254/833 1889/834 253/835 1921/836
f 5253/837 1880/838 277/839 2087/840
f 5252/841 1876/842 258/843 1982/844
f 5251/845 1956/846 286/847 2072/848
f 5250/849 1910/850 265/851 1929/852
f 5249/853 1954/854 288/855 2110/856
f 5248/857 1860/858 260/859 1920/860
f 5247/861 1883/862 272/863 1942/864
f 5246/865 1866/866 256/867 1927/868
f 5245/869 1872/870 270/871 1934/872
f 5244/873 1913/874 263/875 1923/876
f 5243/877 1972/878 279/879 2113/880
f 5242/881 1875/882 269/883 1940/884
f 5241/885 1991/886 284/887 2066/888
f 5240/889 1915/890 264/891 1978/892
f 5239/893 1969/894 278/895 2073/896
f 5238/897 1863/898 262/899 1981/900
f 5237/901 1961/902 282/903 1933/904
f 5236/905 1888/906 254/907 1918/908
f 5235/909 1960/910 287/911 2103/912
f 5234/913 1878/914 275/915 1944/916
f 5233/917 1881/918 271/919 1949/920
f 5232/921 1865/922 255/923 1928/924
f 5231/925 1965/926 281/927 2077/928
f 5230/929 1857/930 259/931 1993/932
f 5229/933 1877/934 274/935 2096/936
f 5228/937 1870/938 268/939 1988/940
f 5227/941 1989/942 285/943 2069/944
f 5226/945 1869/946 267/947 1931/948
f 5225/949 1882/950 276/951 2075/952
f 5224/953 1867/954 261/955 1986/956
f 5223/957 1967/958 280/959 2114/960
f 5222/961 1868/962 266/963 1919/964
f 5221/965 1879/966 273/967 1937/968
f 5220/969 2115/970 319/971 2029/972
f 5219/973 1953/974 289/975 1375/976
f 5218/977 2132/978 313/979 2006/980
f 5217/981 1941/982 294/983 2039/984
f 5216/985 2146/986 322/987 2012/988
f 5215/989 1896/990 301/991 1412/992
f 5214/993 2125/994 324/995 2017/996
f 5213/997 1939/998 296/999 1397/1000
f 5212/1001 1905/1002 308/1003 2027/1004
f 5211/1005 1959/1006 292/1007 2050/1008
f 5210/1009 1916/1010 306/1011 2028/1012
f 5209/1013 1894/1014 299/1015 1378/1016
f 5208/1017 2124/1018 315/1019 2021/1020
f 5207/1021 1902/1022 305/1023 2026/1024
f 5206/1025 2116/1026 320/1027 2013/1028
f 5205/1029 1898/1030 300/1031 1423/1032
f 5204/1033 2129/1034 314/1035 2004/1036
f 5203/1037 1935/1038 298/1039 2032/1040
f 5202/1041 2121/1042 318/1043 2041/1044
f 5201/1045 1973/1046 290/1047 1384/1048
f 5200/1049 2140/1050 323/1051 2052/1052
f 5199/1053 2130/1054 311/1055 1418/1056
f 5198/1057 1912/1058 307/1059 2023/1060
f 5197/1061 1955/1062 291/1063 2048/1064
f 5196/1065 1376/1066 317/1067 1999/1068
f 5195/1069 1948/1070 295/1071 2038/1072
f 5194/1073 2137/1074 310/1075 2056/1076
f 5193/1077 1899/1078 304/1079 1389/1080
f 5192/1081 2119/1082 321/1083 2100/1084
f 5191/1085 1908/1086 303/1087 1433/1088
f 5190/1089 2131/1090 312/1091 2060/1092
f 5189/1093 1936/1094 297/1095 2044/1096
f 5188/1097 1374/1098 316/1099 2003/1100
f 5187/1101 1903/1102 302/1103 1403/1104
f 5186/1105 1906/1106 309/1107 2002/1108
f 5185/1109 1957/1110 293/1111 2062/1112
f 5184/1113 2127/1114 325/1115 2018/1116
f 5183/1117 2063/1118 349/1119 1589/1120
f 5182/1121 1422/1122 330/1123 2083/1124
f 5181/1125 2053/1126 358/1127 1572/1128
f 5180/1129 2152/1130 337/1131 1588/1132
f 5179/1133 2057/1134 360/1135 1574/1136
f 5178/1137 2143/1138 332/1139 2058/1140
f 5177/1141 2082/1142 344/1143 1582/1144
f 5176/1145 1426/1146 328/1147 2089/1148
f 5175/1149 2080/1150 342/1151 1625/1152
f 5174/1153 2149/1154 335/1155 2019/1156
f 5173/1157 2071/1158 351/1159 1585/1160
f 5172/1161 2076/1162 341/1163 1621/1164
f 5171/1165 2078/1166 356/1167 1551/1168
f 5170/1169 2157/1170 336/1171 2054/1172
f 5169/1173 2067/1174 350/1175 1600/1176
f 5168/1177 2154/1178 334/1179 2037/1180
f 5167/1181 2086/1182 354/1183 1615/1184
f 5166/1185 1430/1186 326/1187 2014/1188
f 5165/1189 2061/1190 359/1191 1601/1192
f 5164/1193 2065/1194 347/1195 1591/1196
f 5163/1197 2085/1198 343/1199 1586/1200
f 5162/1201 1425/1202 327/1203 2091/1204
f 5161/1205 2081/1206 353/1207 1597/1208
f 5160/1209 1414/1210 331/1211 2042/1212
f 5159/1213 2074/1214 346/1215 1590/1216
f 5158/1217 1369/1218 340/1219 2043/1220
f 5157/1221 2047/1222 357/1223 1546/1224
f 5156/1225 1371/1226 339/1227 1584/1228
f 5155/1229 2064/1230 348/1231 1583/1232
f 5154/1233 2145/1234 333/1235 2033/1236
f 5153/1237 2070/1238 352/1239 1587/1240
f 5152/1241 1373/1242 338/1243 2055/1244
f 5151/1245 2068/1246 345/1247 1622/1248
f 5150/1249 1428/1250 329/1251 2094/1252
f 5149/1253 2079/1254 355/1255 1623/1256
f 5148/1257 2016/1258 385/1259 1413/1260
f 5147/1261 1609/1262 366/1263 2107/1264
f 5146/1265 2102/1266 394/1267 1404/1268
f 5145/1269 2009/1270 373/1271 2122/1272
f 5144/1273 2090/1274 396/1275 1427/1276
f 5143/1277 1610/1278 368/1279 2135/1280
f 5142/1281 2000/1282 380/1283 2159/1284
f 5141/1285 2030/1286 364/1287 1531/1288
f 5140/1289 2010/1290 378/1291 2138/1292
f 5139/1293 1617/1294 371/1295 2095/1296
f 5138/1297 2011/1298 387/1299 1424/1300
f 5137/1301 2001/1302 377/1303 2128/1304
f 5136/1305 2112/1306 392/1307 1415/1308
f 5135/1309 1618/1310 372/1311 2147/1312
f 5134/1313 2025/1314 386/1315 1411/1316
f 5133/1317 1624/1318 370/1319 2123/1320
f 5132/1321 2109/1322 390/1323 2144/1324
f 5131/1325 2045/1326 362/1327 2097/1328
f 5130/1329 2088/1330 395/1331 2120/1332
f 5129/1333 2007/1334 383/1335 2118/1336
f 5128/1337 1996/1338 379/1339 2160/1340
f 5127/1341 2031/1342 363/1343 1539/1344
f 5126/1345 2098/1346 389/1347 1417/1348
f 5125/1349 1612/1350 367/1351 2108/1352
f 5124/1353 2005/1354 382/1355 2117/1356
f 5123/1357 2024/1358 376/1359 2093/1360
f 5122/1361 2092/1362 393/1363 1407/1364
f 5121/1365 2022/1366 375/1367 2126/1368
f 5120/1369 2008/1370 384/1371 1420/1372
f 5119/1373 1619/1374 369/1375 2105/1376
f 5118/1377 2015/1378 388/1379 1410/1380
f 5117/1381 2020/1382 374/1383 2133/1384
f 5116/1385 2059/1386 381/1387 2134/1388
f 5115/1389 1605/1390 365/1391 2104/1392
f 5114/1393 2111/1394 391/1395 2141/1396
f 5113/1397 2035/1398 361/1399 2101/1400
f 5076/1401 2243/1402 457/1403 2269/1404
f 5075/1405 2187/1406 492/1407 2271/1408
f 5074/1409 2230/1410 423/1411 2273/1412
f 5073/1413 2257/1414 469/1415 2275/1416
f 5072/1417 2167/1418 440/1419 2277/1420
f 5071/1421 2168/1422 435/1423 2279/1424
f 5070/1425 2188/1426 503/1427 2281/1428
f 5069/1429 2189/1430 484/1431 2283/1432
f 5068/1433 2214/1434 416/1435 2285/1436
f 5067/1437 2207/1438 399/1439 2287/1440
f 5066/1441 2244/1442 460/1443 2289/1444
f 5065/1445 2215/1446 412/1447 2291/1448
f 5064/1449 2193/1450 487/1451 2293/1452
f 5063/1453 2231/1454 431/1455 2295/1456
f 5062/1457 2198/1458 397/1459 2297/1460
f 5061/1461 2216/1462 422/1463 2299/1464
f 5060/1465 2249/1466 465/1467 2301/1468
f 5059/1469 2169/1470 436/1471 2993/1472
f 5058/1473 2250/1474 461/1475 2961/1476
f 5057/1477 2245/1478 453/1479 2304/1480
f 5056/1481 2202/1482 406/1483 2306/1484
f 5055/1485 2226/1486 411/1487 2308/1488
f 5054/1489 2235/1490 450/1491 2310/1492
f 5053/1493 2217/1494 432/1495 2481/1496
f 5052/1497 2265/1498 475/1499 2312/1500
f 5051/1501 2194/1502 495/1503 2314/1504
f 5050/1505 2170/1506 437/1507 3025/1508
f 5049/1509 2258/1510 474/1511 3617/1512
f 5048/1513 2199/1514 407/1515 2465/1516
f 5047/1517 2232/1518 419/1519 2433/1520
f 5046/1521 2218/1522 429/1523 2319/1524
f 5045/1525 2236/1526 462/1527 2321/1528
f 5044/1529 2195/1530 490/1531 3569/1532
f 5043/1533 2208/1534 421/1535 2323/1536
f 5042/1537 2190/1538 493/1539 3537/1540
f 5041/1541 2203/1542 403/1543 2497/1544
f 5040/1545 2259/1546 476/1547 2327/1548
f 5039/1549 2200/1550 408/1551 2329/1552
f 5038/1553 2251/1554 468/1555 2330/1556
f 5037/1557 2196/1558 486/1559 2332/1560
f 5036/1561 2266/1562 471/1563 2334/1564
f 5035/1565 2246/1566 456/1567 3009/1568
f 5034/1569 2178/1570 500/1571 2336/1572
f 5033/1573 2219/1574 404/1575 2338/1576
f 5032/1577 2237/1578 459/1579 3097/1580
f 5031/1581 2252/1582 458/1583 3033/1584
f 5030/1585 2267/1586 470/1587 2340/1588
f 5029/1589 2197/1590 498/1591 3601/1592
f 5028/1593 2171/1594 438/1595 2341/1596
f 5027/1597 2238/1598 467/1599 2343/1600
f 5026/1601 2179/1602 494/1603 2345/1604
f 5025/1605 2260/1606 478/1607 3673/1608
f 5024/1609 2209/1610 424/1611 2537/1612
f 5023/1613 2268/1614 472/1615 3705/1616
f 5022/1617 2247/1618 451/1619 2349/1620
f 5021/1621 2204/1622 402/1623 2561/1624
f 5020/1625 2261/1626 473/1627 3753/1628
f 5019/1629 2176/1630 502/1631 3721/1632
f 5018/1633 2191/1634 497/1635 3657/1636
f 5017/1637 2205/1638 400/1639 2417/1640
f 5016/1641 2192/1642 491/1643 3585/1644
f 5015/1645 2172/1646 443/1647 2353/1648
f 5014/1649 2239/1650 455/1651 2355/1652
f 5013/1653 2210/1654 417/1655 2356/1656
f 5012/1657 2220/1658 405/1659 2593/1660
f 5011/1661 2173/1662 444/1663 2358/1664
f 5010/1665 2177/1666 499/1667 3689/1668
f 5009/1669 2161/1670 446/1671 2360/1672
f 5008/1673 2227/1674 426/1675 2362/1676
f 5007/1677 2174/1678 433/1679 3185/1680
f 5006/1681 2262/1682 481/1683 2364/1684
f 5005/1685 2240/1686 448/1687 3073/1688
f 5004/1689 2162/1690 447/1691 3201/1692
f 5003/1693 2263/1694 477/1695 3641/1696
f 5002/1697 2221/1698 413/1699 2385/1700
f 5001/1701 2180/1702 489/1703 3649/1704
f 5000/1705 2181/1706 496/1707 2369/1708
f 4999/1709 2228/1710 414/1711 2633/1712
f 4998/1713 2211/1714 418/1715 2449/1716
f 4997/1717 2222/1718 428/1719 2371/1720
f 4996/1721 2264/1722 485/1723 3633/1724
f 4995/1725 2212/1726 425/1727 2553/1728
f 4994/1729 2233/1730 420/1731 2585/1732
f 4993/1733 2223/1734 410/1735 2617/1736
f 4992/1737 2253/1738 464/1739 2373/1740
f 4991/1741 2248/1742 463/1743 3065/1744
f 4990/1745 2206/1746 398/1747 2521/1748
f 4989/1749 2241/1750 454/1751 3137/1752
f 4988/1753 2182/1754 482/1755 3785/1756
f 4987/1757 2163/1758 445/1759 3209/1760
f 4986/1761 2224/1762 430/1763 2657/1764
f 4985/1765 2242/1766 452/1767 3049/1768
f 4984/1769 2183/1770 504/1771 3745/1772
f 4983/1773 2164/1774 441/1775 3121/1776
f 4982/1777 2184/1778 488/1779 3793/1780
f 4981/1781 2213/1782 427/1783 2641/1784
f 4980/1785 2255/1786 479/1787 3553/1788
f 4979/1789 2225/1790 409/1791 2513/1792
f 4978/1793 2165/1794 442/1795 2977/1796
f 4977/1797 2254/1798 466/1799 3225/1800
f 4976/1801 2175/1802 434/1803 3161/1804
f 4975/1805 2185/1806 501/1807 3761/1808
f 4974/1809 2229/1810 415/1811 2401/1812
f 4973/1813 2186/1814 483/1815 3809/1816
f 4972/1817 2166/1818 439/1819 3233/1820
f 4971/1821 2201/1822 401/1823 2601/1824
f 4970/1825 2234/1826 449/1827 3105/1828
f 4969/1829 2256/1830 480/1831 3777/1832
f 4968/1833 2665/1834 736/1835 2352/1836
f 4967/1837 2666/1838 735/1839 2608/1840
f 4966/1841 2667/1842 734/1843 2607/1844
f 4965/1845 2668/1846 733/1847 2606/1848
f 4964/1849 2669/1850 732/1851 2605/1852
f 4963/1853 2670/1854 731/1855 2604/1856
f 4962/1857 2671/1858 730/1859 2603/1860
f 4961/1861 2672/1862 729/1863 2602/1864
f 4960/1865 2673/1866 536/1867 2286/1868
f 4959/1869 2674/1870 535/1871 2408/1872
f 4958/1873 2675/1874 534/1875 2407/1876
f 4957/1877 2676/1878 533/1879 2406/1880
f 4956/1881 2677/1882 532/1883 2405/1884
f 4955/1885 2678/1886 531/1887 2404/1888
f 4954/1889 2679/1890 530/1891 2403/1892
f 4953/1893 2680/1894 529/1895 2402/1896
f 4952/1897 2681/1898 648/1899 2309/1900
f 4951/1901 2682/1902 647/1903 2520/1904
f 4950/1905 2683/1906 646/1907 2519/1908
f 4949/1909 2684/1910 645/1911 2518/1912
f 4948/1913 2685/1914 644/1915 2517/1916
f 4947/1917 2686/1918 643/1919 2516/1920
f 4946/1921 2687/1922 642/1923 2515/1924
f 4945/1925 2688/1926 641/1927 2514/1928
f 4944/1929 2689/1930 776/1931 2370/1932
f 4943/1933 2690/1934 775/1935 2648/1936
f 4942/1937 2691/1938 774/1939 2647/1940
f 4941/1941 2692/1942 773/1943 2646/1944
f 4940/1945 2693/1946 772/1947 2645/1948
f 4939/1949 2694/1950 771/1951 2644/1952
f 4938/1953 2695/1954 770/1955 2643/1956
f 4937/1957 2696/1958 769/1959 2642/1960
f 4936/1961 2697/1962 792/1963 2372/1964
f 4935/1965 2698/1966 791/1967 2664/1968
f 4934/1969 2699/1970 790/1971 2663/1972
f 4933/1973 2700/1974 789/1975 2662/1976
f 4932/1977 2701/1978 788/1979 2661/1980
f 4931/1981 2702/1982 787/1983 2660/1984
f 4930/1985 2703/1986 786/1987 2659/1988
f 4929/1989 2704/1990 785/1991 2658/1992
f 4928/1993 2705/1994 656/1995 2318/1996
f 4927/1997 2706/1998 655/1999 2528/2000
f 4926/2001 2707/2002 654/2003 2527/2004
f 4925/2005 2708/2006 653/2007 2526/2008
f 4924/2009 2709/2010 652/2011 2525/2012
f 4923/2013 2710/2014 651/2015 2524/2016
f 4922/2017 2711/2018 650/2019 2523/2020
f 4921/2021 2712/2022 649/2023 2522/2024
f 4920/2025 2713/2026 752/2027 2357/2028
f 4919/2029 2714/2030 751/2031 2624/2032
f 4918/2033 2715/2034 750/2035 2623/2036
f 4917/2037 2716/2038 749/2039 2622/2040
f 4916/2041 2717/2042 748/2043 2621/2044
f 4915/2045 2718/2046 747/2047 2620/2048
f 4914/2049 2719/2050 746/2051 2619/2052
f 4913/2053 2720/2054 745/2055 2618/2056
f 4912/2057 2721/2058 720/2059 2347/2060
f 4911/2061 2722/2062 719/2063 2592/2064
f 4910/2065 2723/2066 718/2067 2591/2068
f 4909/2069 2724/2070 717/2071 2590/2072
f 4908/2073 2725/2074 716/2075 2589/2076
f 4907/2077 2726/2078 715/2079 2588/2080
f 4906/2081 2727/2082 714/2083 2587/2084
f 4905/2085 2728/2086 713/2087 2586/2088
f 4904/2089 2729/2090 688/2091 2324/2092
f 4903/2093 2730/2094 687/2095 2560/2096
f 4902/2097 2731/2098 686/2099 2559/2100
f 4901/2101 2732/2102 685/2103 2558/2104
f 4900/2105 2733/2106 684/2107 2557/2108
f 4899/2109 2734/2110 683/2111 2556/2112
f 4898/2113 2735/2114 682/2115 2555/2116
f 4897/2117 2736/2118 681/2119 2554/2120
f 4896/2121 2737/2122 777/2123 2649/2124
f 4895/2125 2738/2126 778/2127 2650/2128
f 4894/2129 2739/2130 779/2131 2651/2132
f 4893/2133 2740/2134 780/2135 2652/2136
f 4892/2137 2741/2138 781/2139 2653/2140
f 4891/2141 2742/2142 782/2143 2654/2144
f 4890/2145 2743/2146 783/2147 2655/2148
f 4889/2149 2744/2150 784/2151 2656/2152
f 4888/2153 2745/2154 584/2155 2296/2156
f 4887/2157 2746/2158 583/2159 2456/2160
f 4886/2161 2747/2162 582/2163 2455/2164
f 4885/2165 2748/2166 581/2167 2454/2168
f 4884/2169 2749/2170 580/2171 2453/2172
f 4883/2173 2750/2174 579/2175 2452/2176
f 4882/2177 2751/2178 578/2179 2451/2180
f 4881/2181 2752/2182 577/2183 2450/2184
f 4880/2185 2753/2186 768/2187 2363/2188
f 4879/2189 2754/2190 767/2191 2640/2192
f 4878/2193 2755/2194 766/2195 2639/2196
f 4877/2197 2756/2198 765/2199 2638/2200
f 4876/2201 2757/2202 764/2203 2637/2204
f 4875/2205 2758/2206 763/2207 2636/2208
f 4874/2209 2759/2210 762/2211 2635/2212
f 4873/2213 2760/2214 761/2215 2634/2216
f 4872/2217 2761/2218 520/2219 2274/2220
f 4871/2221 2762/2222 519/2223 2392/2224
f 4870/2225 2763/2226 518/2227 2391/2228
f 4869/2229 2764/2230 517/2231 2390/2232
f 4868/2233 2765/2234 516/2235 2389/2236
f 4867/2237 2766/2238 515/2239 2388/2240
f 4866/2241 2767/2242 514/2243 2387/2244
f 4865/2245 2768/2246 513/2247 2386/2248
f 4864/2249 2769/2250 753/2251 2625/2252
f 4863/2253 2770/2254 754/2255 2626/2256
f 4862/2257 2771/2258 755/2259 2627/2260
f 4861/2261 2772/2262 756/2263 2628/2264
f 4860/2265 2773/2266 757/2267 2629/2268
f 4859/2269 2774/2270 758/2271 2630/2272
f 4858/2273 2775/2274 759/2275 2631/2276
f 4857/2277 2776/2278 760/2279 2632/2280
f 4856/2281 2777/2282 728/2283 2350/2284
f 4855/2285 2778/2286 727/2287 2600/2288
f 4854/2289 2779/2290 726/2291 2599/2292
f 4853/2293 2780/2294 725/2295 2598/2296
f 4852/2297 2781/2298 724/2299 2597/2300
f 4851/2301 2782/2302 723/2303 2596/2304
f 4850/2305 2783/2306 722/2307 2595/2308
f 4849/2309 2784/2310 721/2311 2594/2312
f 4848/2313 2785/2314 737/2315 2609/2316
f 4847/2317 2786/2318 738/2319 2610/2320
f 4846/2321 2787/2322 739/2323 2611/2324
f 4845/2325 2788/2326 740/2327 2612/2328
f 4844/2329 2789/2330 741/2331 2613/2332
f 4843/2333 2790/2334 742/2335 2614/2336
f 4842/2337 2791/2338 743/2339 2615/2340
f 4841/2341 2792/2342 744/2343 2616/2344
f 4840/2345 2793/2346 552/2347 2288/2348
f 4839/2349 2794/2350 551/2351 2424/2352
f 4838/2353 2795/2354 550/2355 2423/2356
f 4837/2357 2796/2358 549/2359 2422/2360
f 4836/2361 2797/2362 548/2363 2421/2364
f 4835/2365 2798/2366 547/2367 2420/2368
f 4834/2369 2799/2370 546/2371 2419/2372
f 4833/2373 2800/2374 545/2375 2418/2376
f 4832/2377 2801/2378 696/2379 2326/2380
f 4831/2381 2802/2382 695/2383 2568/2384
f 4830/2385 2803/2386 694/2387 2567/2388
f 4829/2389 2804/2390 693/2391 2566/2392
f 4828/2393 2805/2394 692/2395 2565/2396
f 4827/2397 2806/2398 691/2399 2564/2400
f 4826/2401 2807/2402 690/2403 2563/2404
f 4825/2405 2808/2406 689/2407 2562/2408
f 4824/2409 2809/2410 672/2411 2320/2412
f 4823/2413 2810/2414 671/2415 2544/2416
f 4822/2417 2811/2418 670/2419 2543/2420
f 4821/2421 2812/2422 669/2423 2542/2424
f 4820/2425 2813/2426 668/2427 2541/2428
f 4819/2429 2814/2430 667/2431 2540/2432
f 4818/2433 2815/2434 666/2435 2539/2436
f 4817/2437 2816/2438 665/2439 2538/2440
f 4816/2441 2817/2442 705/2443 2577/2444
f 4815/2445 2818/2446 706/2447 2578/2448
f 4814/2449 2819/2450 707/2451 2579/2452
f 4813/2453 2820/2454 708/2455 2580/2456
f 4812/2457 2821/2458 709/2459 2581/2460
f 4811/2461 2822/2462 710/2463 2582/2464
f 4810/2465 2823/2466 711/2467 2583/2468
f 4809/2469 2824/2470 712/2471 2584/2472
f 4808/2473 2825/2474 697/2475 2569/2476
f 4807/2477 2826/2478 698/2479 2570/2480
f 4806/2481 2827/2482 699/2483 2571/2484
f 4805/2485 2828/2486 700/2487 2572/2488
f 4804/2489 2829/2490 701/2491 2573/2492
f 4803/2493 2830/2494 702/2495 2574/2496
f 4802/2497 2831/2498 703/2499 2575/2500
f 4801/2501 2832/2502 704/2503 2576/2504
f 4800/2505 2833/2506 632/2507 2307/2508
f 4799/2509 2834/2510 631/2511 2504/2512
f 4798/2513 2835/2514 630/2515 2503/2516
f 4797/2517 2836/2518 629/2519 2502/2520
f 4796/2521 2837/2522 628/2523 2501/2524
f 4795/2525 2838/2526 627/2527 2500/2528
f 4794/2529 2839/2530 626/2531 2499/2532
f 4793/2533 2840/2534 625/2535 2498/2536
f 4792/2537 2841/2538 673/2539 2545/2540
f 4791/2541 2842/2542 674/2543 2546/2544
f 4790/2545 2843/2546 675/2547 2547/2548
f 4789/2549 2844/2550 676/2551 2548/2552
f 4788/2553 2845/2554 677/2555 2549/2556
f 4787/2557 2846/2558 678/2559 2550/2560
f 4786/2561 2847/2562 679/2563 2551/2564
f 4785/2565 2848/2566 680/2567 2552/2568
f 4784/2569 2849/2570 657/2571 2529/2572
f 4783/2573 2850/2574 658/2575 2530/2576
f 4782/2577 2851/2578 659/2579 2531/2580
f 4781/2581 2852/2582 660/2583 2532/2584
f 4780/2585 2853/2586 661/2587 2533/2588
f 4779/2589 2854/2590 662/2591 2534/2592
f 4778/2593 2855/2594 663/2595 2535/2596
f 4777/2597 2856/2598 664/2599 2536/2600
f 4776/2601 2857/2602 568/2603 2292/2604
f 4775/2605 2858/2606 567/2607 2440/2608
f 4774/2609 2859/2610 566/2611 2439/2612
f 4773/2613 2860/2614 565/2615 2438/2616
f 4772/2617 2861/2618 564/2619 2437/2620
f 4771/2621 2862/2622 563/2623 2436/2624
f 4770/2625 2863/2626 562/2627 2435/2628
f 4769/2629 2864/2630 561/2631 2434/2632
f 4768/2633 2865/2634 600/2635 2298/2636
f 4767/2637 2866/2638 599/2639 2472/2640
f 4766/2641 2867/2642 598/2643 2471/2644
f 4765/2645 2868/2646 597/2647 2470/2648
f 4764/2649 2869/2650 596/2651 2469/2652
f 4763/2653 2870/2654 595/2655 2468/2656
f 4762/2657 2871/2658 594/2659 2467/2660
f 4761/2661 2872/2662 593/2663 2466/2664
f 4760/2665 2873/2666 616/2667 2300/2668
f 4759/2669 2874/2670 615/2671 2488/2672
f 4758/2673 2875/2674 614/2675 2487/2676
f 4757/2677 2876/2678 613/2679 2486/2680
f 4756/2681 2877/2682 612/2683 2485/2684
f 4755/2685 2878/2686 611/2687 2484/2688
f 4754/2689 2879/2690 610/2691 2483/2692
f 4753/2693 2880/2694 609/2695 2482/2696
f 4752/2697 2881/2698 633/2699 2505/2700
f 4751/2701 2882/2702 634/2703 2506/2704
f 4750/2705 2883/2706 635/2707 2507/2708
f 4749/2709 2884/2710 636/2711 2508/2712
f 4748/2713 2885/2714 637/2715 2509/2716
f 4747/2717 2886/2718 638/2719 2510/2720
f 4746/2721 2887/2722 639/2723 2511/2724
f 4745/2725 2888/2726 640/2727 2512/2728
f 4744/2729 2889/2730 617/2731 2489/2732
f 4743/2733 2890/2734 618/2735 2490/2736
f 4742/2737 2891/2738 619/2739 2491/2740
f 4741/2741 2892/2742 620/2743 2492/2744
f 4740/2745 2893/2746 621/2747 2493/2748
f 4739/2749 2894/2750 622/2751 2494/2752
f 4738/2753 2895/2754 623/2755 2495/2756
f 4737/2757 2896/2758 624/2759 2496/2760
f 4736/2761 2897/2762 601/2763 2473/2764
f 4735/2765 2898/2766 602/2767 2474/2768
f 4734/2769 2899/2770 603/2771 2475/2772
f 4733/2773 2900/2774 604/2775 2476/2776
f 4732/2777 2901/2778 605/2779 2477/2780
f 4731/2781 2902/2782 606/2783 2478/2784
f 4730/2785 2903/2786 607/2787 2479/2788
f 4729/2789 2904/2790 608/2791 2480/2792
f 4728/2793 2905/2794 585/2795 2457/2796
f 4727/2797 2906/2798 586/2799 2458/2800
f 4726/2801 2907/2802 587/2803 2459/2804
f 4725/2805 2908/2806 588/2807 2460/2808
f 4724/2809 2909/2810 589/2811 2461/2812
f 4723/2813 2910/2814 590/2815 2462/2816
f 4722/2817 2911/2818 591/2819 2463/2820
f 4721/2821 2912/2822 592/2823 2464/2824
f 4720/2825 2913/2826 569/2827 2441/2828
f 4719/2829 2914/2830 570/2831 2442/2832
f 4718/2833 2915/2834 571/2835 2443/2836
f 4717/2837 2916/2838 572/2839 2444/2840
f 4716/2841 2917/2842 573/2843 2445/2844
f 4715/2845 2918/2846 574/2847 2446/2848
f 4714/2849 2919/2850 575/2851 2447/2852
f 4713/2853 2920/2854 576/2855 2448/2856
f 4712/2857 2921/2858 553/2859 2425/2860
f 4711/2861 2922/2862 554/2863 2426/2864
f 4710/2865 2923/2866 555/2867 2427/2868
f 4709/2869 2924/2870 556/2871 2428/2872
f 4708/2873 2925/2874 557/2875 2429/2876
f 4707/2877 2926/2878 558/2879 2430/2880
f 4706/2881 2927/2882 559/2883 2431/2884
f 4705/2885 2928/2886 560/2887 2432/2888
f 4704/2889 2929/2890 537/2891 2409/2892
f 4703/2893 2930/2894 538/2895 2410/2896
f 4702/2897 2931/2898 539/2899 2411/2900
f 4701/2901 2932/2902 540/2903 2412/2904
f 4700/2905 2933/2906 541/2907 2413/2908
f 4699/2909 2934/2910 542/2911 2414/2912
f 4698/2913 2935/2914 543/2915 2415/2916
f 4697/2917 2936/2918 544/2919 2416/2920
f 4696/2921 2937/2922 521/2923 2393/2924
f 4695/2925 2938/2926 522/2927 2394/2928
f 4694/2929 2939/2930 523/2931 2395/2932
f 4693/2933 2940/2934 524/2935 2396/2936
f 4692/2937 2941/2938 525/2939 2397/2940
f 4691/2941 2942/2942 526/2943 2398/2944
f 4690/2945 2943/2946 527/2947 2399/2948
f 4689/2949 2944/2950 528/2951 2400/2952
f 4688/2953 2945/2954 505/2955 2377/2956
f 4687/2957 2946/2958 506/2959 2378/2960
f 4686/2961 2947/2962 507/2963 2379/2964
f 4685/2965 2948/2966 508/2967 2380/2968
f 4684/2969 2949/2970 509/2971 2381/2972
f 4683/2973 2950/2974 510/2975 2382/2976
f 4682/2977 2951/2978 511/2979 2383/2980
f 4681/2981 2952/2982 512/2983 2384/2984
f 4680/2985 3241/2986 952/2987 2339/2988
f 4679/2989 3242/2990 951/2991 3112/2992
f 4678/2993 3243/2994 950/2995 3111/2996
f 4677/2997 3244/2998 949/2999 3110/3000
f 4676/3001 3245/3002 948/3003 3109/3004
f 4675/3005 3246/3006 947/3007 3108/3008
f 4674/3009 3247/3010 946/3011 3107/3012
f 4673/3013 3248/3014 945/3015 3106/3016
f 4672/3017 3249/3018 1080/3019 2376/3020
f 4671/3021 3250/3022 1079/3023 3240/3024
f 4670/3025 3251/3026 1078/3027 3239/3028
f 4669/3029 3252/3030 1077/3031 3238/3032
f 4668/3033 3253/3034 1076/3035 3237/3036
f 4667/3037 3254/3038 1075/3039 3236/3040
f 4666/3041 3255/3042 1074/3043 3235/3044
f 4665/3045 3256/3046 1073/3047 3234/3048
f 4664/3049 3257/3050 1008/3051 2354/3052
f 4663/3053 3258/3054 1007/3055 3168/3056
f 4662/3057 3259/3058 1006/3059 3167/3060
f 4661/3061 3260/3062 1005/3063 3166/3064
f 4660/3065 3261/3066 1004/3067 3165/3068
f 4659/3069 3262/3070 1003/3071 3164/3072
f 4658/3073 3263/3074 1002/3075 3163/3076
f 4657/3077 3264/3078 1001/3079 3162/3080
f 4656/3081 3265/3082 1072/3083 2374/3084
f 4655/3085 3266/3086 1071/3087 3232/3088
f 4654/3089 3267/3090 1070/3091 3231/3092
f 4653/3093 3268/3094 1069/3095 3230/3096
f 4652/3097 3269/3098 1068/3099 3229/3100
f 4651/3101 3270/3102 1067/3103 3228/3104
f 4650/3105 3271/3106 1066/3107 3227/3108
f 4649/3109 3272/3110 1065/3111 3226/3112
f 4648/3113 3273/3114 824/3115 2278/3116
f 4647/3117 3274/3118 823/3119 2984/3120
f 4646/3121 3275/3122 822/3123 2983/3124
f 4645/3125 3276/3126 821/3127 2982/3128
f 4644/3129 3277/3130 820/3131 2981/3132
f 4643/3133 3278/3134 819/3135 2980/3136
f 4642/3137 3279/3138 818/3139 2979/3140
f 4641/3141 3280/3142 817/3143 2978/3144
f 4640/3145 3281/3146 968/3147 2342/3148
f 4639/3149 3282/3150 967/3151 3128/3152
f 4638/3153 3283/3154 966/3155 3127/3156
f 4637/3157 3284/3158 965/3159 3126/3160
f 4636/3161 3285/3162 964/3163 3125/3164
f 4635/3165 3286/3166 963/3167 3124/3168
f 4634/3169 3287/3170 962/3171 3123/3172
f 4633/3173 3288/3174 961/3175 3122/3176
f 4632/3177 3289/3178 896/3179 2305/3180
f 4631/3181 3290/3182 895/3183 3056/3184
f 4630/3185 3291/3186 894/3187 3055/3188
f 4629/3189 3292/3190 893/3191 3054/3192
f 4628/3193 3293/3194 892/3195 3053/3196
f 4627/3197 3294/3198 891/3199 3052/3200
f 4626/3201 3295/3202 890/3203 3051/3204
f 4625/3205 3296/3206 889/3207 3050/3208
f 4624/3209 3297/3210 1056/3211 2366/3212
f 4623/3213 3298/3214 1055/3215 3216/3216
f 4622/3217 3299/3218 1054/3219 3215/3220
f 4621/3221 3300/3222 1053/3223 3214/3224
f 4620/3225 3301/3226 1052/3227 3213/3228
f 4619/3229 3302/3230 1051/3231 3212/3232
f 4618/3233 3303/3234 1050/3235 3211/3236
f 4617/3237 3304/3238 1049/3239 3210/3240
f 4616/3241 3305/3242 984/3243 2344/3244
f 4615/3245 3306/3246 983/3247 3144/3248
f 4614/3249 3307/3250 982/3251 3143/3252
f 4613/3253 3308/3254 981/3255 3142/3256
f 4612/3257 3309/3258 980/3259 3141/3260
f 4611/3261 3310/3262 979/3263 3140/3264
f 4610/3265 3311/3266 978/3267 3139/3268
f 4609/3269 3312/3270 977/3271 3138/3272
f 4608/3273 3313/3274 912/3275 2311/3276
f 4607/3277 3314/3278 911/3279 3072/3280
f 4606/3281 3315/3282 910/3283 3071/3284
f 4605/3285 3316/3286 909/3287 3070/3288
f 4604/3289 3317/3290 908/3291 3069/3292
f 4603/3293 3318/3294 907/3295 3068/3296
f 4602/3297 3319/3298 906/3299 3067/3300
f 4601/3301 3320/3302 905/3303 3066/3304
f 4600/3305 3321/3306 1057/3307 3217/3308
f 4599/3309 3322/3310 1058/3311 3218/3312
f 4598/3313 3323/3314 1059/3315 3219/3316
f 4597/3317 3324/3318 1060/3319 3220/3320
f 4596/3321 3325/3322 1061/3323 3221/3324
f 4595/3325 3326/3326 1062/3327 3222/3328
f 4594/3329 3327/3330 1063/3331 3223/3332
f 4593/3333 3328/3334 1064/3335 3224/3336
f 4592/3337 3329/3338 1048/3339 2361/3340
f 4591/3341 3330/3342 1047/3343 3208/3344
f 4590/3345 3331/3346 1046/3347 3207/3348
f 4589/3349 3332/3350 1045/3351 3206/3352
f 4588/3353 3333/3354 1044/3355 3205/3356
f 4587/3357 3334/3358 1043/3359 3204/3360
f 4586/3361 3335/3362 1042/3363 3203/3364
f 4585/3365 3336/3366 1041/3367 3202/3368
f 4584/3369 3337/3370 920/3371 2316/3372
f 4583/3373 3338/3374 919/3375 3080/3376
f 4582/3377 3339/3378 918/3379 3079/3380
f 4581/3381 3340/3382 917/3383 3078/3384
f 4580/3385 3341/3386 916/3387 3077/3388
f 4579/3389 3342/3390 915/3391 3076/3392
f 4578/3393 3343/3394 914/3395 3075/3396
f 4577/3397 3344/3398 913/3399 3074/3400
f 4576/3401 3345/3402 1032/3403 2359/3404
f 4575/3405 3346/3406 1031/3407 3192/3408
f 4574/3409 3347/3410 1030/3411 3191/3412
f 4573/3413 3348/3414 1029/3415 3190/3416
f 4572/3417 3349/3418 1028/3419 3189/3420
f 4571/3421 3350/3422 1027/3423 3188/3424
f 4570/3425 3351/3426 1026/3427 3187/3428
f 4569/3429 3352/3430 1025/3431 3186/3432
f 4568/3433 3353/3434 1033/3435 3193/3436
f 4567/3437 3354/3438 1034/3439 3194/3440
f 4566/3441 3355/3442 1035/3443 3195/3444
f 4565/3445 3356/3446 1036/3447 3196/3448
f 4564/3449 3357/3450 1037/3451 3197/3452
f 4563/3453 3358/3454 1038/3455 3198/3456
f 4562/3457 3359/3458 1039/3459 3199/3460
f 4561/3461 3360/3462 1040/3463 3200/3464
f 4560/3465 3361/3466 1017/3467 3177/3468
f 4559/3469 3362/3470 1018/3471 3178/3472
f 4558/3473 3363/3474 1019/3475 3179/3476
f 4557/3477 3364/3478 1020/3479 3180/3480
f 4556/3481 3365/3482 1021/3483 3181/3484
f 4555/3485 3366/3486 1022/3487 3182/3488
f 4554/3489 3367/3490 1023/3491 3183/3492
f 4553/3493 3368/3494 1024/3495 3184/3496
f 4552/3497 3369/3498 1009/3499 3169/3500
f 4551/3501 3370/3502 1010/3503 3170/3504
f 4550/3505 3371/3506 1011/3507 3171/3508
f 4549/3509 3372/3510 1012/3511 3172/3512
f 4548/3513 3373/3514 1013/3515 3173/3516
f 4547/3517 3374/3518 1014/3519 3174/3520
f 4546/3521 3375/3522 1015/3523 3175/3524
f 4545/3525 3376/3526 1016/3527 3176/3528
f 4544/3529 3377/3530 993/3531 3153/3532
f 4543/3533 3378/3534 994/3535 3154/3536
f 4542/3537 3379/3538 995/3539 3155/3540
f 4541/3541 3380/3542 996/3543 3156/3544
f 4540/3545 3381/3546 997/3547 3157/3548
f 4539/3549 3382/3550 998/3551 3158/3552
f 4538/3553 3383/3554 999/3555 3159/3556
f 4537/3557 3384/3558 1000/3559 3160/3560
f 4536/3561 3385/3562 985/3563 3145/3564
f 4535/3565 3386/3566 986/3567 3146/3568
f 4534/3569 3387/3570 987/3571 3147/3572
f 4533/3573 3388/3574 988/3575 3148/3576
f 4532/3577 3389/3578 989/3579 3149/3580
f 4531/3581 3390/3582 990/3583 3150/3584
f 4530/3585 3391/3586 991/3587 3151/3588
f 4529/3589 3392/3590 992/3591 3152/3592
f 4528/3593 3393/3594 969/3595 3129/3596
f 4527/3597 3394/3598 970/3599 3130/3600
f 4526/3601 3395/3602 971/3603 3131/3604
f 4525/3605 3396/3606 972/3607 3132/3608
f 4524/3609 3397/3610 973/3611 3133/3612
f 4523/3613 3398/3614 974/3615 3134/3616
f 4522/3617 3399/3618 975/3619 3135/3620
f 4521/3621 3400/3622 976/3623 3136/3624
f 4520/3625 3401/3626 953/3627 3113/3628
f 4519/3629 3402/3630 954/3631 3114/3632
f 4518/3633 3403/3634 955/3635 3115/3636
f 4517/3637 3404/3638 956/3639 3116/3640
f 4516/3641 3405/3642 957/3643 3117/3644
f 4515/3645 3406/3646 958/3647 3118/3648
f 4514/3649 3407/3650 959/3651 3119/3652
f 4513/3653 3408/3654 960/3655 3120/3656
f 4512/3657 3409/3658 880/3659 2303/3660
f 4511/3661 3410/3662 879/3663 3040/3664
f 4510/3665 3411/3666 878/3667 3039/3668
f 4509/3669 3412/3670 877/3671 3038/3672
f 4508/3673 3413/3674 876/3675 3037/3676
f 4507/3677 3414/3678 875/3679 3036/3680
f 4506/3681 3415/3682 874/3683 3035/3684
f 4505/3685 3416/3686 873/3687 3034/3688
f 4504/3689 3417/3690 944/3691 2331/3692
f 4503/3693 3418/3694 943/3695 3104/3696
f 4502/3697 3419/3698 942/3699 3103/3700
f 4501/3701 3420/3702 941/3703 3102/3704
f 4500/3705 3421/3706 940/3707 3101/3708
f 4499/3709 3422/3710 939/3711 3100/3712
f 4498/3713 3423/3714 938/3715 3099/3716
f 4497/3717 3424/3718 937/3719 3098/3720
f 4496/3721 3425/3722 856/3723 2290/3724
f 4495/3725 3426/3726 855/3727 3016/3728
f 4494/3729 3427/3730 854/3731 3015/3732
f 4493/3733 3428/3734 853/3735 3014/3736
f 4492/3737 3429/3738 852/3739 3013/3740
f 4491/3741 3430/3742 851/3743 3012/3744
f 4490/3745 3431/3746 850/3747 3011/3748
f 4489/3749 3432/3750 849/3751 3010/3752
f 4488/3753 3433/3754 929/3755 3089/3756
f 4487/3757 3434/3758 930/3759 3090/3760
f 4486/3761 3435/3762 931/3763 3091/3764
f 4485/3765 3436/3766 932/3767 3092/3768
f 4484/3769 3437/3770 933/3771 3093/3772
f 4483/3773 3438/3774 934/3775 3094/3776
f 4482/3777 3439/3778 935/3779 3095/3780
f 4481/3781 3440/3782 936/3783 3096/3784
f 4480/3785 3441/3786 921/3787 3081/3788
f 4479/3789 3442/3790 922/3791 3082/3792
f 4478/3793 3443/3794 923/3795 3083/3796
f 4477/3797 3444/3798 924/3799 3084/3800
f 4476/3801 3445/3802 925/3803 3085/3804
f 4475/3805 3446/3806 926/3807 3086/3808
f 4474/3809 3447/3810 927/3811 3087/3812
f 4473/3813 3448/3814 928/3815 3088/3816
f 4472/3817 3449/3818 872/3819 2302/3820
f 4471/3821 3450/3822 871/3823 3032/3824
f 4470/3825 3451/3826 870/3827 3031/3828
f 4469/3829 3452/3830 869/3831 3030/3832
f 4468/3833 3453/3834 868/3835 3029/3836
f 4467/3837 3454/3838 867/3839 3028/3840
f 4466/3841 3455/3842 866/3843 3027/3844
f 4465/3845 3456/3846 865/3847 3026/3848
f 4464/3849 3457/3850 897/3851 3057/3852
f 4463/3853 3458/3854 898/3855 3058/3856
f 4462/3857 3459/3858 899/3859 3059/3860
f 4461/3861 3460/3862 900/3863 3060/3864
f 4460/3865 3461/3866 901/3867 3061/3868
f 4459/3869 3462/3870 902/3871 3062/3872
f 4458/3873 3463/3874 903/3875 3063/3876
f 4457/3877 3464/3878 904/3879 3064/3880
f 4456/3881 3465/3882 881/3883 3041/3884
f 4455/3885 3466/3886 882/3887 3042/3888
f 4454/3889 3467/3890 883/3891 3043/3892
f 4453/3893 3468/3894 884/3895 3044/3896
f 4452/3897 3469/3898 885/3899 3045/3900
f 4451/3901 3470/3902 886/3903 3046/3904
f 4450/3905 3471/3906 887/3907 3047/3908
f 4449/3909 3472/3910 888/3911 3048/3912
f 4448/3913 3473/3914 808/3915 2270/3916
f 4447/3917 3474/3918 807/3919 2968/3920
f 4446/3921 3475/3922 806/3923 2967/3924
f 4445/3925 3476/3926 805/3927 2966/3928
f 4444/3929 3477/3930 804/3931 2965/3932
f 4443/3933 3478/3934 803/3935 2964/3936
f 4442/3937 3479/3938 802/3939 2963/3940
f 4441/3941 3480/3942 801/3943 2962/3944
f 4440/3945 3481/3946 840/3947 2280/3948
f 4439/3949 3482/3950 839/3951 3000/3952
f 4438/3953 3483/3954 838/3955 2999/3956
f 4437/3957 3484/3958 837/3959 2998/3960
f 4436/3961 3485/3962 836/3963 2997/3964
f 4435/3965 3486/3966 835/3967 2996/3968
f 4434/3969 3487/3970 834/3971 2995/3972
f 4433/3973 3488/3974 833/3975 2994/3976
f 4432/3977 3489/3978 857/3979 3017/3980
f 4431/3981 3490/3982 858/3983 3018/3984
f 4430/3985 3491/3986 859/3987 3019/3988
f 4429/3989 3492/3990 860/3991 3020/3992
f 4428/3993 3493/3994 861/3995 3021/3996
f 4427/3997 3494/3998 862/3999 3022/4000
f 4426/4001 3495/4002 863/4003 3023/4004
f 4425/4005 3496/4006 864/4007 3024/4008
f 4424/4009 3497/4010 841/4011 3001/4012
f 4423/4013 3498/4014 842/4015 3002/4016
f 4422/4017 3499/4018 843/4019 3003/4020
f 4421/4021 3500/4022 844/4023 3004/4024
f 4420/4025 3501/4026 845/4027 3005/4028
f 4419/4029 3502/4030 846/4031 3006/4032
f 4418/4033 3503/4034 847/4035 3007/4036
f 4417/4037 3504/4038 848/4039 3008/4040
f 4416/4041 3505/4042 825/4043 2985/4044
f 4415/4045 3506/4046 826/4047 2986/4048
f 4414/4049 3507/4050 827/4051 2987/4052
f 4413/4053 3508/4054 828/4055 2988/4056
f 4412/4057 3509/4058 829/4059 2989/4060
f 4411/4061 3510/4062 830/4063 2990/4064
f 4410/4065 3511/4066 831/4067 2991/4068
f 4409/4069 3512/4070 832/4071 2992/4072
f 4408/4073 3513/4074 809/4075 2969/4076
f 4407/4077 3514/4078 810/4079 2970/4080
f 4406/4081 3515/4082 811/4083 2971/4084
f 4405/4085 3516/4086 812/4087 2972/4088
f 4404/4089 3517/4090 813/4091 2973/4092
f 4403/4093 3518/4094 814/4095 2974/4096
f 4402/4097 3519/4098 815/4099 2975/4100
f 4401/4101 3520/4102 816/4103 2976/4104
f 4400/4105 3521/4106 793/4107 2953/4108
f 4399/4109 3522/4110 794/4111 2954/4112
f 4398/4113 3523/4114 795/4115 2955/4116
f 4397/4117 3524/4118 796/4119 2956/4120
f 4396/4121 3525/4122 797/4123 2957/4124
f 4395/4125 3526/4126 798/4127 2958/4128
f 4394/4129 3527/4130 799/4131 2959/4132
f 4393/4133 3528/4134 800/4135 2960/4136
f 4392/4137 3817/4138 1336/4139 2365/4140
f 4391/4141 3818/4142 1335/4143 3784/4144
f 4390/4145 3819/4146 1334/4147 3783/4148
f 4389/4149 3820/4150 1333/4151 3782/4152
f 4388/4153 3821/4154 1332/4155 3781/4156
f 4387/4157 3822/4158 1331/4159 3780/4160
f 4386/4161 3823/4162 1330/4163 3779/4164
f 4385/4165 3824/4166 1329/4167 3778/4168
f 4384/4169 3825/4170 1368/4171 2375/4172
f 4383/4173 3826/4174 1367/4175 3816/4176
f 4382/4177 3827/4178 1366/4179 3815/4180
f 4381/4181 3828/4182 1365/4183 3814/4184
f 4380/4185 3829/4186 1364/4187 3813/4188
f 4379/4189 3830/4190 1363/4191 3812/4192
f 4378/4193 3831/4194 1362/4195 3811/4196
f 4377/4197 3832/4198 1361/4199 3810/4200
f 4376/4201 3833/4202 1320/4203 2351/4204
f 4375/4205 3834/4206 1319/4207 3768/4208
f 4374/4209 3835/4210 1318/4211 3767/4212
f 4373/4213 3836/4214 1317/4215 3766/4216
f 4372/4217 3837/4218 1316/4219 3765/4220
f 4371/4221 3838/4222 1315/4223 3764/4224
f 4370/4225 3839/4226 1314/4227 3763/4228
f 4369/4229 3840/4230 1313/4231 3762/4232
f 4368/4233 3841/4234 1112/4235 2276/4236
f 4367/4237 3842/4238 1111/4239 3560/4240
f 4366/4241 3843/4242 1110/4243 3559/4244
f 4365/4245 3844/4246 1109/4247 3558/4248
f 4364/4249 3845/4250 1108/4251 3557/4252
f 4363/4253 3846/4254 1107/4255 3556/4256
f 4362/4257 3847/4258 1106/4259 3555/4260
f 4361/4261 3848/4262 1105/4263 3554/4264
f 4360/4265 3849/4266 1352/4267 2368/4268
f 4359/4269 3850/4270 1351/4271 3800/4272
f 4358/4273 3851/4274 1350/4275 3799/4276
f 4357/4277 3852/4278 1349/4279 3798/4280
f 4356/4281 3853/4282 1348/4283 3797/4284
f 4355/4285 3854/4286 1347/4287 3796/4288
f 4354/4289 3855/4290 1346/4291 3795/4292
f 4353/4293 3856/4294 1345/4295 3794/4296
f 4352/4297 3857/4298 1304/4299 2346/4300
f 4351/4301 3858/4302 1303/4303 3752/4304
f 4350/4305 3859/4306 1302/4307 3751/4308
f 4349/4309 3860/4310 1301/4311 3750/4312
f 4348/4313 3861/4314 1300/4315 3749/4316
f 4347/4317 3862/4318 1299/4319 3748/4320
f 4346/4321 3863/4322 1298/4323 3747/4324
f 4345/4325 3864/4326 1297/4327 3746/4328
f 4344/4329 3865/4330 1344/4331 2367/4332
f 4343/4333 3866/4334 1343/4335 3792/4336
f 4342/4337 3867/4338 1342/4339 3791/4340
f 4341/4341 3868/4342 1341/4343 3790/4344
f 4340/4345 3869/4346 1340/4347 3789/4348
f 4339/4349 3870/4350 1339/4351 3788/4352
f 4338/4353 3871/4354 1338/4355 3787/4356
f 4337/4357 3872/4358 1337/4359 3786/4360
f 4336/4361 3873/4362 1192/4363 2315/4364
f 4335/4365 3874/4366 1191/4367 3640/4368
f 4334/4369 3875/4370 1190/4371 3639/4372
f 4333/4373 3876/4374 1189/4375 3638/4376
f 4332/4377 3877/4378 1188/4379 3637/4380
f 4331/4381 3878/4382 1187/4383 3636/4384
f 4330/4385 3879/4386 1186/4387 3635/4388
f 4329/4389 3880/4390 1185/4391 3634/4392
f 4328/4393 3881/4394 1353/4395 3801/4396
f 4327/4397 3882/4398 1354/4399 3802/4400
f 4326/4401 3883/4402 1355/4403 3803/4404
f 4325/4405 3884/4406 1356/4407 3804/4408
f 4324/4409 3885/4410 1357/4411 3805/4412
f 4323/4413 3886/4414 1358/4415 3806/4416
f 4322/4417 3887/4418 1359/4419 3807/4420
f 4321/4421 3888/4422 1360/4423 3808/4424
f 4320/4425 3889/4426 1208/4427 2322/4428
f 4319/4429 3890/4430 1207/4431 3656/4432
f 4318/4433 3891/4434 1206/4435 3655/4436
f 4317/4437 3892/4438 1205/4439 3654/4440
f 4316/4441 3893/4442 1204/4443 3653/4444
f 4315/4445 3894/4446 1203/4447 3652/4448
f 4314/4449 3895/4450 1202/4451 3651/4452
f 4313/4453 3896/4454 1201/4455 3650/4456
f 4312/4457 3897/4458 1200/4459 2317/4460
f 4311/4461 3898/4462 1199/4463 3648/4464
f 4310/4465 3899/4466 1198/4467 3647/4468
f 4309/4469 3900/4470 1197/4471 3646/4472
f 4308/4473 3901/4474 1196/4475 3645/4476
f 4307/4477 3902/4478 1195/4479 3644/4480
f 4306/4481 3903/4482 1194/4483 3643/4484
f 4305/4485 3904/4486 1193/4487 3642/4488
f 4304/4489 3905/4490 1321/4491 3769/4492
f 4303/4493 3906/4494 1322/4495 3770/4496
f 4302/4497 3907/4498 1323/4499 3771/4500
f 4301/4501 3908/4502 1324/4503 3772/4504
f 4300/4505 3909/4506 1325/4507 3773/4508
f 4299/4509 3910/4510 1326/4511 3774/4512
f 4298/4513 3911/4514 1327/4515 3775/4516
f 4297/4517 3912/4518 1328/4519 3776/4520
f 4296/4521 3913/4522 1248/4523 2333/4524
f 4295/4525 3914/4526 1247/4527 3696/4528
f 4294/4529 3915/4530 1246/4531 3695/4532
f 4293/4533 3916/4534 1245/4535 3694/4536
f 4292/4537 3917/4538 1244/4539 3693/4540
f 4291/4541 3918/4542 1243/4543 3692/4544
f 4290/4545 3919/4546 1242/4547 3691/4548
f 4289/4549 3920/4550 1241/4551 3690/4552
f 4288/4553 3921/4554 1144/4555 2284/4556
f 4287/4557 3922/4558 1143/4559 3592/4560
f 4286/4561 3923/4562 1142/4563 3591/4564
f 4285/4565 3924/4566 1141/4567 3590/4568
f 4284/4569 3925/4570 1140/4571 3589/4572
f 4283/4573 3926/4574 1139/4575 3588/4576
f 4282/4577 3927/4578 1138/4579 3587/4580
f 4281/4581 3928/4582 1137/4583 3586/4584
f 4280/4585 3929/4586 1216/4587 2325/4588
f 4279/4589 3930/4590 1215/4591 3664/4592
f 4278/4593 3931/4594 1214/4595 3663/4596
f 4277/4597 3932/4598 1213/4599 3662/4600
f 4276/4601 3933/4602 1212/4603 3661/4604
f 4275/4605 3934/4606 1211/4607 3660/4608
f 4274/4609 3935/4610 1210/4611 3659/4612
f 4273/4613 3936/4614 1209/4615 3658/4616
f 4272/4617 3937/4618 1280/4619 2337/4620
f 4271/4621 3938/4622 1279/4623 3728/4624
f 4270/4625 3939/4626 1278/4627 3727/4628
f 4269/4629 3940/4630 1277/4631 3726/4632
f 4268/4633 3941/4634 1276/4635 3725/4636
f 4267/4637 3942/4638 1275/4639 3724/4640
f 4266/4641 3943/4642 1274/4643 3723/4644
f 4265/4645 3944/4646 1273/4647 3722/4648
f 4264/4649 3945/4650 1312/4651 2348/4652
f 4263/4653 3946/4654 1311/4655 3760/4656
f 4262/4657 3947/4658 1310/4659 3759/4660
f 4261/4661 3948/4662 1309/4663 3758/4664
f 4260/4665 3949/4666 1308/4667 3757/4668
f 4259/4669 3950/4670 1307/4671 3756/4672
f 4258/4673 3951/4674 1306/4675 3755/4676
f 4257/4677 3952/4678 1305/4679 3754/4680
f 4256/4681 3953/4682 1264/4683 2335/4684
f 4255/4685 3954/4686 1263/4687 3712/4688
f 4254/4689 3955/4690 1262/4691 3711/4692
f 4253/4693 3956/4694 1261/4695 3710/4696
f 4252/4697 3957/4698 1260/4699 3709/4700
f 4251/4701 3958/4702 1259/4703 3708/4704
f 4250/4705 3959/4706 1258/4707 3707/4708
f 4249/4709 3960/4710 1257/4711 3706/4712
f 4248/4713 3961/4714 1232/4715 2328/4716
f 4247/4717 3962/4718 1231/4719 3680/4720
f 4246/4721 3963/4722 1230/4723 3679/4724
f 4245/4725 3964/4726 1229/4727 3678/4728
f 4244/4729 3965/4730 1228/4731 3677/4732
f 4243/4733 3966/4734 1227/4735 3676/4736
f 4242/4737 3967/4738 1226/4739 3675/4740
f 4241/4741 3968/4742 1225/4743 3674/4744
f 4240/4745 3969/4746 1289/4747 3737/4748
f 4239/4749 3970/4750 1290/4751 3738/4752
f 4238/4753 3971/4754 1291/4755 3739/4756
f 4237/4757 3972/4758 1292/4759 3740/4760
f 4236/4761 3973/4762 1293/4763 3741/4764
f 4235/4765 3974/4766 1294/4767 3742/4768
f 4234/4769 3975/4770 1295/4771 3743/4772
f 4233/4773 3976/4774 1296/4775 3744/4776
f 4232/4777 3977/4778 1160/4779 2294/4780
f 4231/4781 3978/4782 1159/4783 3608/4784
f 4230/4785 3979/4786 1158/4787 3607/4788
f 4229/4789 3980/4790 1157/4791 3606/4792
f 4228/4793 3981/4794 1156/4795 3605/4796
f 4227/4797 3982/4798 1155/4799 3604/4800
f 4226/4801 3983/4802 1154/4803 3603/4804
f 4225/4805 3984/4806 1153/4807 3602/4808
f 4224/4809 3985/4810 1281/4811 3729/4812
f 4223/4813 3986/4814 1282/4815 3730/4816
f 4222/4817 3987/4818 1283/4819 3731/4820
f 4221/4821 3988/4822 1284/4823 3732/4824
f 4220/4825 3989/4826 1285/4827 3733/4828
f 4219/4829 3990/4830 1286/4831 3734/4832
f 4218/4833 3991/4834 1287/4835 3735/4836
f 4217/4837 3992/4838 1288/4839 3736/4840
f 4216/4841 3993/4842 1265/4843 3713/4844
f 4215/4845 3994/4846 1266/4847 3714/4848
f 4214/4849 3995/4850 1267/4851 3715/4852
f 4213/4853 3996/4854 1268/4855 3716/4856
f 4212/4857 3997/4858 1269/4859 3717/4860
f 4211/4861 3998/4862 1270/4863 3718/4864
f 4210/4865 3999/4866 1271/4867 3719/4868
f 4209/4869 4000/4870 1272/4871 3720/4872
f 4208/4873 4001/4874 1249/4875 3697/4876
f 4207/4877 4002/4878 1250/4879 3698/4880
f 4206/4881 4003/4882 1251/4883 3699/4884
f 4205/4885 4004/4886 1252/4887 3700/4888
f 4204/4889 4005/4890 1253/4891 3701/4892
f 4203/4893 4006/4894 1254/4895 3702/4896
f 4202/4897 4007/4898 1255/4899 3703/4900
f 4201/4901 4008/4902 1256/4903 3704/4904
f 4200/4905 4009/4906 1233/4907 3681/4908
f 4199/4909 4010/4910 1234/4911 3682/4912
f 4198/4913 4011/4914 1235/4915 3683/4916
f 4197/4917 4012/4918 1236/4919 3684/4920
f 4196/4921 4013/4922 1237/4923 3685/4924
f 4195/4925 4014/4926 1238/4927 3686/4928
f 4194/4929 4015/4930 1239/4931 3687/4932
f 4193/4933 4016/4934 1240/4935 3688/4936
f 4192/4937 4017/4938 1217/4939 3665/4940
f 4191/4941 4018/4942 1218/4943 3666/4944
f 4190/4945 4019/4946 1219/4947 3667/4948
f 4189/4949 4020/4950 1220/4951 3668/4952
f 4188/4953 4021/4954 1221/4955 3669/4956
f 4187/4957 4022/4958 1222/4959 3670/4960
f 4186/4961 4023/4962 1223/4963 3671/4964
f 4185/4965 4024/4966 1224/4967 3672/4968
f 4184/4969 4025/4970 1096/4971 2272/4972
f 4183/4973 4026/4974 1095/4975 3544/4976
f 4182/4977 4027/4978 1094/4979 3543/4980
f 4181/4981 4028/4982 1093/4983 3542/4984
f 4180/4985 4029/4986 1092/4987 3541/4988
f 4179/4989 4030/4990 1091/4991 3540/4992
f 4178/4993 4031/4994 1090/4995 3539/4996
f 4177/4997 4032/4998 1089/4999 3538/5000
f 4176/5001 4033/5002 1128/5003 2282/5004
f 4175/5005 4034/5006 1127/5007 3576/5008
f 4174/5009 4035/5010 1126/5011 3575/5012
f 4173/5013 4036/5014 1125/5015 3574/5016
f 4172/5017 4037/5018 1124/5019 3573/5020
f 4171/5021 4038/5022 1123/5023 3572/5024
f 4170/5025 4039/5026 1122/5027 3571/5028
f 4169/5029 4040/5030 1121/5031 3570/5032
f 4168/5033 4041/5034 1176/5035 2313/5036
f 4167/5037 4042/5038 1175/5039 3624/5040
f 4166/5041 4043/5042 1174/5043 3623/5044
f 4165/5045 4044/5046 1173/5047 3622/5048
f 4164/5049 4045/5050 1172/5051 3621/5052
f 4163/5053 4046/5054 1171/5055 3620/5056
f 4162/5057 4047/5058 1170/5059 3619/5060
f 4161/5061 4048/5062 1169/5063 3618/5064
f 4160/5065 4049/5066 1177/5067 3625/5068
f 4159/5069 4050/5070 1178/5071 3626/5072
f 4158/5073 4051/5074 1179/5075 3627/5076
f 4157/5077 4052/5078 1180/5079 3628/5080
f 4156/5081 4053/5082 1181/5083 3629/5084
f 4155/5085 4054/5086 1182/5087 3630/5088
f 4154/5089 4055/5090 1183/5091 3631/5092
f 4153/5093 4056/5094 1184/5095 3632/5096
f 4152/5097 4057/5098 1161/5099 3609/5100
f 4151/5101 4058/5102 1162/5103 3610/5104
f 4150/5105 4059/5106 1163/5107 3611/5108
f 4149/5109 4060/5110 1164/5111 3612/5112
f 4148/5113 4061/5114 1165/5115 3613/5116
f 4147/5117 4062/5118 1166/5119 3614/5120
f 4146/5121 4063/5122 1167/5123 3615/5124
f 4145/5125 4064/5126 1168/5127 3616/5128
f 4144/5129 4065/5130 1145/5131 3593/5132
f 4143/5133 4066/5134 1146/5135 3594/5136
f 4142/5137 4067/5138 1147/5139 3595/5140
f 4141/5141 4068/5142 1148/5143 3596/5144
f 4140/5145 4069/5146 1149/5147 3597/5148
f 4139/5149 4070/5150 1150/5151 3598/5152
f 4138/5153 4071/5154 1151/5155 3599/5156
f 4137/5157 4072/5158 1152/5159 3600/5160
f 4136/5161 4073/5162 1129/5163 3577/5164
f 4135/5165 4074/5166 1130/5167 3578/5168
f 4134/5169 4075/5170 1131/5171 3579/5172
f 4133/5173 4076/5174 1132/5175 3580/5176
f 4132/5177 4077/5178 1133/5179 3581/5180
f 4131/5181 4078/5182 1134/5183 3582/5184
f 4130/5185 4079/5186 1135/5187 3583/5188
f 4129/5189 4080/5190 1136/5191 3584/5192
f 4128/5193 4081/5194 1113/5195 3561/5196
f 4127/5197 4082/5198 1114/5199 3562/5200
f 4126/5201 4083/5202 1115/5203 3563/5204
f 4125/5205 4084/5206 1116/5207 3564/5208
f 4124/5209 4085/5210 1117/5211 3565/5212
f 4123/5213 4086/5214 1118/5215 3566/5216
f 4122/5217 4087/5218 1119/5219 3567/5220
f 4121/5221 4088/5222 1120/5223 3568/5224
f 4120/5225 4089/5226 1097/5227 3545/5228
f 4119/5229 4090/5230 1098/5231 3546/5232
f 4118/5233 4091/5234 1099/5235 3547/5236
f 4117/5237 4092/5238 1100/5239 3548/5240
f 4116/5241 4093/5242 1101/5243 3549/5244
f 4115/5245 4094/5246 1102/5247 3550/5248
f 4114/5249 4095/5250 1103/5251 3551/5252
f 4113/5253 4096/5254 1104/5255 3552/5256
f 4112/5257 4097/5258 1081/5259 3529/5260
f 4111/5261 4098/5262 1082/5263 3530/5264
f 4110/5265 4099/5266 1083/5267 3531/5268
f 4109/5269 4100/5270 1084/5271 3532/5272
f 4108/5273 4101/5274 1085/5275 3533/5276
f 4107/5277 4102/5278 1086/5279 3534/5280
f 4106/5281 4103/5282 1087/5283 3535/5284
f 4105/5285 4104/5286 1088/5287 3536/5288
f 3538/5000 1089/4999 4104/5286 4105/5285
f 1090/5289 3538/5000 4105/5285 4103/5290
f 4103/5282 4105/5285 3536/5288 1087/5283
f 3539/4996 1090/4995 4103/5290 4106/5281
f 1091/5291 3539/4996 4106/5281 4102/5292
f 4102/5278 4106/5281 3535/5284 1086/5279
f 3540/4992 1091/4991 4102/5292 4107/5277
f 1092/5293 3540/4992 4107/5277 4101/5294
f 4101/5274 4107/5277 3534/5280 1085/5275
f 3541/4988 1092/4987 4101/5294 4108/5273
f 1093/5295 3541/4988 4108/5273 4100/5296
f 4100/5270 4108/5273 3533/5276 1084/5271
f 3542/4984 1093/4983 4100/5296 4109/5269
f 1094/5297 3542/4984 4109/5269 4099/5298
f 4099/5266 4109/5269 3532/5272 1083/5267
f 3543/4980 1094/4979 4099/5298 4110/5265
f 1095/5299 3543/4980 4110/5265 4098/5300
f 4098/5262 4110/5265 3531/5268 1082/5263
f 3544/4976 1095/4975 4098/5300 4111/5261
f 1096/5301 3544/4976 4111/5261 4097/5302
f 4097/5258 4111/5261 3530/5264 1081/5259
f 2272/4972 1096/4971 4097/5302 4112/5257
f 349/5303 2272/4972 4112/5257 1589/5304
f 1589/5304 4112/5257 3529/5260 348/5305
f 3554/4264 1105/4263 4096/5254 4113/5253
f 1106/5306 3554/4264 4113/5253 4095/5307
f 4095/5250 4113/5253 3552/5256 1103/5251
f 3555/4260 1106/4259 4095/5307 4114/5249
f 1107/5308 3555/4260 4114/5249 4094/5309
f 4094/5246 4114/5249 3551/5252 1102/5247
f 3556/4256 1107/4255 4094/5309 4115/5245
f 1108/5310 3556/4256 4115/5245 4093/5311
f 4093/5242 4115/5245 3550/5248 1101/5243
f 3557/4252 1108/4251 4093/5311 4116/5241
f 1109/5312 3557/4252 4116/5241 4092/5313
f 4092/5238 4116/5241 3549/5244 1100/5239
f 3558/4248 1109/4247 4092/5313 4117/5237
f 1110/5314 3558/4248 4117/5237 4091/5315
f 4091/5234 4117/5237 3548/5240 1099/5235
f 3559/4244 1110/4243 4091/5315 4118/5233
f 1111/5316 3559/4244 4118/5233 4090/5317
f 4090/5230 4118/5233 3547/5236 1098/5231
f 3560/4240 1111/4239 4090/5317 4119/5229
f 1112/5318 3560/4240 4119/5229 4089/5319
f 4089/5226 4119/5229 3546/5232 1097/5227
f 2276/4236 1112/4235 4089/5319 4120/5225
f 335/5320 2276/4236 4120/5225 2019/5321
f 2019/5321 4120/5225 3545/5228 325/5322
f 3570/5032 1121/5031 4088/5222 4121/5221
f 1122/5323 3570/5032 4121/5221 4087/5324
f 4087/5218 4121/5221 3568/5224 1119/5219
f 3571/5028 1122/5027 4087/5324 4122/5217
f 1123/5325 3571/5028 4122/5217 4086/5326
f 4086/5214 4122/5217 3567/5220 1118/5215
f 3572/5024 1123/5023 4086/5326 4123/5213
f 1124/5327 3572/5024 4123/5213 4085/5328
f 4085/5210 4123/5213 3566/5216 1117/5211
f 3573/5020 1124/5019 4085/5328 4124/5209
f 1125/5329 3573/5020 4124/5209 4084/5330
f 4084/5206 4124/5209 3565/5212 1116/5207
f 3574/5016 1125/5015 4084/5330 4125/5205
f 1126/5331 3574/5016 4125/5205 4083/5332
f 4083/5202 4125/5205 3564/5208 1115/5203
f 3575/5012 1126/5011 4083/5332 4126/5201
f 1127/5333 3575/5012 4126/5201 4082/5334
f 4082/5198 4126/5201 3563/5204 1114/5199
f 3576/5008 1127/5007 4082/5334 4127/5197
f 1128/5335 3576/5008 4127/5197 4081/5336
f 4081/5194 4127/5197 3562/5200 1113/5195
f 2282/5004 1128/5003 4081/5336 4128/5193
f 346/5337 2282/5004 4128/5193 1590/5338
f 1590/5338 4128/5193 3561/5196 359/5339
f 3586/5340 1137/5341 4080/5190 4129/5189
f 1138/5342 3586/5340 4129/5189 4079/5343
f 4079/5186 4129/5189 3584/5192 1135/5187
f 3587/5344 1138/5342 4079/5343 4130/5185
f 1139/5345 3587/5344 4130/5185 4078/5346
f 4078/5182 4130/5185 3583/5188 1134/5183
f 3588/5347 1139/5345 4078/5346 4131/5181
f 1140/5348 3588/5347 4131/5181 4077/5349
f 4077/5178 4131/5181 3582/5184 1133/5179
f 3589/5350 1140/5348 4077/5349 4132/5177
f 1141/5351 3589/5350 4132/5177 4076/5352
f 4076/5174 4132/5177 3581/5180 1132/5175
f 3590/5353 1141/5351 4076/5352 4133/5173
f 1142/5354 3590/5353 4133/5173 4075/5355
f 4075/5170 4133/5173 3580/5176 1131/5171
f 3591/5356 1142/5354 4075/5355 4134/5169
f 1143/5357 3591/5356 4134/5169 4074/5358
f 4074/5166 4134/5169 3579/5172 1130/5167
f 3592/5359 1143/5357 4074/5358 4135/5165
f 1144/5360 3592/5359 4135/5165 4073/5361
f 4073/5162 4135/5165 3578/5168 1129/5163
f 2284/5362 1144/5360 4073/5361 4136/5161
f 347/5363 2284/5362 4136/5161 1591/5364
f 1591/5364 4136/5161 3577/5164 340/5365
f 3602/4808 1153/4807 4072/5158 4137/5157
f 1154/5366 3602/4808 4137/5157 4071/5367
f 4071/5154 4137/5157 3600/5160 1151/5155
f 3603/4804 1154/4803 4071/5367 4138/5153
f 1155/5368 3603/4804 4138/5153 4070/5369
f 4070/5150 4138/5153 3599/5156 1150/5151
f 3604/4800 1155/4799 4070/5369 4139/5149
f 1156/5370 3604/4800 4139/5149 4069/5371
f 4069/5146 4139/5149 3598/5152 1149/5147
f 3605/4796 1156/4795 4069/5371 4140/5145
f 1157/5372 3605/4796 4140/5145 4068/5373
f 4068/5142 4140/5145 3597/5148 1148/5143
f 3606/4792 1157/4791 4068/5373 4141/5141
f 1158/5374 3606/4792 4141/5141 4067/5375
f 4067/5138 4141/5141 3596/5144 1147/5139
f 3607/4788 1158/4787 4067/5375 4142/5137
f 1159/5376 3607/4788 4142/5137 4066/5377
f 4066/5134 4142/5137 3595/5140 1146/5135
f 3608/4784 1159/4783 4066/5377 4143/5133
f 1160/5378 3608/4784 4143/5133 4065/5379
f 4065/5130 4143/5133 3594/5136 1145/5131
f 2294/4780 1160/4779 4065/5379 4144/5129
f 354/5380 2294/4780 4144/5129 1615/5381
f 1615/5381 4144/5129 3593/5132 343/5382
f 3618/5064 1169/5063 4064/5126 4145/5125
f 1170/5383 3618/5064 4145/5125 4063/5384
f 4063/5122 4145/5125 3616/5128 1167/5123
f 3619/5060 1170/5059 4063/5384 4146/5121
f 1171/5385 3619/5060 4146/5121 4062/5386
f 4062/5118 4146/5121 3615/5124 1166/5119
f 3620/5056 1171/5055 4062/5386 4147/5117
f 1172/5387 3620/5056 4147/5117 4061/5388
f 4061/5114 4147/5117 3614/5120 1165/5115
f 3621/5052 1172/5051 4061/5388 4148/5113
f 1173/5389 3621/5052 4148/5113 4060/5390
f 4060/5110 4148/5113 3613/5116 1164/5111
f 3622/5048 1173/5047 4060/5390 4149/5109
f 1174/5391 3622/5048 4149/5109 4059/5392
f 4059/5106 4149/5109 3612/5112 1163/5107
f 3623/5044 1174/5043 4059/5392 4150/5105
f 1175/5393 3623/5044 4150/5105 4058/5394
f 4058/5102 4150/5105 3611/5108 1162/5103
f 3624/5040 1175/5039 4058/5394 4151/5101
f 1176/5395 3624/5040 4151/5101 4057/5396
f 4057/5098 4151/5101 3610/5104 1161/5099
f 2313/5036 1176/5035 4057/5396 4152/5097
f 330/5397 2313/5036 4152/5097 2083/5398
f 2083/5398 4152/5097 3609/5100 331/5399
f 3634/4392 1185/4391 4056/5094 4153/5093
f 1186/5400 3634/4392 4153/5093 4055/5401
f 4055/5090 4153/5093 3632/5096 1183/5091
f 3635/4388 1186/4387 4055/5401 4154/5089
f 1187/5402 3635/4388 4154/5089 4054/5403
f 4054/5086 4154/5089 3631/5092 1182/5087
f 3636/4384 1187/4383 4054/5403 4155/5085
f 1188/5404 3636/4384 4155/5085 4053/5405
f 4053/5082 4155/5085 3630/5088 1181/5083
f 3637/4380 1188/4379 4053/5405 4156/5081
f 1189/5406 3637/4380 4156/5081 4052/5407
f 4052/5078 4156/5081 3629/5084 1180/5079
f 3638/4376 1189/4375 4052/5407 4157/5077
f 1190/5408 3638/4376 4157/5077 4051/5409
f 4051/5074 4157/5077 3628/5080 1179/5075
f 3639/4372 1190/4371 4051/5409 4158/5073
f 1191/5410 3639/4372 4158/5073 4050/5411
f 4050/5070 4158/5073 3627/5076 1178/5071
f 3640/4368 1191/4367 4050/5411 4159/5069
f 1192/5412 3640/4368 4159/5069 4049/5413
f 4049/5066 4159/5069 3626/5072 1177/5067
f 2315/4364 1192/4363 4049/5413 4160/5065
f 341/5414 2315/4364 4160/5065 1621/5415
f 1621/5415 4160/5065 3625/5068 351/5416
f 3642/4488 1193/4487 4048/5062 4161/5061
f 1194/5417 3642/4488 4161/5061 4047/5418
f 4047/5058 4161/5061 3618/5064 1170/5059
f 3643/4484 1194/4483 4047/5418 4162/5057
f 1195/5419 3643/4484 4162/5057 4046/5420
f 4046/5054 4162/5057 3619/5060 1171/5055
f 3644/4480 1195/4479 4046/5420 4163/5053
f 1196/5421 3644/4480 4163/5053 4045/5422
f 4045/5050 4163/5053 3620/5056 1172/5051
f 3645/4476 1196/4475 4045/5422 4164/5049
f 1197/5423 3645/4476 4164/5049 4044/5424
f 4044/5046 4164/5049 3621/5052 1173/5047
f 3646/4472 1197/4471 4044/5424 4165/5045
f 1198/5425 3646/4472 4165/5045 4043/5426
f 4043/5042 4165/5045 3622/5048 1174/5043
f 3647/4468 1198/4467 4043/5426 4166/5041
f 1199/5427 3647/4468 4166/5041 4042/5428
f 4042/5038 4166/5041 3623/5044 1175/5039
f 3648/4464 1199/4463 4042/5428 4167/5037
f 1200/5429 3648/4464 4167/5037 4041/5430
f 4041/5034 4167/5037 3624/5040 1176/5035
f 2317/4460 1200/4459 4041/5430 4168/5033
f 333/5431 2317/4460 4168/5033 2033/5432
f 2033/5432 4168/5033 2313/5036 330/5397
f 3650/4456 1201/4455 4040/5030 4169/5029
f 1202/5433 3650/4456 4169/5029 4039/5434
f 4039/5026 4169/5029 3570/5032 1122/5027
f 3651/4452 1202/4451 4039/5434 4170/5025
f 1203/5435 3651/4452 4170/5025 4038/5436
f 4038/5022 4170/5025 3571/5028 1123/5023
f 3652/4448 1203/4447 4038/5436 4171/5021
f 1204/5437 3652/4448 4171/5021 4037/5438
f 4037/5018 4171/5021 3572/5024 1124/5019
f 3653/4444 1204/4443 4037/5438 4172/5017
f 1205/5439 3653/4444 4172/5017 4036/5440
f 4036/5014 4172/5017 3573/5020 1125/5015
f 3654/4440 1205/4439 4036/5440 4173/5013
f 1206/5441 3654/4440 4173/5013 4035/5442
f 4035/5010 4173/5013 3574/5016 1126/5011
f 3655/4436 1206/4435 4035/5442 4174/5009
f 1207/5443 3655/4436 4174/5009 4034/5444
f 4034/5006 4174/5009 3575/5012 1127/5007
f 3656/4432 1207/4431 4034/5444 4175/5005
f 1208/5445 3656/4432 4175/5005 4033/5446
f 4033/5002 4175/5005 3576/5008 1128/5003
f 2322/4428 1208/4427 4033/5446 4176/5001
f 345/5447 2322/4428 4176/5001 1622/5448
f 1622/5448 4176/5001 2282/5004 346/5337
f 3658/4616 1209/4615 4032/4998 4177/4997
f 1210/5449 3658/4616 4177/4997 4031/5450
f 4031/4994 4177/4997 3538/5000 1090/4995
f 3659/4612 1210/4611 4031/5450 4178/4993
f 1211/5451 3659/4612 4178/4993 4030/5452
f 4030/4990 4178/4993 3539/4996 1091/4991
f 3660/4608 1211/4607 4030/5452 4179/4989
f 1212/5453 3660/4608 4179/4989 4029/5454
f 4029/4986 4179/4989 3540/4992 1092/4987
f 3661/4604 1212/4603 4029/5454 4180/4985
f 1213/5455 3661/4604 4180/4985 4028/5456
f 4028/4982 4180/4985 3541/4988 1093/4983
f 3662/4600 1213/4599 4028/5456 4181/4981
f 1214/5457 3662/4600 4181/4981 4027/5458
f 4027/4978 4181/4981 3542/4984 1094/4979
f 3663/4596 1214/4595 4027/5458 4182/4977
f 1215/5459 3663/4596 4182/4977 4026/5460
f 4026/4974 4182/4977 3543/4980 1095/4975
f 3664/4592 1215/4591 4026/5460 4183/4973
f 1216/5461 3664/4592 4183/4973 4025/5462
f 4025/4970 4183/4973 3544/4976 1096/4971
f 2325/4588 1216/4587 4025/5462 4184/4969
f 353/5463 2325/4588 4184/4969 1597/5464
f 1597/5464 4184/4969 2272/4972 349/5303
f 3674/4744 1225/4743 4024/4966 4185/4965
f 1226/5465 3674/4744 4185/4965 4023/5466
f 4023/4962 4185/4965 3672/4968 1223/4963
f 3675/4740 1226/4739 4023/5466 4186/4961
f 1227/5467 3675/4740 4186/4961 4022/5468
f 4022/4958 4186/4961 3671/4964 1222/4959
f 3676/4736 1227/4735 4022/5468 4187/4957
f 1228/5469 3676/4736 4187/4957 4021/5470
f 4021/4954 4187/4957 3670/4960 1221/4955
f 3677/4732 1228/4731 4021/5470 4188/4953
f 1229/5471 3677/4732 4188/4953 4020/5472
f 4020/4950 4188/4953 3669/4956 1220/4951
f 3678/4728 1229/4727 4020/5472 4189/4949
f 1230/5473 3678/4728 4189/4949 4019/5474
f 4019/4946 4189/4949 3668/4952 1219/4947
f 3679/4724 1230/4723 4019/5474 4190/4945
f 1231/5475 3679/4724 4190/4945 4018/5476
f 4018/4942 4190/4945 3667/4948 1218/4943
f 3680/4720 1231/4719 4018/5476 4191/4941
f 1232/5477 3680/4720 4191/4941 4017/5478
f 4017/4938 4191/4941 3666/4944 1217/4939
f 2328/4716 1232/4715 4017/5478 4192/4937
f 334/5479 2328/4716 4192/4937 2037/5480
f 2037/5480 4192/4937 3665/4940 332/5481
f 3690/4552 1241/4551 4016/4934 4193/4933
f 1242/5482 3690/4552 4193/4933 4015/5483
f 4015/4930 4193/4933 3688/4936 1239/4931
f 3691/4548 1242/4547 4015/5483 4194/4929
f 1243/5484 3691/4548 4194/4929 4014/5485
f 4014/4926 4194/4929 3687/4932 1238/4927
f 3692/4544 1243/4543 4014/5485 4195/4925
f 1244/5486 3692/4544 4195/4925 4013/5487
f 4013/4922 4195/4925 3686/4928 1237/4923
f 3693/4540 1244/4539 4013/5487 4196/4921
f 1245/5488 3693/4540 4196/4921 4012/5489
f 4012/4918 4196/4921 3685/4924 1236/4919
f 3694/4536 1245/4535 4012/5489 4197/4917
f 1246/5490 3694/4536 4197/4917 4011/5491
f 4011/4914 4197/4917 3684/4920 1235/4915
f 3695/4532 1246/4531 4011/5491 4198/4913
f 1247/5492 3695/4532 4198/4913 4010/5493
f 4010/4910 4198/4913 3683/4916 1234/4911
f 3696/4528 1247/4527 4010/5493 4199/4909
f 1248/5494 3696/4528 4199/4909 4009/5495
f 4009/4906 4199/4909 3682/4912 1233/4907
f 2333/4524 1248/4523 4009/5495 4200/4905
f 355/5496 2333/4524 4200/4905 1623/5497
f 1623/5497 4200/4905 3681/4908 342/5498
f 3706/4712 1257/4711 4008/4902 4201/4901
f 1258/5499 3706/4712 4201/4901 4007/5500
f 4007/4898 4201/4901 3704/4904 1255/4899
f 3707/4708 1258/4707 4007/5500 4202/4897
f 1259/5501 3707/4708 4202/4897 4006/5502
f 4006/4894 4202/4897 3703/4900 1254/4895
f 3708/4704 1259/4703 4006/5502 4203/4893
f 1260/5503 3708/4704 4203/4893 4005/5504
f 4005/4890 4203/4893 3702/4896 1253/4891
f 3709/4700 1260/4699 4005/5504 4204/4889
f 1261/5505 3709/4700 4204/4889 4004/5506
f 4004/4886 4204/4889 3701/4892 1252/4887
f 3710/4696 1261/4695 4004/5506 4205/4885
f 1262/5507 3710/4696 4205/4885 4003/5508
f 4003/4882 4205/4885 3700/4888 1251/4883
f 3711/4692 1262/4691 4003/5508 4206/4881
f 1263/5509 3711/4692 4206/4881 4002/5510
f 4002/4878 4206/4881 3699/4884 1250/4879
f 3712/4688 1263/4687 4002/5510 4207/4877
f 1264/5511 3712/4688 4207/4877 4001/5512
f 4001/4874 4207/4877 3698/4880 1249/4875
f 2335/4684 1264/4683 4001/5512 4208/4873
f 328/5513 2335/4684 4208/4873 2089/5514
f 2089/5514 4208/4873 3697/4876 327/5515
f 3722/4648 1273/4647 4000/4870 4209/4869
f 1274/5516 3722/4648 4209/4869 3999/5517
f 3999/4866 4209/4869 3720/4872 1271/4867
f 3723/4644 1274/4643 3999/5517 4210/4865
f 1275/5518 3723/4644 4210/4865 3998/5519
f 3998/4862 4210/4865 3719/4868 1270/4863
f 3724/4640 1275/4639 3998/5519 4211/4861
f 1276/5520 3724/4640 4211/4861 3997/5521
f 3997/4858 4211/4861 3718/4864 1269/4859
f 3725/4636 1276/4635 3997/5521 4212/4857
f 1277/5522 3725/4636 4212/4857 3996/5523
f 3996/4854 4212/4857 3717/4860 1268/4855
f 3726/4632 1277/4631 3996/5523 4213/4853
f 1278/5524 3726/4632 4213/4853 3995/5525
f 3995/4850 4213/4853 3716/4856 1267/4851
f 3727/4628 1278/4627 3995/5525 4214/4849
f 1279/5526 3727/4628 4214/4849 3994/5527
f 3994/4846 4214/4849 3715/4852 1266/4847
f 3728/4624 1279/4623 3994/5527 4215/4845
f 1280/5528 3728/4624 4215/4845 3993/5529
f 3993/4842 4215/4845 3714/4848 1265/4843
f 2337/4620 1280/4619 3993/5529 4216/4841
f 358/5530 2337/4620 4216/4841 1572/5531
f 1572/5531 4216/4841 3713/4844 356/5532
f 3704/4904 1256/4903 3992/4838 4217/4837
f 1255/4899 3704/4904 4217/4837 3991/5533
f 3991/4834 4217/4837 3736/4840 1287/4835
f 3703/4900 1255/4899 3991/5533 4218/4833
f 1254/4895 3703/4900 4218/4833 3990/5534
f 3990/4830 4218/4833 3735/4836 1286/4831
f 3702/4896 1254/4895 3990/5534 4219/4829
f 1253/4891 3702/4896 4219/4829 3989/5535
f 3989/4826 4219/4829 3734/4832 1285/4827
f 3701/4892 1253/4891 3989/5535 4220/4825
f 1252/4887 3701/4892 4220/4825 3988/5536
f 3988/4822 4220/4825 3733/4828 1284/4823
f 3700/4888 1252/4887 3988/5536 4221/4821
f 1251/4883 3700/4888 4221/4821 3987/5537
f 3987/4818 4221/4821 3732/4824 1283/4819
f 3699/4884 1251/4883 3987/5537 4222/4817
f 1250/4879 3699/4884 4222/4817 3986/5538
f 3986/4814 4222/4817 3731/4820 1282/4815
f 3698/4880 1250/4879 3986/5538 4223/4813
f 1249/4875 3698/4880 4223/4813 3985/5539
f 3985/4810 4223/4813 3730/4816 1281/4811
f 3697/4876 1249/4875 3985/5539 4224/4809
f 327/5515 3697/4876 4224/4809 2091/5540
f 2091/5540 4224/4809 3729/4812 326/5541
f 3688/4936 1240/4935 3984/4806 4225/4805
f 1239/4931 3688/4936 4225/4805 3983/5542
f 3983/4802 4225/4805 3602/4808 1154/4803
f 3687/4932 1239/4931 3983/5542 4226/4801
f 1238/4927 3687/4932 4226/4801 3982/5543
f 3982/4798 4226/4801 3603/4804 1155/4799
f 3686/4928 1238/4927 3982/5543 4227/4797
f 1237/4923 3686/4928 4227/4797 3981/5544
f 3981/4794 4227/4797 3604/4800 1156/4795
f 3685/4924 1237/4923 3981/5544 4228/4793
f 1236/4919 3685/4924 4228/4793 3980/5545
f 3980/4790 4228/4793 3605/4796 1157/4791
f 3684/4920 1236/4919 3980/5545 4229/4789
f 1235/4915 3684/4920 4229/4789 3979/5546
f 3979/4786 4229/4789 3606/4792 1158/4787
f 3683/4916 1235/4915 3979/5546 4230/4785
f 1234/4911 3683/4916 4230/4785 3978/5547
f 3978/4782 4230/4785 3607/4788 1159/4783
f 3682/4912 1234/4911 3978/5547 4231/4781
f 1233/4907 3682/4912 4231/4781 3977/5548
f 3977/4778 4231/4781 3608/4784 1160/4779
f 3681/4908 1233/4907 3977/5548 4232/4777
f 342/5498 3681/4908 4232/4777 1625/5549
f 1625/5549 4232/4777 2294/4780 354/5380
f 3746/4328 1297/4327 3976/4774 4233/4773
f 1298/5550 3746/4328 4233/4773 3975/5551
f 3975/4770 4233/4773 3744/4776 1295/4771
f 3747/4324 1298/4323 3975/5551 4234/4769
f 1299/5552 3747/4324 4234/4769 3974/5553
f 3974/4766 4234/4769 3743/4772 1294/4767
f 3748/4320 1299/4319 3974/5553 4235/4765
f 1300/5554 3748/4320 4235/4765 3973/5555
f 3973/4762 4235/4765 3742/4768 1293/4763
f 3749/4316 1300/4315 3973/5555 4236/4761
f 1301/5556 3749/4316 4236/4761 3972/5557
f 3972/4758 4236/4761 3741/4764 1292/4759
f 3750/4312 1301/4311 3972/5557 4237/4757
f 1302/5558 3750/4312 4237/4757 3971/5559
f 3971/4754 4237/4757 3740/4760 1291/4755
f 3751/4308 1302/4307 3971/5559 4238/4753
f 1303/5560 3751/4308 4238/4753 3970/5561
f 3970/4750 4238/4753 3739/4756 1290/4751
f 3752/4304 1303/4303 3970/5561 4239/4749
f 1304/5562 3752/4304 4239/4749 3969/5563
f 3969/4746 4239/4749 3738/4752 1289/4747
f 2346/4300 1304/4299 3969/5563 4240/4745
f 360/5564 2346/4300 4240/4745 1574/5565
f 1574/5565 4240/4745 3737/4748 350/5566
f 3616/5128 1168/5127 3968/4742 4241/4741
f 1167/5123 3616/5128 4241/4741 3967/5567
f 3967/4738 4241/4741 3674/4744 1226/4739
f 3615/5124 1167/5123 3967/5567 4242/4737
f 1166/5119 3615/5124 4242/4737 3966/5568
f 3966/4734 4242/4737 3675/4740 1227/4735
f 3614/5120 1166/5119 3966/5568 4243/4733
f 1165/5115 3614/5120 4243/4733 3965/5569
f 3965/4730 4243/4733 3676/4736 1228/4731
f 3613/5116 1165/5115 3965/5569 4244/4729
f 1164/5111 3613/5116 4244/4729 3964/5570
f 3964/4726 4244/4729 3677/4732 1229/4727
f 3612/5112 1164/5111 3964/5570 4245/4725
f 1163/5107 3612/5112 4245/4725 3963/5571
f 3963/4722 4245/4725 3678/4728 1230/4723
f 3611/5108 1163/5107 3963/5571 4246/4721
f 1162/5103 3611/5108 4246/4721 3962/5572
f 3962/4718 4246/4721 3679/4724 1231/4719
f 3610/5104 1162/5103 3962/5572 4247/4717
f 1161/5099 3610/5104 4247/4717 3961/5573
f 3961/4714 4247/4717 3680/4720 1232/4715
f 3609/5100 1161/5099 3961/5573 4248/4713
f 331/5399 3609/5100 4248/4713 2042/5574
f 2042/5574 4248/4713 2328/4716 334/5479
f 3754/4680 1305/4679 3960/4710 4249/4709
f 1306/5575 3754/4680 4249/4709 3959/5576
f 3959/4706 4249/4709 3706/4712 1258/4707
f 3755/4676 1306/4675 3959/5576 4250/4705
f 1307/5577 3755/4676 4250/4705 3958/5578
f 3958/4702 4250/4705 3707/4708 1259/4703
f 3756/4672 1307/4671 3958/5578 4251/4701
f 1308/5579 3756/4672 4251/4701 3957/5580
f 3957/4698 4251/4701 3708/4704 1260/4699
f 3757/4668 1308/4667 3957/5580 4252/4697
f 1309/5581 3757/4668 4252/4697 3956/5582
f 3956/4694 4252/4697 3709/4700 1261/4695
f 3758/4664 1309/4663 3956/5582 4253/4693
f 1310/5583 3758/4664 4253/4693 3955/5584
f 3955/4690 4253/4693 3710/4696 1262/4691
f 3759/4660 1310/4659 3955/5584 4254/4689
f 1311/5585 3759/4660 4254/4689 3954/5586
f 3954/4686 4254/4689 3711/4692 1263/4687
f 3760/4656 1311/4655 3954/5586 4255/4685
f 1312/5587 3760/4656 4255/4685 3953/5588
f 3953/4682 4255/4685 3712/4688 1264/4683
f 2348/4652 1312/4651 3953/5588 4256/4681
f 329/5589 2348/4652 4256/4681 2094/5590
f 2094/5590 4256/4681 2335/4684 328/5513
f 3584/5192 1136/5191 3952/4678 4257/4677
f 1135/5187 3584/5192 4257/4677 3951/5591
f 3951/4674 4257/4677 3754/4680 1306/4675
f 3583/5188 1135/5187 3951/5591 4258/4673
f 1134/5183 3583/5188 4258/4673 3950/5592
f 3950/4670 4258/4673 3755/4676 1307/4671
f 3582/5184 1134/5183 3950/5592 4259/4669
f 1133/5179 3582/5184 4259/4669 3949/5593
f 3949/4666 4259/4669 3756/4672 1308/4667
f 3581/5180 1133/5179 3949/5593 4260/4665
f 1132/5175 3581/5180 4260/4665 3948/5594
f 3948/4662 4260/4665 3757/4668 1309/4663
f 3580/5176 1132/5175 3948/5594 4261/4661
f 1131/5171 3580/5176 4261/4661 3947/5595
f 3947/4658 4261/4661 3758/4664 1310/4659
f 3579/5172 1131/5171 3947/5595 4262/4657
f 1130/5167 3579/5172 4262/4657 3946/5596
f 3946/4654 4262/4657 3759/4660 1311/4655
f 3578/5168 1130/5167 3946/5596 4263/4653
f 1129/5163 3578/5168 4263/4653 3945/5597
f 3945/4650 4263/4653 3760/4656 1312/4651
f 3577/5164 1129/5163 3945/5597 4264/4649
f 340/5365 3577/5164 4264/4649 2043/5598
f 2043/5598 4264/4649 2348/4652 329/5589
f 3762/4232 1313/4231 3944/4646 4265/4645
f 1314/5599 3762/4232 4265/4645 3943/5600
f 3943/4642 4265/4645 3722/4648 1274/4643
f 3763/4228 1314/4227 3943/5600 4266/4641
f 1315/5601 3763/4228 4266/4641 3942/5602
f 3942/4638 4266/4641 3723/4644 1275/4639
f 3764/4224 1315/4223 3942/5602 4267/4637
f 1316/5603 3764/4224 4267/4637 3941/5604
f 3941/4634 4267/4637 3724/4640 1276/4635
f 3765/4220 1316/4219 3941/5604 4268/4633
f 1317/5605 3765/4220 4268/4633 3940/5606
f 3940/4630 4268/4633 3725/4636 1277/4631
f 3766/4216 1317/4215 3940/5606 4269/4629
f 1318/5607 3766/4216 4269/4629 3939/5608
f 3939/4626 4269/4629 3726/4632 1278/4627
f 3767/4212 1318/4211 3939/5608 4270/4625
f 1319/5609 3767/4212 4270/4625 3938/5610
f 3938/4622 4270/4625 3727/4628 1279/4623
f 3768/4208 1319/4207 3938/5610 4271/4621
f 1320/5611 3768/4208 4271/4621 3937/5612
f 3937/4618 4271/4621 3728/4624 1280/4619
f 2351/4204 1320/4203 3937/5612 4272/4617
f 357/5613 2351/4204 4272/4617 1546/5614
f 1546/5614 4272/4617 2337/4620 358/5530
f 3744/4776 1296/4775 3936/4614 4273/4613
f 1295/4771 3744/4776 4273/4613 3935/5615
f 3935/4610 4273/4613 3658/4616 1210/4611
f 3743/4772 1295/4771 3935/5615 4274/4609
f 1294/4767 3743/4772 4274/4609 3934/5616
f 3934/4606 4274/4609 3659/4612 1211/4607
f 3742/4768 1294/4767 3934/5616 4275/4605
f 1293/4763 3742/4768 4275/4605 3933/5617
f 3933/4602 4275/4605 3660/4608 1212/4603
f 3741/4764 1293/4763 3933/5617 4276/4601
f 1292/4759 3741/4764 4276/4601 3932/5618
f 3932/4598 4276/4601 3661/4604 1213/4599
f 3740/4760 1292/4759 3932/5618 4277/4597
f 1291/4755 3740/4760 4277/4597 3931/5619
f 3931/4594 4277/4597 3662/4600 1214/4595
f 3739/4756 1291/4755 3931/5619 4278/4593
f 1290/4751 3739/4756 4278/4593 3930/5620
f 3930/4590 4278/4593 3663/4596 1215/4591
f 3738/4752 1290/4751 3930/5620 4279/4589
f 1289/4747 3738/4752 4279/4589 3929/5621
f 3929/4586 4279/4589 3664/4592 1216/4587
f 3737/4748 1289/4747 3929/5621 4280/4585
f 350/5566 3737/4748 4280/4585 1600/5622
f 1600/5622 4280/4585 2325/4588 353/5463
f 3568/5224 1120/5223 3928/4582 4281/4581
f 1119/5219 3568/5224 4281/4581 3927/5623
f 3927/4578 4281/4581 3586/4584 1138/4579
f 3567/5220 1119/5219 3927/5623 4282/4577
f 1118/5215 3567/5220 4282/4577 3926/5624
f 3926/4574 4282/4577 3587/4580 1139/4575
f 3566/5216 1118/5215 3926/5624 4283/4573
f 1117/5211 3566/5216 4283/4573 3925/5625
f 3925/4570 4283/4573 3588/4576 1140/4571
f 3565/5212 1117/5211 3925/5625 4284/4569
f 1116/5207 3565/5212 4284/4569 3924/5626
f 3924/4566 4284/4569 3589/4572 1141/4567
f 3564/5208 1116/5207 3924/5626 4285/4565
f 1115/5203 3564/5208 4285/4565 3923/5627
f 3923/4562 4285/4565 3590/4568 1142/4563
f 3563/5204 1115/5203 3923/5627 4286/4561
f 1114/5199 3563/5204 4286/4561 3922/5628
f 3922/4558 4286/4561 3591/4564 1143/4559
f 3562/5200 1114/5199 3922/5628 4287/4557
f 1113/5195 3562/5200 4287/4557 3921/5629
f 3921/4554 4287/4557 3592/4560 1144/4555
f 3561/5196 1113/5195 3921/5629 4288/4553
f 359/5339 3561/5196 4288/4553 1601/5630
f 1601/5630 4288/4553 2284/4556 347/5631
f 3720/4872 1272/4871 3920/4550 4289/4549
f 1271/4867 3720/4872 4289/4549 3919/5632
f 3919/4546 4289/4549 3690/4552 1242/4547
f 3719/4868 1271/4867 3919/5632 4290/4545
f 1270/4863 3719/4868 4290/4545 3918/5633
f 3918/4542 4290/4545 3691/4548 1243/4543
f 3718/4864 1270/4863 3918/5633 4291/4541
f 1269/4859 3718/4864 4291/4541 3917/5634
f 3917/4538 4291/4541 3692/4544 1244/4539
f 3717/4860 1269/4859 3917/5634 4292/4537
f 1268/4855 3717/4860 4292/4537 3916/5635
f 3916/4534 4292/4537 3693/4540 1245/4535
f 3716/4856 1268/4855 3916/5635 4293/4533
f 1267/4851 3716/4856 4293/4533 3915/5636
f 3915/4530 4293/4533 3694/4536 1246/4531
f 3715/4852 1267/4851 3915/5636 4294/4529
f 1266/4847 3715/4852 4294/4529 3914/5637
f 3914/4526 4294/4529 3695/4532 1247/4527
f 3714/4848 1266/4847 3914/5637 4295/4525
f 1265/4843 3714/4848 4295/4525 3913/5638
f 3913/4522 4295/4525 3696/4528 1248/4523
f 3713/4844 1265/4843 3913/5638 4296/4521
f 356/5532 3713/4844 4296/4521 1551/5639
f 1551/5639 4296/4521 2333/4524 355/5496
f 3778/4168 1329/4167 3912/4518 4297/4517
f 1330/5640 3778/4168 4297/4517 3911/5641
f 3911/4514 4297/4517 3776/4520 1327/4515
f 3779/4164 1330/4163 3911/5641 4298/4513
f 1331/5642 3779/4164 4298/4513 3910/5643
f 3910/4510 4298/4513 3775/4516 1326/4511
f 3780/4160 1331/4159 3910/5643 4299/4509
f 1332/5644 3780/4160 4299/4509 3909/5645
f 3909/4506 4299/4509 3774/4512 1325/4507
f 3781/4156 1332/4155 3909/5645 4300/4505
f 1333/5646 3781/4156 4300/4505 3908/5647
f 3908/4502 4300/4505 3773/4508 1324/4503
f 3782/4152 1333/4151 3908/5647 4301/4501
f 1334/5648 3782/4152 4301/4501 3907/5649
f 3907/4498 4301/4501 3772/4504 1323/4499
f 3783/4148 1334/4147 3907/5649 4302/4497
f 1335/5650 3783/4148 4302/4497 3906/5651
f 3906/4494 4302/4497 3771/4500 1322/4495
f 3784/4144 1335/4143 3906/5651 4303/4493
f 1336/5652 3784/4144 4303/4493 3905/5653
f 3905/4490 4303/4493 3770/4496 1321/4491
f 2365/4140 1336/4139 3905/5653 4304/4489
f 336/5654 2365/4140 4304/4489 2054/5655
f 2054/5655 4304/4489 3769/4492 337/5656
f 3786/4360 1337/4359 3904/4486 4305/4485
f 1338/5657 3786/4360 4305/4485 3903/5658
f 3903/4482 4305/4485 3642/4488 1194/4483
f 3787/4356 1338/4355 3903/5658 4306/4481
f 1339/5659 3787/4356 4306/4481 3902/5660
f 3902/4478 4306/4481 3643/4484 1195/4479
f 3788/4352 1339/4351 3902/5660 4307/4477
f 1340/5661 3788/4352 4307/4477 3901/5662
f 3901/4474 4307/4477 3644/4480 1196/4475
f 3789/4348 1340/4347 3901/5662 4308/4473
f 1341/5663 3789/4348 4308/4473 3900/5664
f 3900/4470 4308/4473 3645/4476 1197/4471
f 3790/4344 1341/4343 3900/5664 4309/4469
f 1342/5665 3790/4344 4309/4469 3899/5666
f 3899/4466 4309/4469 3646/4472 1198/4467
f 3791/4340 1342/4339 3899/5666 4310/4465
f 1343/5667 3791/4340 4310/4465 3898/5668
f 3898/4462 4310/4465 3647/4468 1199/4463
f 3792/4336 1343/4335 3898/5668 4311/4461
f 1344/5669 3792/4336 4311/4461 3897/5670
f 3897/4458 4311/4461 3648/4464 1200/4459
f 2367/4332 1344/4331 3897/5670 4312/4457
f 338/5671 2367/4332 4312/4457 2055/5672
f 2055/5672 4312/4457 2317/4460 333/5431
f 3794/4296 1345/4295 3896/4454 4313/4453
f 1346/5673 3794/4296 4313/4453 3895/5674
f 3895/4450 4313/4453 3650/4456 1202/4451
f 3795/4292 1346/4291 3895/5674 4314/4449
f 1347/5675 3795/4292 4314/4449 3894/5676
f 3894/4446 4314/4449 3651/4452 1203/4447
f 3796/4288 1347/4287 3894/5676 4315/4445
f 1348/5677 3796/4288 4315/4445 3893/5678
f 3893/4442 4315/4445 3652/4448 1204/4443
f 3797/4284 1348/4283 3893/5678 4316/4441
f 1349/5679 3797/4284 4316/4441 3892/5680
f 3892/4438 4316/4441 3653/4444 1205/4439
f 3798/4280 1349/4279 3892/5680 4317/4437
f 1350/5681 3798/4280 4317/4437 3891/5682
f 3891/4434 4317/4437 3654/4440 1206/4435
f 3799/4276 1350/4275 3891/5682 4318/4433
f 1351/5683 3799/4276 4318/4433 3890/5684
f 3890/4430 4318/4433 3655/4436 1207/4431
f 3800/4272 1351/4271 3890/5684 4319/4429
f 1352/5685 3800/4272 4319/4429 3889/5686
f 3889/4426 4319/4429 3656/4432 1208/4427
f 2368/4268 1352/4267 3889/5686 4320/4425
f 344/5687 2368/4268 4320/4425 1582/5688
f 1582/5688 4320/4425 2322/4428 345/5447
f 3536/5288 1088/5287 3888/4422 4321/4421
f 1087/5283 3536/5288 4321/4421 3887/5689
f 3887/4418 4321/4421 3808/4424 1359/4419
f 3535/5284 1087/5283 3887/5689 4322/4417
f 1086/5279 3535/5284 4322/4417 3886/5690
f 3886/4414 4322/4417 3807/4420 1358/4415
f 3534/5280 1086/5279 3886/5690 4323/4413
f 1085/5275 3534/5280 4323/4413 3885/5691
f 3885/4410 4323/4413 3806/4416 1357/4411
f 3533/5276 1085/5275 3885/5691 4324/4409
f 1084/5271 3533/5276 4324/4409 3884/5692
f 3884/4406 4324/4409 3805/4412 1356/4407
f 3532/5272 1084/5271 3884/5692 4325/4405
f 1083/5267 3532/5272 4325/4405 3883/5693
f 3883/4402 4325/4405 3804/4408 1355/4403
f 3531/5268 1083/5267 3883/5693 4326/4401
f 1082/5263 3531/5268 4326/4401 3882/5694
f 3882/4398 4326/4401 3803/4404 1354/4399
f 3530/5264 1082/5263 3882/5694 4327/4397
f 1081/5259 3530/5264 4327/4397 3881/5695
f 3881/4394 4327/4397 3802/4400 1353/4395
f 3529/5260 1081/5259 3881/5695 4328/4393
f 348/5305 3529/5260 4328/4393 1583/5696
f 1583/5696 4328/4393 3801/4396 352/5697
f 3672/4968 1224/4967 3880/4390 4329/4389
f 1223/4963 3672/4968 4329/4389 3879/5698
f 3879/4386 4329/4389 3634/4392 1186/4387
f 3671/4964 1223/4963 3879/5698 4330/4385
f 1222/4959 3671/4964 4330/4385 3878/5699
f 3878/4382 4330/4385 3635/4388 1187/4383
f 3670/4960 1222/4959 3878/5699 4331/4381
f 1221/4955 3670/4960 4331/4381 3877/5700
f 3877/4378 4331/4381 3636/4384 1188/4379
f 3669/4956 1221/4955 3877/5700 4332/4377
f 1220/4951 3669/4956 4332/4377 3876/5701
f 3876/4374 4332/4377 3637/4380 1189/4375
f 3668/4952 1220/4951 3876/5701 4333/4373
f 1219/4947 3668/4952 4333/4373 3875/5702
f 3875/4370 4333/4373 3638/4376 1190/4371
f 3667/4948 1219/4947 3875/5702 4334/4369
f 1218/4943 3667/4948 4334/4369 3874/5703
f 3874/4366 4334/4369 3639/4372 1191/4367
f 3666/4944 1218/4943 3874/5703 4335/4365
f 1217/4939 3666/4944 4335/4365 3873/5704
f 3873/4362 4335/4365 3640/4368 1192/4363
f 3665/4940 1217/4939 3873/5704 4336/4361
f 332/5481 3665/4940 4336/4361 2058/5705
f 2058/5705 4336/4361 2315/4364 341/5414
f 3810/4200 1361/4199 3872/4358 4337/4357
f 1362/5706 3810/4200 4337/4357 3871/5707
f 3871/4354 4337/4357 3786/4360 1338/4355
f 3811/4196 1362/4195 3871/5707 4338/4353
f 1363/5708 3811/4196 4338/4353 3870/5709
f 3870/4350 4338/4353 3787/4356 1339/4351
f 3812/4192 1363/4191 3870/5709 4339/4349
f 1364/5710 3812/4192 4339/4349 3869/5711
f 3869/4346 4339/4349 3788/4352 1340/4347
f 3813/4188 1364/4187 3869/5711 4340/4345
f 1365/5712 3813/4188 4340/4345 3868/5713
f 3868/4342 4340/4345 3789/4348 1341/4343
f 3814/4184 1365/4183 3868/5713 4341/4341
f 1366/5714 3814/4184 4341/4341 3867/5715
f 3867/4338 4341/4341 3790/4344 1342/4339
f 3815/4180 1366/4179 3867/5715 4342/4337
f 1367/5716 3815/4180 4342/4337 3866/5717
f 3866/4334 4342/4337 3791/4340 1343/4335
f 3816/4176 1367/4175 3866/5717 4343/4333
f 1368/5718 3816/4176 4343/4333 3865/5719
f 3865/4330 4343/4333 3792/4336 1344/4331
f 2375/4172 1368/4171 3865/5719 4344/4329
f 339/5720 2375/4172 4344/4329 1584/5721
f 1584/5721 4344/4329 2367/4332 338/5671
f 3632/5096 1184/5095 3864/4326 4345/4325
f 1183/5091 3632/5096 4345/4325 3863/5722
f 3863/4322 4345/4325 3746/4328 1298/4323
f 3631/5092 1183/5091 3863/5722 4346/4321
f 1182/5087 3631/5092 4346/4321 3862/5723
f 3862/4318 4346/4321 3747/4324 1299/4319
f 3630/5088 1182/5087 3862/5723 4347/4317
f 1181/5083 3630/5088 4347/4317 3861/5724
f 3861/4314 4347/4317 3748/4320 1300/4315
f 3629/5084 1181/5083 3861/5724 4348/4313
f 1180/5079 3629/5084 4348/4313 3860/5725
f 3860/4310 4348/4313 3749/4316 1301/4311
f 3628/5080 1180/5079 3860/5725 4349/4309
f 1179/5075 3628/5080 4349/4309 3859/5726
f 3859/4306 4349/4309 3750/4312 1302/4307
f 3627/5076 1179/5075 3859/5726 4350/4305
f 1178/5071 3627/5076 4350/4305 3858/5727
f 3858/4302 4350/4305 3751/4308 1303/4303
f 3626/5072 1178/5071 3858/5727 4351/4301
f 1177/5067 3626/5072 4351/4301 3857/5728
f 3857/4298 4351/4301 3752/4304 1304/4299
f 3625/5068 1177/5067 3857/5728 4352/4297
f 351/5416 3625/5068 4352/4297 1585/5729
f 1585/5729 4352/4297 2346/4300 360/5564
f 3600/5160 1152/5159 3856/4294 4353/4293
f 1151/5155 3600/5160 4353/4293 3855/5730
f 3855/4290 4353/4293 3794/4296 1346/4291
f 3599/5156 1151/5155 3855/5730 4354/4289
f 1150/5151 3599/5156 4354/4289 3854/5731
f 3854/4286 4354/4289 3795/4292 1347/4287
f 3598/5152 1150/5151 3854/5731 4355/4285
f 1149/5147 3598/5152 4355/4285 3853/5732
f 3853/4282 4355/4285 3796/4288 1348/4283
f 3597/5148 1149/5147 3853/5732 4356/4281
f 1148/5143 3597/5148 4356/4281 3852/5733
f 3852/4278 4356/4281 3797/4284 1349/4279
f 3596/5144 1148/5143 3852/5733 4357/4277
f 1147/5139 3596/5144 4357/4277 3851/5734
f 3851/4274 4357/4277 3798/4280 1350/4275
f 3595/5140 1147/5139 3851/5734 4358/4273
f 1146/5135 3595/5140 4358/4273 3850/5735
f 3850/4270 4358/4273 3799/4276 1351/4271
f 3594/5136 1146/5135 3850/5735 4359/4269
f 1145/5131 3594/5136 4359/4269 3849/5736
f 3849/4266 4359/4269 3800/4272 1352/4267
f 3593/5132 1145/5131 3849/5736 4360/4265
f 343/5382 3593/5132 4360/4265 1586/5737
f 1586/5737 4360/4265 2368/4268 344/5687
f 3736/4840 1288/4839 3848/4262 4361/4261
f 1287/4835 3736/4840 4361/4261 3847/5738
f 3847/4258 4361/4261 3554/4264 1106/4259
f 3735/4836 1287/4835 3847/5738 4362/4257
f 1286/4831 3735/4836 4362/4257 3846/5739
f 3846/4254 4362/4257 3555/4260 1107/4255
f 3734/4832 1286/4831 3846/5739 4363/4253
f 1285/4827 3734/4832 4363/4253 3845/5740
f 3845/4250 4363/4253 3556/4256 1108/4251
f 3733/4828 1285/4827 3845/5740 4364/4249
f 1284/4823 3733/4828 4364/4249 3844/5741
f 3844/4246 4364/4249 3557/4252 1109/4247
f 3732/4824 1284/4823 3844/5741 4365/4245
f 1283/4819 3732/4824 4365/4245 3843/5742
f 3843/4242 4365/4245 3558/4248 1110/4243
f 3731/4820 1283/4819 3843/5742 4366/4241
f 1282/4815 3731/4820 4366/4241 3842/5743
f 3842/4238 4366/4241 3559/4244 1111/4239
f 3730/4816 1282/4815 3842/5743 4367/4237
f 1281/4811 3730/4816 4367/4237 3841/5744
f 3841/4234 4367/4237 3560/4240 1112/4235
f 3729/4812 1281/4811 3841/5744 4368/4233
f 326/5541 3729/4812 4368/4233 2014/5745
f 2014/5745 4368/4233 2276/4236 335/5320
f 3808/4424 1360/4423 3840/4230 4369/4229
f 1359/4419 3808/4424 4369/4229 3839/5746
f 3839/4226 4369/4229 3762/4232 1314/4227
f 3807/4420 1359/4419 3839/5746 4370/4225
f 1358/4415 3807/4420 4370/4225 3838/5747
f 3838/4222 4370/4225 3763/4228 1315/4223
f 3806/4416 1358/4415 3838/5747 4371/4221
f 1357/4411 3806/4416 4371/4221 3837/5748
f 3837/4218 4371/4221 3764/4224 1316/4219
f 3805/4412 1357/4411 3837/5748 4372/4217
f 1356/4407 3805/4412 4372/4217 3836/5749
f 3836/4214 4372/4217 3765/4220 1317/4215
f 3804/4408 1356/4407 3836/5749 4373/4213
f 1355/4403 3804/4408 4373/4213 3835/5750
f 3835/4210 4373/4213 3766/4216 1318/4211
f 3803/4404 1355/4403 3835/5750 4374/4209
f 1354/4399 3803/4404 4374/4209 3834/5751
f 3834/4206 4374/4209 3767/4212 1319/4207
f 3802/4400 1354/4399 3834/5751 4375/4205
f 1353/4395 3802/4400 4375/4205 3833/5752
f 3833/4202 4375/4205 3768/4208 1320/4203
f 3801/4396 1353/4395 3833/5752 4376/4201
f 352/5697 3801/4396 4376/4201 1587/5753
f 1587/5753 4376/4201 2351/4204 357/5613
f 3776/4520 1328/4519 3832/4198 4377/4197
f 1327/4515 3776/4520 4377/4197 3831/5754
f 3831/4194 4377/4197 3810/4200 1362/4195
f 3775/4516 1327/4515 3831/5754 4378/4193
f 1326/4511 3775/4516 4378/4193 3830/5755
f 3830/4190 4378/4193 3811/4196 1363/4191
f 3774/4512 1326/4511 3830/5755 4379/4189
f 1325/4507 3774/4512 4379/4189 3829/5756
f 3829/4186 4379/4189 3812/4192 1364/4187
f 3773/4508 1325/4507 3829/5756 4380/4185
f 1324/4503 3773/4508 4380/4185 3828/5757
f 3828/4182 4380/4185 3813/4188 1365/4183
f 3772/4504 1324/4503 3828/5757 4381/4181
f 1323/4499 3772/4504 4381/4181 3827/5758
f 3827/4178 4381/4181 3814/4184 1366/4179
f 3771/4500 1323/4499 3827/5758 4382/4177
f 1322/4495 3771/4500 4382/4177 3826/5759
f 3826/4174 4382/4177 3815/4180 1367/4175
f 3770/4496 1322/4495 3826/5759 4383/4173
f 1321/4491 3770/4496 4383/4173 3825/5760
f 3825/4170 4383/4173 3816/4176 1368/4171
f 3769/4492 1321/4491 3825/5760 4384/4169
f 337/5656 3769/4492 4384/4169 1588/5761
f 1588/5761 4384/4169 2375/4172 339/5720
f 3552/5256 1104/5255 3824/4166 4385/4165
f 1103/5251 3552/5256 4385/4165 3823/5762
f 3823/4162 4385/4165 3778/4168 1330/4163
f 3551/5252 1103/5251 3823/5762 4386/4161
f 1102/5247 3551/5252 4386/4161 3822/5763
f 3822/4158 4386/4161 3779/4164 1331/4159
f 3550/5248 1102/5247 3822/5763 4387/4157
f 1101/5243 3550/5248 4387/4157 3821/5764
f 3821/4154 4387/4157 3780/4160 1332/4155
f 3549/5244 1101/5243 3821/5764 4388/4153
f 1100/5239 3549/5244 4388/4153 3820/5765
f 3820/4150 4388/4153 3781/4156 1333/4151
f 3548/5240 1100/5239 3820/5765 4389/4149
f 1099/5235 3548/5240 4389/4149 3819/5766
f 3819/4146 4389/4149 3782/4152 1334/4147
f 3547/5236 1099/5235 3819/5766 4390/4145
f 1098/5231 3547/5236 4390/4145 3818/5767
f 3818/4142 4390/4145 3783/4148 1335/4143
f 3546/5232 1098/5231 3818/5767 4391/4141
f 1097/5227 3546/5232 4391/4141 3817/5768
f 3817/4138 4391/4141 3784/4144 1336/4139
f 3545/5228 1097/5227 3817/5768 4392/4137
f 325/5322 3545/5228 4392/4137 2018/5769
f 2018/5769 4392/4137 2365/4140 336/5654
f 2962/3944 801/3943 3528/4134 4393/4133
f 802/5770 2962/3944 4393/4133 3527/5771
f 3527/4130 4393/4133 2960/4136 799/4131
f 2963/3940 802/3939 3527/5771 4394/4129
f 803/5772 2963/3940 4394/4129 3526/5773
f 3526/4126 4394/4129 2959/4132 798/4127
f 2964/3936 803/3935 3526/5773 4395/4125
f 804/5774 2964/3936 4395/4125 3525/5775
f 3525/4122 4395/4125 2958/4128 797/4123
f 2965/3932 804/3931 3525/5775 4396/4121
f 805/5776 2965/3932 4396/4121 3524/5777
f 3524/4118 4396/4121 2957/4124 796/4119
f 2966/3928 805/3927 3524/5777 4397/4117
f 806/5778 2966/3928 4397/4117 3523/5779
f 3523/4114 4397/4117 2956/4120 795/4115
f 2967/3924 806/3923 3523/5779 4398/4113
f 807/5780 2967/3924 4398/4113 3522/5781
f 3522/4110 4398/4113 2955/4116 794/4111
f 2968/3920 807/3919 3522/5781 4399/4109
f 808/5782 2968/3920 4399/4109 3521/5783
f 3521/4106 4399/4109 2954/4112 793/4107
f 2270/3916 808/3915 3521/5783 4400/4105
f 245/5784 2270/3916 4400/4105 1904/5785
f 1904/5785 4400/4105 2953/4108 241/5786
f 2978/3144 817/3143 3520/4102 4401/4101
f 818/5787 2978/3144 4401/4101 3519/5788
f 3519/4098 4401/4101 2976/4104 815/4099
f 2979/3140 818/3139 3519/5788 4402/4097
f 819/5789 2979/3140 4402/4097 3518/5790
f 3518/4094 4402/4097 2975/4100 814/4095
f 2980/3136 819/3135 3518/5790 4403/4093
f 820/5791 2980/3136 4403/4093 3517/5792
f 3517/4090 4403/4093 2974/4096 813/4091
f 2981/3132 820/3131 3517/5792 4404/4089
f 821/5793 2981/3132 4404/4089 3516/5794
f 3516/4086 4404/4089 2973/4092 812/4087
f 2982/3128 821/3127 3516/5794 4405/4085
f 822/5795 2982/3128 4405/4085 3515/5796
f 3515/4082 4405/4085 2972/4088 811/4083
f 2983/3124 822/3123 3515/5796 4406/4081
f 823/5797 2983/3124 4406/4081 3514/5798
f 3514/4078 4406/4081 2971/4084 810/4079
f 2984/3120 823/3119 3514/5798 4407/4077
f 824/5799 2984/3120 4407/4077 3513/5800
f 3513/4074 4407/4077 2970/4080 809/4075
f 2278/3116 824/3115 3513/5800 4408/4073
f 226/5801 2278/3116 4408/4073 1387/5802
f 1387/5802 4408/4073 2969/4076 224/5803
f 2994/3976 833/3975 3512/4070 4409/4069
f 834/5804 2994/3976 4409/4069 3511/5805
f 3511/4066 4409/4069 2992/4072 831/4067
f 2995/3972 834/3971 3511/5805 4410/4065
f 835/5806 2995/3972 4410/4065 3510/5807
f 3510/4062 4410/4065 2991/4068 830/4063
f 2996/3968 835/3967 3510/5807 4411/4061
f 836/5808 2996/3968 4411/4061 3509/5809
f 3509/4058 4411/4061 2990/4064 829/4059
f 2997/3964 836/3963 3509/5809 4412/4057
f 837/5810 2997/3964 4412/4057 3508/5811
f 3508/4054 4412/4057 2989/4060 828/4055
f 2998/3960 837/3959 3508/5811 4413/4053
f 838/5812 2998/3960 4413/4053 3507/5813
f 3507/4050 4413/4053 2988/4056 827/4051
f 2999/3956 838/3955 3507/5813 4414/4049
f 839/5814 2999/3956 4414/4049 3506/5815
f 3506/4046 4414/4049 2987/4052 826/4047
f 3000/3952 839/3951 3506/5815 4415/4045
f 840/5816 3000/3952 4415/4045 3505/5817
f 3505/4042 4415/4045 2986/4048 825/4043
f 2280/3948 840/3947 3505/5817 4416/4041
f 220/5818 2280/3948 4416/4041 1388/5819
f 1388/5819 4416/4041 2985/4044 219/5820
f 3010/3752 849/3751 3504/4038 4417/4037
f 850/5821 3010/3752 4417/4037 3503/5822
f 3503/4034 4417/4037 3008/4040 847/4035
f 3011/3748 850/3747 3503/5822 4418/4033
f 851/5823 3011/3748 4418/4033 3502/5824
f 3502/4030 4418/4033 3007/4036 846/4031
f 3012/3744 851/3743 3502/5824 4419/4029
f 852/5825 3012/3744 4419/4029 3501/5826
f 3501/4026 4419/4029 3006/4032 845/4027
f 3013/3740 852/3739 3501/5826 4420/4025
f 853/5827 3013/3740 4420/4025 3500/5828
f 3500/4022 4420/4025 3005/4028 844/4023
f 3014/3736 853/3735 3500/5828 4421/4021
f 854/5829 3014/3736 4421/4021 3499/5830
f 3499/4018 4421/4021 3004/4024 843/4019
f 3015/3732 854/3731 3499/5830 4422/4017
f 855/5831 3015/3732 4422/4017 3498/5832
f 3498/4014 4422/4017 3003/4020 842/4015
f 3016/3728 855/3727 3498/5832 4423/4013
f 856/5833 3016/3728 4423/4013 3497/5834
f 3497/4010 4423/4013 3002/4016 841/4011
f 2290/3724 856/3723 3497/5834 4424/4009
f 240/5835 2290/3724 4424/4009 1907/5836
f 1907/5836 4424/4009 3001/4012 244/5837
f 3008/4040 848/4039 3496/4006 4425/4005
f 847/4035 3008/4040 4425/4005 3495/5838
f 3495/4002 4425/4005 3024/4008 863/4003
f 3007/4036 847/4035 3495/5838 4426/4001
f 846/4031 3007/4036 4426/4001 3494/5839
f 3494/3998 4426/4001 3023/4004 862/3999
f 3006/4032 846/4031 3494/5839 4427/3997
f 845/4027 3006/4032 4427/3997 3493/5840
f 3493/3994 4427/3997 3022/4000 861/3995
f 3005/4028 845/4027 3493/5840 4428/3993
f 844/4023 3005/4028 4428/3993 3492/5841
f 3492/3990 4428/3993 3021/3996 860/3991
f 3004/4024 844/4023 3492/5841 4429/3989
f 843/4019 3004/4024 4429/3989 3491/5842
f 3491/3986 4429/3989 3020/3992 859/3987
f 3003/4020 843/4019 3491/5842 4430/3985
f 842/4015 3003/4020 4430/3985 3490/5843
f 3490/3982 4430/3985 3019/3988 858/3983
f 3002/4016 842/4015 3490/5843 4431/3981
f 841/4011 3002/4016 4431/3981 3489/5844
f 3489/3978 4431/3981 3018/3984 857/3979
f 3001/4012 841/4011 3489/5844 4432/3977
f 244/5837 3001/4012 4432/3977 1924/5845
f 1924/5845 4432/3977 3017/3980 249/5846
f 3026/3848 865/3847 3488/3974 4433/3973
f 866/5847 3026/3848 4433/3973 3487/5848
f 3487/3970 4433/3973 2994/3976 834/3971
f 3027/3844 866/3843 3487/5848 4434/3969
f 867/5849 3027/3844 4434/3969 3486/5850
f 3486/3966 4434/3969 2995/3972 835/3967
f 3028/3840 867/3839 3486/5850 4435/3965
f 868/5851 3028/3840 4435/3965 3485/5852
f 3485/3962 4435/3965 2996/3968 836/3963
f 3029/3836 868/3835 3485/5852 4436/3961
f 869/5853 3029/3836 4436/3961 3484/5854
f 3484/3958 4436/3961 2997/3964 837/3959
f 3030/3832 869/3831 3484/5854 4437/3957
f 870/5855 3030/3832 4437/3957 3483/5856
f 3483/3954 4437/3957 2998/3960 838/3955
f 3031/3828 870/3827 3483/5856 4438/3953
f 871/5857 3031/3828 4438/3953 3482/5858
f 3482/3950 4438/3953 2999/3956 839/3951
f 3032/3824 871/3823 3482/5858 4439/3949
f 872/5859 3032/3824 4439/3949 3481/5860
f 3481/3946 4439/3949 3000/3952 840/3947
f 2302/3820 872/3819 3481/5860 4440/3945
f 221/5861 2302/3820 4440/3945 1395/5862
f 1395/5862 4440/3945 2280/3948 220/5818
f 3034/3688 873/3687 3480/3942 4441/3941
f 874/5863 3034/3688 4441/3941 3479/5864
f 3479/3938 4441/3941 2962/3944 802/3939
f 3035/3684 874/3683 3479/5864 4442/3937
f 875/5865 3035/3684 4442/3937 3478/5866
f 3478/3934 4442/3937 2963/3940 803/3935
f 3036/3680 875/3679 3478/5866 4443/3933
f 876/5867 3036/3680 4443/3933 3477/5868
f 3477/3930 4443/3933 2964/3936 804/3931
f 3037/3676 876/3675 3477/5868 4444/3929
f 877/5869 3037/3676 4444/3929 3476/5870
f 3476/3926 4444/3929 2965/3932 805/3927
f 3038/3672 877/3671 3476/5870 4445/3925
f 878/5871 3038/3672 4445/3925 3475/5872
f 3475/3922 4445/3925 2966/3928 806/3923
f 3039/3668 878/3667 3475/5872 4446/3921
f 879/5873 3039/3668 4446/3921 3474/5874
f 3474/3918 4446/3921 2967/3924 807/3919
f 3040/3664 879/3663 3474/5874 4447/3917
f 880/5875 3040/3664 4447/3917 3473/5876
f 3473/3914 4447/3917 2968/3920 808/3915
f 2303/3660 880/3659 3473/5876 4448/3913
f 242/5877 2303/3660 4448/3913 1925/5878
f 1925/5878 4448/3913 2270/3916 245/5784
f 3050/3208 889/3207 3472/3910 4449/3909
f 890/5879 3050/3208 4449/3909 3471/5880
f 3471/3906 4449/3909 3048/3912 887/3907
f 3051/3204 890/3203 3471/5880 4450/3905
f 891/5881 3051/3204 4450/3905 3470/5882
f 3470/3902 4450/3905 3047/3908 886/3903
f 3052/3200 891/3199 3470/5882 4451/3901
f 892/5883 3052/3200 4451/3901 3469/5884
f 3469/3898 4451/3901 3046/3904 885/3899
f 3053/3196 892/3195 3469/5884 4452/3897
f 893/5885 3053/3196 4452/3897 3468/5886
f 3468/3894 4452/3897 3045/3900 884/3895
f 3054/3192 893/3191 3468/5886 4453/3893
f 894/5887 3054/3192 4453/3893 3467/5888
f 3467/3890 4453/3893 3044/3896 883/3891
f 3055/3188 894/3187 3467/5888 4454/3889
f 895/5889 3055/3188 4454/3889 3466/5890
f 3466/3886 4454/3889 3043/3892 882/3887
f 3056/3184 895/3183 3466/5890 4455/3885
f 896/5891 3056/3184 4455/3885 3465/5892
f 3465/3882 4455/3885 3042/3888 881/3883
f 2305/3180 896/3179 3465/5892 4456/3881
f 236/5893 2305/3180 4456/3881 1909/5894
f 1909/5894 4456/3881 3041/3884 237/5895
f 3066/3304 905/3303 3464/3878 4457/3877
f 906/5896 3066/3304 4457/3877 3463/5897
f 3463/3874 4457/3877 3064/3880 903/3875
f 3067/3300 906/3299 3463/5897 4458/3873
f 907/5898 3067/3300 4458/3873 3462/5899
f 3462/3870 4458/3873 3063/3876 902/3871
f 3068/3296 907/3295 3462/5899 4459/3869
f 908/5900 3068/3296 4459/3869 3461/5901
f 3461/3866 4459/3869 3062/3872 901/3867
f 3069/3292 908/3291 3461/5901 4460/3865
f 909/5902 3069/3292 4460/3865 3460/5903
f 3460/3862 4460/3865 3061/3868 900/3863
f 3070/3288 909/3287 3460/5903 4461/3861
f 910/5904 3070/3288 4461/3861 3459/5905
f 3459/3858 4461/3861 3060/3864 899/3859
f 3071/3284 910/3283 3459/5905 4462/3857
f 911/5906 3071/3284 4462/3857 3458/5907
f 3458/3854 4462/3857 3059/3860 898/3855
f 3072/3280 911/3279 3458/5907 4463/3853
f 912/5908 3072/3280 4463/3853 3457/5909
f 3457/3850 4463/3853 3058/3856 897/3851
f 2311/3276 912/3275 3457/5909 4464/3849
f 247/5910 2311/3276 4464/3849 1890/5911
f 1890/5911 4464/3849 3057/3852 234/5912
f 3074/3400 913/3399 3456/3846 4465/3845
f 914/5913 3074/3400 4465/3845 3455/5914
f 3455/3842 4465/3845 3026/3848 866/3843
f 3075/3396 914/3395 3455/5914 4466/3841
f 915/5915 3075/3396 4466/3841 3454/5916
f 3454/3838 4466/3841 3027/3844 867/3839
f 3076/3392 915/3391 3454/5916 4467/3837
f 916/5917 3076/3392 4467/3837 3453/5918
f 3453/3834 4467/3837 3028/3840 868/3835
f 3077/3388 916/3387 3453/5918 4468/3833
f 917/5919 3077/3388 4468/3833 3452/5920
f 3452/3830 4468/3833 3029/3836 869/3831
f 3078/3384 917/3383 3452/5920 4469/3829
f 918/5921 3078/3384 4469/3829 3451/5922
f 3451/3826 4469/3829 3030/3832 870/3827
f 3079/3380 918/3379 3451/5922 4470/3825
f 919/5923 3079/3380 4470/3825 3450/5924
f 3450/3822 4470/3825 3031/3828 871/3823
f 3080/3376 919/3375 3450/5924 4471/3821
f 920/5925 3080/3376 4471/3821 3449/5926
f 3449/3818 4471/3821 3032/3824 872/3819
f 2316/3372 920/3371 3449/5926 4472/3817
f 232/5927 2316/3372 4472/3817 1400/5928
f 1400/5928 4472/3817 2302/3820 221/5861
f 3064/3880 904/3879 3448/3814 4473/3813
f 903/3875 3064/3880 4473/3813 3447/5929
f 3447/3810 4473/3813 3088/3816 927/3811
f 3063/3876 903/3875 3447/5929 4474/3809
f 902/3871 3063/3876 4474/3809 3446/5930
f 3446/3806 4474/3809 3087/3812 926/3807
f 3062/3872 902/3871 3446/5930 4475/3805
f 901/3867 3062/3872 4475/3805 3445/5931
f 3445/3802 4475/3805 3086/3808 925/3803
f 3061/3868 901/3867 3445/5931 4476/3801
f 900/3863 3061/3868 4476/3801 3444/5932
f 3444/3798 4476/3801 3085/3804 924/3799
f 3060/3864 900/3863 3444/5932 4477/3797
f 899/3859 3060/3864 4477/3797 3443/5933
f 3443/3794 4477/3797 3084/3800 923/3795
f 3059/3860 899/3859 3443/5933 4478/3793
f 898/3855 3059/3860 4478/3793 3442/5934
f 3442/3790 4478/3793 3083/3796 922/3791
f 3058/3856 898/3855 3442/5934 4479/3789
f 897/3851 3058/3856 4479/3789 3441/5935
f 3441/3786 4479/3789 3082/3792 921/3787
f 3057/3852 897/3851 3441/5935 4480/3785
f 234/5912 3057/3852 4480/3785 1891/5936
f 1891/5936 4480/3785 3081/3788 246/5937
f 3098/3720 937/3719 3440/3782 4481/3781
f 938/5938 3098/3720 4481/3781 3439/5939
f 3439/3778 4481/3781 3096/3784 935/3779
f 3099/3716 938/3715 3439/5939 4482/3777
f 939/5940 3099/3716 4482/3777 3438/5941
f 3438/3774 4482/3777 3095/3780 934/3775
f 3100/3712 939/3711 3438/5941 4483/3773
f 940/5942 3100/3712 4483/3773 3437/5943
f 3437/3770 4483/3773 3094/3776 933/3771
f 3101/3708 940/3707 3437/5943 4484/3769
f 941/5944 3101/3708 4484/3769 3436/5945
f 3436/3766 4484/3769 3093/3772 932/3767
f 3102/3704 941/3703 3436/5945 4485/3765
f 942/5946 3102/3704 4485/3765 3435/5947
f 3435/3762 4485/3765 3092/3768 931/3763
f 3103/3700 942/3699 3435/5947 4486/3761
f 943/5948 3103/3700 4486/3761 3434/5949
f 3434/3758 4486/3761 3091/3764 930/3759
f 3104/3696 943/3695 3434/5949 4487/3757
f 944/5950 3104/3696 4487/3757 3433/5951
f 3433/3754 4487/3757 3090/3760 929/3755
f 2331/3692 944/3691 3433/5951 4488/3753
f 243/5952 2331/3692 4488/3753 1930/5953
f 1930/5953 4488/3753 3089/3756 252/5954
f 2960/4136 800/4135 3432/3750 4489/3749
f 799/4131 2960/4136 4489/3749 3431/5955
f 3431/3746 4489/3749 3010/3752 850/3747
f 2959/4132 799/4131 3431/5955 4490/3745
f 798/4127 2959/4132 4490/3745 3430/5956
f 3430/3742 4490/3745 3011/3748 851/3743
f 2958/4128 798/4127 3430/5956 4491/3741
f 797/4123 2958/4128 4491/3741 3429/5957
f 3429/3738 4491/3741 3012/3744 852/3739
f 2957/4124 797/4123 3429/5957 4492/3737
f 796/4119 2957/4124 4492/3737 3428/5958
f 3428/3734 4492/3737 3013/3740 853/3735
f 2956/4120 796/4119 3428/5958 4493/3733
f 795/4115 2956/4120 4493/3733 3427/5959
f 3427/3730 4493/3733 3014/3736 854/3731
f 2955/4116 795/4115 3427/5959 4494/3729
f 794/4111 2955/4116 4494/3729 3426/5960
f 3426/3726 4494/3729 3015/3732 855/3727
f 2954/4112 794/4111 3426/5960 4495/3725
f 793/4107 2954/4112 4495/3725 3425/5961
f 3425/3722 4495/3725 3016/3728 856/3723
f 2953/4108 793/4107 3425/5961 4496/3721
f 241/5786 2953/4108 4496/3721 1911/5962
f 1911/5962 4496/3721 2290/3724 240/5835
f 3106/3016 945/3015 3424/3718 4497/3717
f 946/5963 3106/3016 4497/3717 3423/5964
f 3423/3714 4497/3717 3098/3720 938/3715
f 3107/3012 946/3011 3423/5964 4498/3713
f 947/5965 3107/3012 4498/3713 3422/5966
f 3422/3710 4498/3713 3099/3716 939/3711
f 3108/3008 947/3007 3422/5966 4499/3709
f 948/5967 3108/3008 4499/3709 3421/5968
f 3421/3706 4499/3709 3100/3712 940/3707
f 3109/3004 948/3003 3421/5968 4500/3705
f 949/5969 3109/3004 4500/3705 3420/5970
f 3420/3702 4500/3705 3101/3708 941/3703
f 3110/3000 949/2999 3420/5970 4501/3701
f 950/5971 3110/3000 4501/3701 3419/5972
f 3419/3698 4501/3701 3102/3704 942/3699
f 3111/2996 950/2995 3419/5972 4502/3697
f 951/5973 3111/2996 4502/3697 3418/5974
f 3418/3694 4502/3697 3103/3700 943/3695
f 3112/2992 951/2991 3418/5974 4503/3693
f 952/5975 3112/2992 4503/3693 3417/5976
f 3417/3690 4503/3693 3104/3696 944/3691
f 2339/2988 952/2987 3417/5976 4504/3689
f 233/5977 2339/2988 4504/3689 1892/5978
f 1892/5978 4504/3689 2331/3692 243/5952
f 3096/3784 936/3783 3416/3686 4505/3685
f 935/3779 3096/3784 4505/3685 3415/5979
f 3415/3682 4505/3685 3034/3688 874/3683
f 3095/3780 935/3779 3415/5979 4506/3681
f 934/3775 3095/3780 4506/3681 3414/5980
f 3414/3678 4506/3681 3035/3684 875/3679
f 3094/3776 934/3775 3414/5980 4507/3677
f 933/3771 3094/3776 4507/3677 3413/5981
f 3413/3674 4507/3677 3036/3680 876/3675
f 3093/3772 933/3771 3413/5981 4508/3673
f 932/3767 3093/3772 4508/3673 3412/5982
f 3412/3670 4508/3673 3037/3676 877/3671
f 3092/3768 932/3767 3412/5982 4509/3669
f 931/3763 3092/3768 4509/3669 3411/5983
f 3411/3666 4509/3669 3038/3672 878/3667
f 3091/3764 931/3763 3411/5983 4510/3665
f 930/3759 3091/3764 4510/3665 3410/5984
f 3410/3662 4510/3665 3039/3668 879/3663
f 3090/3760 930/3759 3410/5984 4511/3661
f 929/3755 3090/3760 4511/3661 3409/5985
f 3409/3658 4511/3661 3040/3664 880/3659
f 3089/3756 929/3755 3409/5985 4512/3657
f 252/5954 3089/3756 4512/3657 1932/5986
f 1932/5986 4512/3657 2303/3660 242/5877
f 3122/3176 961/3175 3408/3654 4513/3653
f 962/5987 3122/3176 4513/3653 3407/5988
f 3407/3650 4513/3653 3120/3656 959/3651
f 3123/3172 962/3171 3407/5988 4514/3649
f 963/5989 3123/3172 4514/3649 3406/5990
f 3406/3646 4514/3649 3119/3652 958/3647
f 3124/3168 963/3167 3406/5990 4515/3645
f 964/5991 3124/3168 4515/3645 3405/5992
f 3405/3642 4515/3645 3118/3648 957/3643
f 3125/3164 964/3163 3405/5992 4516/3641
f 965/5993 3125/3164 4516/3641 3404/5994
f 3404/3638 4516/3641 3117/3644 956/3639
f 3126/3160 965/3159 3404/5994 4517/3637
f 966/5995 3126/3160 4517/3637 3403/5996
f 3403/3634 4517/3637 3116/3640 955/3635
f 3127/3156 966/3155 3403/5996 4518/3633
f 967/5997 3127/3156 4518/3633 3402/5998
f 3402/3630 4518/3633 3115/3636 954/3631
f 3128/3152 967/3151 3402/5998 4519/3629
f 968/5999 3128/3152 4519/3629 3401/6000
f 3401/3626 4519/3629 3114/3632 953/3627
f 2342/3148 968/3147 3401/6000 4520/3625
f 225/6001 2342/3148 4520/3625 1408/6002
f 1408/6002 4520/3625 3113/3628 222/6003
f 3138/3272 977/3271 3400/3622 4521/3621
f 978/6004 3138/3272 4521/3621 3399/6005
f 3399/3618 4521/3621 3136/3624 975/3619
f 3139/3268 978/3267 3399/6005 4522/3617
f 979/6006 3139/3268 4522/3617 3398/6007
f 3398/3614 4522/3617 3135/3620 974/3615
f 3140/3264 979/3263 3398/6007 4523/3613
f 980/6008 3140/3264 4523/3613 3397/6009
f 3397/3610 4523/3613 3134/3616 973/3611
f 3141/3260 980/3259 3397/6009 4524/3609
f 981/6010 3141/3260 4524/3609 3396/6011
f 3396/3606 4524/3609 3133/3612 972/3607
f 3142/3256 981/3255 3396/6011 4525/3605
f 982/6012 3142/3256 4525/3605 3395/6013
f 3395/3602 4525/3605 3132/3608 971/3603
f 3143/3252 982/3251 3395/6013 4526/3601
f 983/6014 3143/3252 4526/3601 3394/6015
f 3394/3598 4526/3601 3131/3604 970/3599
f 3144/3248 983/3247 3394/6015 4527/3597
f 984/6016 3144/3248 4527/3597 3393/6017
f 3393/3594 4527/3597 3130/3600 969/3595
f 2344/3244 984/3243 3393/6017 4528/3593
f 238/6018 2344/3244 4528/3593 1893/6019
f 1893/6019 4528/3593 3129/3596 251/6020
f 3088/3816 928/3815 3392/3590 4529/3589
f 927/3811 3088/3816 4529/3589 3391/6021
f 3391/3586 4529/3589 3152/3592 991/3587
f 3087/3812 927/3811 3391/6021 4530/3585
f 926/3807 3087/3812 4530/3585 3390/6022
f 3390/3582 4530/3585 3151/3588 990/3583
f 3086/3808 926/3807 3390/6022 4531/3581
f 925/3803 3086/3808 4531/3581 3389/6023
f 3389/3578 4531/3581 3150/3584 989/3579
f 3085/3804 925/3803 3389/6023 4532/3577
f 924/3799 3085/3804 4532/3577 3388/6024
f 3388/3574 4532/3577 3149/3580 988/3575
f 3084/3800 924/3799 3388/6024 4533/3573
f 923/3795 3084/3800 4533/3573 3387/6025
f 3387/3570 4533/3573 3148/3576 987/3571
f 3083/3796 923/3795 3387/6025 4534/3569
f 922/3791 3083/3796 4534/3569 3386/6026
f 3386/3566 4534/3569 3147/3572 986/3567
f 3082/3792 922/3791 3386/6026 4535/3565
f 921/3787 3082/3792 4535/3565 3385/6027
f 3385/3562 4535/3565 3146/3568 985/3563
f 3081/3788 921/3787 3385/6027 4536/3561
f 246/5937 3081/3788 4536/3561 1914/6028
f 1914/6028 4536/3561 3145/3564 235/6029
f 3162/3080 1001/3079 3384/3558 4537/3557
f 1002/6030 3162/3080 4537/3557 3383/6031
f 3383/3554 4537/3557 3160/3560 999/3555
f 3163/3076 1002/3075 3383/6031 4538/3553
f 1003/6032 3163/3076 4538/3553 3382/6033
f 3382/3550 4538/3553 3159/3556 998/3551
f 3164/3072 1003/3071 3382/6033 4539/3549
f 1004/6034 3164/3072 4539/3549 3381/6035
f 3381/3546 4539/3549 3158/3552 997/3547
f 3165/3068 1004/3067 3381/6035 4540/3545
f 1005/6036 3165/3068 4540/3545 3380/6037
f 3380/3542 4540/3545 3157/3548 996/3543
f 3166/3064 1005/3063 3380/6037 4541/3541
f 1006/6038 3166/3064 4541/3541 3379/6039
f 3379/3538 4541/3541 3156/3544 995/3539
f 3167/3060 1006/3059 3379/6039 4542/3537
f 1007/6040 3167/3060 4542/3537 3378/6041
f 3378/3534 4542/3537 3155/3540 994/3535
f 3168/3056 1007/3055 3378/6041 4543/3533
f 1008/6042 3168/3056 4543/3533 3377/6043
f 3377/3530 4543/3533 3154/3536 993/3531
f 2354/3052 1008/3051 3377/6043 4544/3529
f 218/6044 2354/3052 4544/3529 1416/6045
f 1416/6045 4544/3529 3153/3532 227/6046
f 3136/3624 976/3623 3376/3526 4545/3525
f 975/3619 3136/3624 4545/3525 3375/6047
f 3375/3522 4545/3525 3176/3528 1015/3523
f 3135/3620 975/3619 3375/6047 4546/3521
f 974/3615 3135/3620 4546/3521 3374/6048
f 3374/3518 4546/3521 3175/3524 1014/3519
f 3134/3616 974/3615 3374/6048 4547/3517
f 973/3611 3134/3616 4547/3517 3373/6049
f 3373/3514 4547/3517 3174/3520 1013/3515
f 3133/3612 973/3611 3373/6049 4548/3513
f 972/3607 3133/3612 4548/3513 3372/6050
f 3372/3510 4548/3513 3173/3516 1012/3511
f 3132/3608 972/3607 3372/6050 4549/3509
f 971/3603 3132/3608 4549/3509 3371/6051
f 3371/3506 4549/3509 3172/3512 1011/3507
f 3131/3604 971/3603 3371/6051 4550/3505
f 970/3599 3131/3604 4550/3505 3370/6052
f 3370/3502 4550/3505 3171/3508 1010/3503
f 3130/3600 970/3599 3370/6052 4551/3501
f 969/3595 3130/3600 4551/3501 3369/6053
f 3369/3498 4551/3501 3170/3504 1009/3499
f 3129/3596 969/3595 3369/6053 4552/3497
f 251/6020 3129/3596 4552/3497 1895/6054
f 1895/6054 4552/3497 3169/3500 239/6055
f 3186/3432 1025/3431 3368/3494 4553/3493
f 1026/6056 3186/3432 4553/3493 3367/6057
f 3367/3490 4553/3493 3184/3496 1023/3491
f 3187/3428 1026/3427 3367/6057 4554/3489
f 1027/6058 3187/3428 4554/3489 3366/6059
f 3366/3486 4554/3489 3183/3492 1022/3487
f 3188/3424 1027/3423 3366/6059 4555/3485
f 1028/6060 3188/3424 4555/3485 3365/6061
f 3365/3482 4555/3485 3182/3488 1021/3483
f 3189/3420 1028/3419 3365/6061 4556/3481
f 1029/6062 3189/3420 4556/3481 3364/6063
f 3364/3478 4556/3481 3181/3484 1020/3479
f 3190/3416 1029/3415 3364/6063 4557/3477
f 1030/6064 3190/3416 4557/3477 3363/6065
f 3363/3474 4557/3477 3180/3480 1019/3475
f 3191/3412 1030/3411 3363/6065 4558/3473
f 1031/6066 3191/3412 4558/3473 3362/6067
f 3362/3470 4558/3473 3179/3476 1018/3471
f 3192/3408 1031/3407 3362/6067 4559/3469
f 1032/6068 3192/3408 4559/3469 3361/6069
f 3361/3466 4559/3469 3178/3472 1017/3467
f 2359/3404 1032/3403 3361/6069 4560/3465
f 217/6070 2359/3404 4560/3465 1419/6071
f 1419/6071 4560/3465 3177/3468 228/6072
f 3202/3368 1041/3367 3360/3462 4561/3461
f 1042/6073 3202/3368 4561/3461 3359/6074
f 3359/3458 4561/3461 3200/3464 1039/3459
f 3203/3364 1042/3363 3359/6074 4562/3457
f 1043/6075 3203/3364 4562/3457 3358/6076
f 3358/3454 4562/3457 3199/3460 1038/3455
f 3204/3360 1043/3359 3358/6076 4563/3453
f 1044/6077 3204/3360 4563/3453 3357/6078
f 3357/3450 4563/3453 3198/3456 1037/3451
f 3205/3356 1044/3355 3357/6078 4564/3449
f 1045/6079 3205/3356 4564/3449 3356/6080
f 3356/3446 4564/3449 3197/3452 1036/3447
f 3206/3352 1045/3351 3356/6080 4565/3445
f 1046/6081 3206/3352 4565/3445 3355/6082
f 3355/3442 4565/3445 3196/3448 1035/3443
f 3207/3348 1046/3347 3355/6082 4566/3441
f 1047/6083 3207/3348 4566/3441 3354/6084
f 3354/3438 4566/3441 3195/3444 1034/3439
f 3208/3344 1047/3343 3354/6084 4567/3437
f 1048/6085 3208/3344 4567/3437 3353/6086
f 3353/3434 4567/3437 3194/3440 1033/3435
f 2361/3340 1048/3339 3353/6086 4568/3433
f 231/6087 2361/3340 4568/3433 1370/6088
f 1370/6088 4568/3433 3193/3436 230/6089
f 3160/3560 1000/3559 3352/3430 4569/3429
f 999/3555 3160/3560 4569/3429 3351/6090
f 3351/3426 4569/3429 3186/3432 1026/3427
f 3159/3556 999/3555 3351/6090 4570/3425
f 998/3551 3159/3556 4570/3425 3350/6091
f 3350/3422 4570/3425 3187/3428 1027/3423
f 3158/3552 998/3551 3350/6091 4571/3421
f 997/3547 3158/3552 4571/3421 3349/6092
f 3349/3418 4571/3421 3188/3424 1028/3419
f 3157/3548 997/3547 3349/6092 4572/3417
f 996/3543 3157/3548 4572/3417 3348/6093
f 3348/3414 4572/3417 3189/3420 1029/3415
f 3156/3544 996/3543 3348/6093 4573/3413
f 995/3539 3156/3544 4573/3413 3347/6094
f 3347/3410 4573/3413 3190/3416 1030/3411
f 3155/3540 995/3539 3347/6094 4574/3409
f 994/3535 3155/3540 4574/3409 3346/6095
f 3346/3406 4574/3409 3191/3412 1031/3407
f 3154/3536 994/3535 3346/6095 4575/3405
f 993/3531 3154/3536 4575/3405 3345/6096
f 3345/3402 4575/3405 3192/3408 1032/3403
f 3153/3532 993/3531 3345/6096 4576/3401
f 227/6046 3153/3532 4576/3401 1421/6097
f 1421/6097 4576/3401 2359/3404 217/6070
f 3176/6098 1016/6099 3344/3398 4577/3397
f 1015/6100 3176/6098 4577/3397 3343/6101
f 3343/3394 4577/3397 3074/3400 914/3395
f 3175/6102 1015/6100 3343/6101 4578/3393
f 1014/6103 3175/6102 4578/3393 3342/6104
f 3342/3390 4578/3393 3075/3396 915/3391
f 3174/6105 1014/6103 3342/6104 4579/3389
f 1013/6106 3174/6105 4579/3389 3341/6107
f 3341/3386 4579/3389 3076/3392 916/3387
f 3173/6108 1013/6106 3341/6107 4580/3385
f 1012/6109 3173/6108 4580/3385 3340/6110
f 3340/3382 4580/3385 3077/3388 917/3383
f 3172/6111 1012/6109 3340/6110 4581/3381
f 1011/6112 3172/6111 4581/3381 3339/6113
f 3339/3378 4581/3381 3078/3384 918/3379
f 3171/6114 1011/6112 3339/6113 4582/3377
f 1010/6115 3171/6114 4582/3377 3338/6116
f 3338/3374 4582/3377 3079/3380 919/3375
f 3170/6117 1010/6115 3338/6116 4583/3373
f 1009/6118 3170/6117 4583/3373 3337/6119
f 3337/3370 4583/3373 3080/3376 920/3371
f 3169/6120 1009/6118 3337/6119 4584/3369
f 239/6121 3169/6120 4584/3369 1897/6122
f 1897/6122 4584/3369 2316/3372 232/5927
f 3210/3240 1049/3239 3336/3366 4585/3365
f 1050/6123 3210/3240 4585/3365 3335/6124
f 3335/3362 4585/3365 3202/3368 1042/3363
f 3211/3236 1050/3235 3335/6124 4586/3361
f 1051/6125 3211/3236 4586/3361 3334/6126
f 3334/3358 4586/3361 3203/3364 1043/3359
f 3212/3232 1051/3231 3334/6126 4587/3357
f 1052/6127 3212/3232 4587/3357 3333/6128
f 3333/3354 4587/3357 3204/3360 1044/3355
f 3213/3228 1052/3227 3333/6128 4588/3353
f 1053/6129 3213/3228 4588/3353 3332/6130
f 3332/3350 4588/3353 3205/3356 1045/3351
f 3214/3224 1053/3223 3332/6130 4589/3349
f 1054/6131 3214/3224 4589/3349 3331/6132
f 3331/3346 4589/3349 3206/3352 1046/3347
f 3215/3220 1054/3219 3331/6132 4590/3345
f 1055/6133 3215/3220 4590/3345 3330/6134
f 3330/3342 4590/3345 3207/3348 1047/3343
f 3216/3216 1055/3215 3330/6134 4591/3341
f 1056/6135 3216/3216 4591/3341 3329/6136
f 3329/3338 4591/3341 3208/3344 1048/3339
f 2366/3212 1056/3211 3329/6136 4592/3337
f 229/6137 2366/3212 4592/3337 1372/6138
f 1372/6138 4592/3337 2361/3340 231/6087
f 3226/3112 1065/3111 3328/3334 4593/3333
f 1066/6139 3226/3112 4593/3333 3327/6140
f 3327/3330 4593/3333 3224/3336 1063/3331
f 3227/3108 1066/3107 3327/6140 4594/3329
f 1067/6141 3227/3108 4594/3329 3326/6142
f 3326/3326 4594/3329 3223/3332 1062/3327
f 3228/3104 1067/3103 3326/6142 4595/3325
f 1068/6143 3228/3104 4595/3325 3325/6144
f 3325/3322 4595/3325 3222/3328 1061/3323
f 3229/3100 1068/3099 3325/6144 4596/3321
f 1069/6145 3229/3100 4596/3321 3324/6146
f 3324/3318 4596/3321 3221/3324 1060/3319
f 3230/3096 1069/3095 3324/6146 4597/3317
f 1070/6147 3230/3096 4597/3317 3323/6148
f 3323/3314 4597/3317 3220/3320 1059/3315
f 3231/3092 1070/3091 3323/6148 4598/3313
f 1071/6149 3231/3092 4598/3313 3322/6150
f 3322/3310 4598/3313 3219/3316 1058/3311
f 3232/3088 1071/3087 3322/6150 4599/3309
f 1072/6151 3232/3088 4599/3309 3321/6152
f 3321/3306 4599/3309 3218/3312 1057/3307
f 2374/3084 1072/3083 3321/6152 4600/3305
f 250/6153 2374/3084 4600/3305 1946/6154
f 1946/6154 4600/3305 3217/3308 248/6155
f 3224/3336 1064/3335 3320/3302 4601/3301
f 1063/3331 3224/3336 4601/3301 3319/6156
f 3319/3298 4601/3301 3066/3304 906/3299
f 3223/3332 1063/3331 3319/6156 4602/3297
f 1062/3327 3223/3332 4602/3297 3318/6157
f 3318/3294 4602/3297 3067/3300 907/3295
f 3222/3328 1062/3327 3318/6157 4603/3293
f 1061/3323 3222/3328 4603/3293 3317/6158
f 3317/3290 4603/3293 3068/3296 908/3291
f 3221/3324 1061/3323 3317/6158 4604/3289
f 1060/3319 3221/3324 4604/3289 3316/6159
f 3316/3286 4604/3289 3069/3292 909/3287
f 3220/3320 1060/3319 3316/6159 4605/3285
f 1059/3315 3220/3320 4605/3285 3315/6160
f 3315/3282 4605/3285 3070/3288 910/3283
f 3219/3316 1059/3315 3315/6160 4606/3281
f 1058/3311 3219/3316 4606/3281 3314/6161
f 3314/3278 4606/3281 3071/3284 911/3279
f 3218/3312 1058/3311 3314/6161 4607/3277
f 1057/3307 3218/3312 4607/3277 3313/6162
f 3313/3274 4607/3277 3072/3280 912/3275
f 3217/3308 1057/3307 3313/6162 4608/3273
f 248/6155 3217/3308 4608/3273 1917/6163
f 1917/6163 4608/3273 2311/3276 247/5910
f 3048/3912 888/3911 3312/3270 4609/3269
f 887/3907 3048/3912 4609/3269 3311/6164
f 3311/3266 4609/3269 3138/3272 978/3267
f 3047/3908 887/3907 3311/6164 4610/3265
f 886/3903 3047/3908 4610/3265 3310/6165
f 3310/3262 4610/3265 3139/3268 979/3263
f 3046/3904 886/3903 3310/6165 4611/3261
f 885/3899 3046/3904 4611/3261 3309/6166
f 3309/3258 4611/3261 3140/3264 980/3259
f 3045/3900 885/3899 3309/6166 4612/3257
f 884/3895 3045/3900 4612/3257 3308/6167
f 3308/3254 4612/3257 3141/3260 981/3255
f 3044/3896 884/3895 3308/6167 4613/3253
f 883/3891 3044/3896 4613/3253 3307/6168
f 3307/3250 4613/3253 3142/3256 982/3251
f 3043/3892 883/3891 3307/6168 4614/3249
f 882/3887 3043/3892 4614/3249 3306/6169
f 3306/3246 4614/3249 3143/3252 983/3247
f 3042/3888 882/3887 3306/6169 4615/3245
f 881/3883 3042/3888 4615/3245 3305/6170
f 3305/3242 4615/3245 3144/3248 984/3243
f 3041/3884 881/3883 3305/6170 4616/3241
f 237/5895 3041/3884 4616/3241 1900/6171
f 1900/6171 4616/3241 2344/3244 238/6018
f 3184/3496 1024/3495 3304/3238 4617/3237
f 1023/3491 3184/3496 4617/3237 3303/6172
f 3303/3234 4617/3237 3210/3240 1050/3235
f 3183/3492 1023/3491 3303/6172 4618/3233
f 1022/3487 3183/3492 4618/3233 3302/6173
f 3302/3230 4618/3233 3211/3236 1051/3231
f 3182/3488 1022/3487 3302/6173 4619/3229
f 1021/3483 3182/3488 4619/3229 3301/6174
f 3301/3226 4619/3229 3212/3232 1052/3227
f 3181/3484 1021/3483 3301/6174 4620/3225
f 1020/3479 3181/3484 4620/3225 3300/6175
f 3300/3222 4620/3225 3213/3228 1053/3223
f 3180/3480 1020/3479 3300/6175 4621/3221
f 1019/3475 3180/3480 4621/3221 3299/6176
f 3299/3218 4621/3221 3214/3224 1054/3219
f 3179/3476 1019/3475 3299/6176 4622/3217
f 1018/3471 3179/3476 4622/3217 3298/6177
f 3298/3214 4622/3217 3215/3220 1055/3215
f 3178/3472 1018/3471 3298/6177 4623/3213
f 1017/3467 3178/3472 4623/3213 3297/6178
f 3297/3210 4623/3213 3216/3216 1056/3211
f 3177/3468 1017/3467 3297/6178 4624/3209
f 228/6072 3177/3468 4624/3209 1379/6179
f 1379/6179 4624/3209 2366/3212 229/6137
f 3152/3592 992/3591 3296/3206 4625/3205
f 991/3587 3152/3592 4625/3205 3295/6180
f 3295/3202 4625/3205 3050/3208 890/3203
f 3151/3588 991/3587 3295/6180 4626/3201
f 990/3583 3151/3588 4626/3201 3294/6181
f 3294/3198 4626/3201 3051/3204 891/3199
f 3150/3584 990/3583 3294/6181 4627/3197
f 989/3579 3150/3584 4627/3197 3293/6182
f 3293/3194 4627/3197 3052/3200 892/3195
f 3149/3580 989/3579 3293/6182 4628/3193
f 988/3575 3149/3580 4628/3193 3292/6183
f 3292/3190 4628/3193 3053/3196 893/3191
f 3148/3576 988/3575 3292/6183 4629/3189
f 987/3571 3148/3576 4629/3189 3291/6184
f 3291/3186 4629/3189 3054/3192 894/3187
f 3147/3572 987/3571 3291/6184 4630/3185
f 986/3567 3147/3572 4630/3185 3290/6185
f 3290/3182 4630/3185 3055/3188 895/3183
f 3146/3568 986/3567 3290/6185 4631/3181
f 985/3563 3146/3568 4631/3181 3289/6186
f 3289/3178 4631/3181 3056/3184 896/3179
f 3145/3564 985/3563 3289/6186 4632/3177
f 235/6029 3145/3564 4632/3177 1901/6187
f 1901/6187 4632/3177 2305/3180 236/5893
f 3200/3464 1040/3463 3288/3174 4633/3173
f 1039/3459 3200/3464 4633/3173 3287/6188
f 3287/3170 4633/3173 3122/3176 962/3171
f 3199/3460 1039/3459 3287/6188 4634/3169
f 1038/3455 3199/3460 4634/3169 3286/6189
f 3286/3166 4634/3169 3123/3172 963/3167
f 3198/3456 1038/3455 3286/6189 4635/3165
f 1037/3451 3198/3456 4635/3165 3285/6190
f 3285/3162 4635/3165 3124/3168 964/3163
f 3197/3452 1037/3451 3285/6190 4636/3161
f 1036/3447 3197/3452 4636/3161 3284/6191
f 3284/3158 4636/3161 3125/3164 965/3159
f 3196/3448 1036/3447 3284/6191 4637/3157
f 1035/3443 3196/3448 4637/3157 3283/6192
f 3283/3154 4637/3157 3126/3160 966/3155
f 3195/3444 1035/3443 3283/6192 4638/3153
f 1034/3439 3195/3444 4638/3153 3282/6193
f 3282/3150 4638/3153 3127/3156 967/3151
f 3194/3440 1034/3439 3282/6193 4639/3149
f 1033/3435 3194/3440 4639/3149 3281/6194
f 3281/3146 4639/3149 3128/3152 968/3147
f 3193/3436 1033/3435 3281/6194 4640/3145
f 230/6089 3193/3436 4640/3145 1381/6195
f 1381/6195 4640/3145 2342/3148 225/6001
f 3234/3048 1073/3047 3280/3142 4641/3141
f 1074/6196 3234/3048 4641/3141 3279/6197
f 3279/3138 4641/3141 2978/3144 818/3139
f 3235/3044 1074/3043 3279/6197 4642/3137
f 1075/6198 3235/3044 4642/3137 3278/6199
f 3278/3134 4642/3137 2979/3140 819/3135
f 3236/3040 1075/3039 3278/6199 4643/3133
f 1076/6200 3236/3040 4643/3133 3277/6201
f 3277/3130 4643/3133 2980/3136 820/3131
f 3237/3036 1076/3035 3277/6201 4644/3129
f 1077/6202 3237/3036 4644/3129 3276/6203
f 3276/3126 4644/3129 2981/3132 821/3127
f 3238/3032 1077/3031 3276/6203 4645/3125
f 1078/6204 3238/3032 4645/3125 3275/6205
f 3275/3122 4645/3125 2982/3128 822/3123
f 3239/3028 1078/3027 3275/6205 4646/3121
f 1079/6206 3239/3028 4646/3121 3274/6207
f 3274/3118 4646/3121 2983/3124 823/3119
f 3240/3024 1079/3023 3274/6207 4647/3117
f 1080/6208 3240/3024 4647/3117 3273/6209
f 3273/3114 4647/3117 2984/3120 824/3115
f 2376/3020 1080/3019 3273/6209 4648/3113
f 223/6210 2376/3020 4648/3113 1382/6211
f 1382/6211 4648/3113 2278/3116 226/5801
f 3024/4008 864/4007 3272/3110 4649/3109
f 863/4003 3024/4008 4649/3109 3271/6212
f 3271/3106 4649/3109 3226/3112 1066/3107
f 3023/4004 863/4003 3271/6212 4650/3105
f 862/3999 3023/4004 4650/3105 3270/6213
f 3270/3102 4650/3105 3227/3108 1067/3103
f 3022/4000 862/3999 3270/6213 4651/3101
f 861/3995 3022/4000 4651/3101 3269/6214
f 3269/3098 4651/3101 3228/3104 1068/3099
f 3021/3996 861/3995 3269/6214 4652/3097
f 860/3991 3021/3996 4652/3097 3268/6215
f 3268/3094 4652/3097 3229/3100 1069/3095
f 3020/3992 860/3991 3268/6215 4653/3093
f 859/3987 3020/3992 4653/3093 3267/6216
f 3267/3090 4653/3093 3230/3096 1070/3091
f 3019/3988 859/3987 3267/6216 4654/3089
f 858/3983 3019/3988 4654/3089 3266/6217
f 3266/3086 4654/3089 3231/3092 1071/3087
f 3018/3984 858/3983 3266/6217 4655/3085
f 857/3979 3018/3984 4655/3085 3265/6218
f 3265/3082 4655/3085 3232/3088 1072/3083
f 3017/3980 857/3979 3265/6218 4656/3081
f 249/5846 3017/3980 4656/3081 1950/6219
f 1950/6219 4656/3081 2374/3084 250/6153
f 2992/4072 832/4071 3264/3078 4657/3077
f 831/4067 2992/4072 4657/3077 3263/6220
f 3263/3074 4657/3077 3162/3080 1002/3075
f 2991/4068 831/4067 3263/6220 4658/3073
f 830/4063 2991/4068 4658/3073 3262/6221
f 3262/3070 4658/3073 3163/3076 1003/3071
f 2990/4064 830/4063 3262/6221 4659/3069
f 829/4059 2990/4064 4659/3069 3261/6222
f 3261/3066 4659/3069 3164/3072 1004/3067
f 2989/4060 829/4059 3261/6222 4660/3065
f 828/4055 2989/4060 4660/3065 3260/6223
f 3260/3062 4660/3065 3165/3068 1005/3063
f 2988/4056 828/4055 3260/6223 4661/3061
f 827/4051 2988/4056 4661/3061 3259/6224
f 3259/3058 4661/3061 3166/3064 1006/3059
f 2987/4052 827/4051 3259/6224 4662/3057
f 826/4047 2987/4052 4662/3057 3258/6225
f 3258/3054 4662/3057 3167/3060 1007/3055
f 2986/4048 826/4047 3258/6225 4663/3053
f 825/4043 2986/4048 4663/3053 3257/6226
f 3257/3050 4663/3053 3168/3056 1008/3051
f 2985/4044 825/4043 3257/6226 4664/3049
f 219/5820 2985/4044 4664/3049 1434/6227
f 1434/6227 4664/3049 2354/3052 218/6044
f 3120/3656 960/3655 3256/3046 4665/3045
f 959/3651 3120/3656 4665/3045 3255/6228
f 3255/3042 4665/3045 3234/3048 1074/3043
f 3119/3652 959/3651 3255/6228 4666/3041
f 958/3647 3119/3652 4666/3041 3254/6229
f 3254/3038 4666/3041 3235/3044 1075/3039
f 3118/3648 958/3647 3254/6229 4667/3037
f 957/3643 3118/3648 4667/3037 3253/6230
f 3253/3034 4667/3037 3236/3040 1076/3035
f 3117/3644 957/3643 3253/6230 4668/3033
f 956/3639 3117/3644 4668/3033 3252/6231
f 3252/3030 4668/3033 3237/3036 1077/3031
f 3116/3640 956/3639 3252/6231 4669/3029
f 955/3635 3116/3640 4669/3029 3251/6232
f 3251/3026 4669/3029 3238/3032 1078/3027
f 3115/3636 955/3635 3251/6232 4670/3025
f 954/3631 3115/3636 4670/3025 3250/6233
f 3250/3022 4670/3025 3239/3028 1079/3023
f 3114/3632 954/3631 3250/6233 4671/3021
f 953/3627 3114/3632 4671/3021 3249/6234
f 3249/3018 4671/3021 3240/3024 1080/3019
f 3113/3628 953/3627 3249/6234 4672/3017
f 222/6003 3113/3628 4672/3017 1385/6235
f 1385/6235 4672/3017 2376/3020 223/6210
f 2976/4104 816/4103 3248/3014 4673/3013
f 815/4099 2976/4104 4673/3013 3247/6236
f 3247/3010 4673/3013 3106/3016 946/3011
f 2975/4100 815/4099 3247/6236 4674/3009
f 814/4095 2975/4100 4674/3009 3246/6237
f 3246/3006 4674/3009 3107/3012 947/3007
f 2974/4096 814/4095 3246/6237 4675/3005
f 813/4091 2974/4096 4675/3005 3245/6238
f 3245/3002 4675/3005 3108/3008 948/3003
f 2973/4092 813/4091 3245/6238 4676/3001
f 812/4087 2973/4092 4676/3001 3244/6239
f 3244/2998 4676/3001 3109/3004 949/2999
f 2972/4088 812/4087 3244/6239 4677/2997
f 811/4083 2972/4088 4677/2997 3243/6240
f 3243/2994 4677/2997 3110/3000 950/2995
f 2971/4084 811/4083 3243/6240 4678/2993
f 810/4079 2971/4084 4678/2993 3242/6241
f 3242/2990 4678/2993 3111/2996 951/2991
f 2970/4080 810/4079 3242/6241 4679/2989
f 809/4075 2970/4080 4679/2989 3241/6242
f 3241/2986 4679/2989 3112/2992 952/2987
f 2969/4076 809/4075 3241/6242 4680/2985
f 224/5803 2969/4076 4680/2985 1887/6243
f 1887/6243 4680/2985 2339/2988 233/5977
f 2386/2248 513/2247 2952/2982 4681/2981
f 514/6244 2386/2248 4681/2981 2951/6245
f 2951/2978 4681/2981 2384/2984 511/2979
f 2387/2244 514/2243 2951/6245 4682/2977
f 515/6246 2387/2244 4682/2977 2950/6247
f 2950/2974 4682/2977 2383/2980 510/2975
f 2388/2240 515/2239 2950/6247 4683/2973
f 516/6248 2388/2240 4683/2973 2949/6249
f 2949/2970 4683/2973 2382/2976 509/2971
f 2389/2236 516/2235 2949/6249 4684/2969
f 517/6250 2389/2236 4684/2969 2948/6251
f 2948/2966 4684/2969 2381/2972 508/2967
f 2390/2232 517/2231 2948/6251 4685/2965
f 518/6252 2390/2232 4685/2965 2947/6253
f 2947/2962 4685/2965 2380/2968 507/2963
f 2391/2228 518/2227 2947/6253 4686/2961
f 519/6254 2391/2228 4686/2961 2946/6255
f 2946/2958 4686/2961 2379/2964 506/2959
f 2392/2224 519/2223 2946/6255 4687/2957
f 520/6256 2392/2224 4687/2957 2945/6257
f 2945/2954 4687/2957 2378/2960 505/2955
f 2274/2220 520/2219 2945/6257 4688/2953
f 4856/6258 5674/6259 5629/6260 2357/6261
f 2357/2028 5629/6260 5682/6262 4920/2025
f 2402/1896 529/1895 2944/2950 4689/2949
f 530/6263 2402/1896 4689/2949 2943/6264
f 2943/2946 4689/2949 2400/2952 527/2947
f 2403/1892 530/1891 2943/6264 4690/2945
f 531/6265 2403/1892 4690/2945 2942/6266
f 2942/2942 4690/2945 2399/2948 526/2943
f 2404/1888 531/1887 2942/6266 4691/2941
f 532/6267 2404/1888 4691/2941 2941/6268
f 2941/2938 4691/2941 2398/2944 525/2939
f 2405/1884 532/1883 2941/6268 4692/2937
f 533/6269 2405/1884 4692/2937 2940/6270
f 2940/2934 4692/2937 2397/2940 524/2935
f 2406/1880 533/1879 2940/6270 4693/2933
f 534/6271 2406/1880 4693/2933 2939/6272
f 2939/2930 4693/2933 2396/2936 523/2931
f 2407/1876 534/1875 2939/6272 4694/2929
f 535/6273 2407/1876 4694/2929 2938/6274
f 2938/2926 4694/2929 2395/2932 522/2927
f 2408/1872 535/1871 2938/6274 4695/2925
f 536/6275 2408/1872 4695/2925 2937/6276
f 2937/2922 4695/2925 2394/2928 521/2923
f 2286/1868 536/1867 2937/6276 4696/2921
f 1835/6277 5599/6278 5631/6279 126/6280
f 121/6281 5595/6282 5596/6283 1783/6284
f 2418/2376 545/2375 2936/2918 4697/2917
f 546/6285 2418/2376 4697/2917 2935/6286
f 2935/2914 4697/2917 2416/2920 543/2915
f 2419/2372 546/2371 2935/6286 4698/2913
f 547/6287 2419/2372 4698/2913 2934/6288
f 2934/2910 4698/2913 2415/2916 542/2911
f 2420/2368 547/2367 2934/6288 4699/2909
f 548/6289 2420/2368 4699/2909 2933/6290
f 2933/2906 4699/2909 2414/2912 541/2907
f 2421/2364 548/2363 2933/6290 4700/2905
f 549/6291 2421/2364 4700/2905 2932/6292
f 2932/2902 4700/2905 2413/2908 540/2903
f 2422/2360 549/2359 2932/6292 4701/2901
f 550/6293 2422/2360 4701/2901 2931/6294
f 2931/2898 4701/2901 2412/2904 539/2899
f 2423/2356 550/2355 2931/6294 4702/2897
f 551/6295 2423/2356 4702/2897 2930/6296
f 2930/2894 4702/2897 2411/2900 538/2895
f 2424/2352 551/2351 2930/6296 4703/2893
f 552/6297 2424/2352 4703/2893 2929/6298
f 2929/2890 4703/2893 2410/2896 537/2891
f 2288/2348 552/2347 2929/6298 4704/2889
f 4920/2025 5682/6262 5645/6299 2505/6300
f 119/6301 5546/6302 5545/6303 1692/6304
f 2434/6305 561/6306 2928/2886 4705/2885
f 562/6307 2434/6305 4705/2885 2927/6308
f 2927/2882 4705/2885 2432/2888 559/2883
f 2435/6309 562/6307 2927/6308 4706/2881
f 563/6310 2435/6309 4706/2881 2926/6311
f 2926/2878 4706/2881 2431/2884 558/2879
f 2436/6312 563/6310 2926/6311 4707/2877
f 564/6313 2436/6312 4707/2877 2925/6314
f 2925/2874 4707/2877 2430/2880 557/2875
f 2437/6315 564/6313 2925/6314 4708/2873
f 565/6316 2437/6315 4708/2873 2924/6317
f 2924/2870 4708/2873 2429/2876 556/2871
f 2438/6318 565/6316 2924/6317 4709/2869
f 566/6319 2438/6318 4709/2869 2923/6320
f 2923/2866 4709/2869 2428/2872 555/2867
f 2439/6321 566/6319 2923/6320 4710/2865
f 567/6322 2439/6321 4710/2865 2922/6323
f 2922/2862 4710/2865 2427/2868 554/2863
f 2440/6324 567/6322 2922/6323 4711/2861
f 568/6325 2440/6324 4711/2861 2921/6326
f 2921/2858 4711/2861 2426/2864 553/2859
f 2292/6327 568/6325 2921/6326 4712/2857
f 126/6280 5631/6279 5597/6328 1833/6329
f 112/6330 5563/6331 5562/6332 1742/6333
f 2450/2184 577/2183 2920/2854 4713/2853
f 578/6334 2450/2184 4713/2853 2919/6335
f 2919/2850 4713/2853 2448/2856 575/2851
f 2451/2180 578/2179 2919/6335 4714/2849
f 579/6336 2451/2180 4714/2849 2918/6337
f 2918/2846 4714/2849 2447/2852 574/2847
f 2452/2176 579/2175 2918/6337 4715/2845
f 580/6338 2452/2176 4715/2845 2917/6339
f 2917/2842 4715/2845 2446/2848 573/2843
f 2453/2172 580/2171 2917/6339 4716/2841
f 581/6340 2453/2172 4716/2841 2916/6341
f 2916/2838 4716/2841 2445/2844 572/2839
f 2454/2168 581/2167 2916/6341 4717/2837
f 582/6342 2454/2168 4717/2837 2915/6343
f 2915/2834 4717/2837 2444/2840 571/2835
f 2455/2164 582/2163 2915/6343 4718/2833
f 583/6344 2455/2164 4718/2833 2914/6345
f 2914/2830 4718/2833 2443/2836 570/2831
f 2456/2160 583/2159 2914/6345 4719/2829
f 584/6346 2456/2160 4719/2829 2913/6347
f 2913/2826 4719/2829 2442/2832 569/2827
f 2296/2156 584/2155 2913/6347 4720/2825
f 120/6348 5549/6349 5594/6350 1780/6351
f 1844/6352 5604/6353 5605/6354 143/6355
f 2466/2664 593/2663 2912/2822 4721/2821
f 594/6356 2466/2664 4721/2821 2911/6357
f 2911/2818 4721/2821 2464/2824 591/2819
f 2467/2660 594/2659 2911/6357 4722/2817
f 595/6358 2467/2660 4722/2817 2910/6359
f 2910/2814 4722/2817 2463/2820 590/2815
f 2468/2656 595/2655 2910/6359 4723/2813
f 596/6360 2468/2656 4723/2813 2909/6361
f 2909/2810 4723/2813 2462/2816 589/2811
f 2469/2652 596/2651 2909/6361 4724/2809
f 597/6362 2469/2652 4724/2809 2908/6363
f 2908/2806 4724/2809 2461/2812 588/2807
f 2470/2648 597/2647 2908/6363 4725/2805
f 598/6364 2470/2648 4725/2805 2907/6365
f 2907/2802 4725/2805 2460/2808 587/2803
f 2471/2644 598/2643 2907/6365 4726/2801
f 599/6366 2471/2644 4726/2801 2906/6367
f 2906/2798 4726/2801 2459/2804 586/2799
f 2472/2640 599/2639 2906/6367 4727/2797
f 600/6368 2472/2640 4727/2797 2905/6369
f 2905/2794 4727/2797 2458/2800 585/2795
f 2298/2636 600/2635 2905/6369 4728/2793
f 2489/2732 5644/6370 5660/6371 4744/2729
f 2577/2444 5649/6372 5669/6373 4816/2441
f 2482/2696 609/2695 2904/2790 4729/2789
f 610/6374 2482/2696 4729/2789 2903/6375
f 2903/2786 4729/2789 2480/2792 607/2787
f 2483/2692 610/2691 2903/6375 4730/2785
f 611/6376 2483/2692 4730/2785 2902/6377
f 2902/2782 4730/2785 2479/2788 606/2783
f 2484/2688 611/2687 2902/6377 4731/2781
f 612/6378 2484/2688 4731/2781 2901/6379
f 2901/2778 4731/2781 2478/2784 605/2779
f 2485/2684 612/2683 2901/6379 4732/2777
f 613/6380 2485/2684 4732/2777 2900/6381
f 2900/2774 4732/2777 2477/2780 604/2775
f 2486/2680 613/2679 2900/6381 4733/2773
f 614/6382 2486/2680 4733/2773 2899/6383
f 2899/2770 4733/2773 2476/2776 603/2771
f 2487/2676 614/2675 2899/6383 4734/2769
f 615/6384 2487/2676 4734/2769 2898/6385
f 2898/2766 4734/2769 2475/2772 602/2767
f 2488/2672 615/2671 2898/6385 4735/2765
f 616/6386 2488/2672 4735/2765 2897/6387
f 2897/2762 4735/2765 2474/2768 601/2763
f 2300/2668 616/2667 2897/6387 4736/2761
f 4744/2729 5660/6371 5617/6388 2307/6389
f 141/6390 5583/6391 5593/6392 1778/6393
f 2498/2536 625/2535 2896/2758 4737/2757
f 626/6394 2498/2536 4737/2757 2895/6395
f 2895/2754 4737/2757 2496/2760 623/2755
f 2499/2532 626/2531 2895/6395 4738/2753
f 627/6396 2499/2532 4738/2753 2894/6397
f 2894/2750 4738/2753 2495/2756 622/2751
f 2500/2528 627/2527 2894/6397 4739/2749
f 628/6398 2500/2528 4739/2749 2893/6399
f 2893/2746 4739/2749 2494/2752 621/2747
f 2501/2524 628/2523 2893/6399 4740/2745
f 629/6400 2501/2524 4740/2745 2892/6401
f 2892/2742 4740/2745 2493/2748 620/2743
f 2502/2520 629/2519 2892/6401 4741/2741
f 630/6402 2502/2520 4741/2741 2891/6403
f 2891/2738 4741/2741 2492/2744 619/2739
f 2503/2516 630/2515 2891/6403 4742/2737
f 631/6404 2503/2516 4742/2737 2890/6405
f 2890/2734 4742/2737 2491/2740 618/2735
f 2504/2512 631/2511 2890/6405 4743/2733
f 632/6406 2504/2512 4743/2733 2889/6407
f 2889/2730 4743/2733 2490/2736 617/2731
f 2307/2508 632/2507 2889/6407 4744/2729
f 1842/6408 5602/6409 5603/6410 135/6411
f 4816/2441 5669/6373 5644/6370 2489/2732
f 2514/1928 641/1927 2888/2726 4745/2725
f 642/6412 2514/1928 4745/2725 2887/6413
f 2887/2722 4745/2725 2512/2728 639/2723
f 2515/1924 642/1923 2887/6413 4746/2721
f 643/6414 2515/1924 4746/2721 2886/6415
f 2886/2718 4746/2721 2511/2724 638/2719
f 2516/1920 643/1919 2886/6415 4747/2717
f 644/6416 2516/1920 4747/2717 2885/6417
f 2885/2714 4747/2717 2510/2720 637/2715
f 2517/1916 644/1915 2885/6417 4748/2713
f 645/6418 2517/1916 4748/2713 2884/6419
f 2884/2710 4748/2713 2509/2716 636/2711
f 2518/1912 645/1911 2884/6419 4749/2709
f 646/6420 2518/1912 4749/2709 2883/6421
f 2883/2706 4749/2709 2508/2712 635/2707
f 2519/1908 646/1907 2883/6421 4750/2705
f 647/6422 2519/1908 4750/2705 2882/6423
f 2882/2702 4750/2705 2507/2708 634/2703
f 2520/1904 647/1903 2882/6423 4751/2701
f 648/6424 2520/1904 4751/2701 2881/6425
f 2881/2698 4751/2701 2506/2704 633/2699
f 2309/1900 648/1899 2881/6425 4752/2697
f 2363/2188 5630/6426 5677/6427 4880/2185
f 1777/6428 5591/6429 5586/6430 122/6431
f 2384/2984 512/2983 2880/2694 4753/2693
f 511/2979 2384/2984 4753/2693 2879/6432
f 2879/2690 4753/2693 2482/2696 610/2691
f 2383/2980 511/2979 2879/6432 4754/2689
f 510/2975 2383/2980 4754/2689 2878/6433
f 2878/2686 4754/2689 2483/2692 611/2687
f 2382/2976 510/2975 2878/6433 4755/2685
f 509/2971 2382/2976 4755/2685 2877/6434
f 2877/2682 4755/2685 2484/2688 612/2683
f 2381/2972 509/2971 2877/6434 4756/2681
f 508/2967 2381/2972 4756/2681 2876/6435
f 2876/2678 4756/2681 2485/2684 613/2679
f 2380/2968 508/2967 2876/6435 4757/2677
f 507/2963 2380/2968 4757/2677 2875/6436
f 2875/2674 4757/2677 2486/2680 614/2675
f 2379/2964 507/2963 2875/6436 4758/2673
f 506/2959 2379/2964 4758/2673 2874/6437
f 2874/2670 4758/2673 2487/2676 615/2671
f 2378/2960 506/2959 2874/6437 4759/2669
f 505/2955 2378/2960 4759/2669 2873/6438
f 2873/2666 4759/2669 2488/2672 616/2667
f 2377/2956 505/2955 2873/6438 4760/2665
f 4880/2185 5677/6427 5632/6439 2370/6440
f 2370/1932 5632/6439 5685/6441 4944/1929
f 2522/2024 649/2023 2872/2662 4761/2661
f 650/6442 2522/2024 4761/2661 2871/6443
f 2871/2658 4761/2661 2466/2664 594/2659
f 2523/2020 650/2019 2871/6443 4762/2657
f 651/6444 2523/2020 4762/2657 2870/6445
f 2870/2654 4762/2657 2467/2660 595/2655
f 2524/2016 651/2015 2870/6445 4763/2653
f 652/6446 2524/2016 4763/2653 2869/6447
f 2869/2650 4763/2653 2468/2656 596/2651
f 2525/2012 652/2011 2869/6447 4764/2649
f 653/6448 2525/2012 4764/2649 2868/6449
f 2868/2646 4764/2649 2469/2652 597/2647
f 2526/2008 653/2007 2868/6449 4765/2645
f 654/6450 2526/2008 4765/2645 2867/6451
f 2867/2642 4765/2645 2470/2648 598/2643
f 2527/2004 654/2003 2867/6451 4766/2641
f 655/6452 2527/2004 4766/2641 2866/6453
f 2866/2638 4766/2641 2471/2644 599/2639
f 2528/2000 655/1999 2866/6453 4767/2637
f 656/6454 2528/2000 4767/2637 2865/6455
f 2865/2634 4767/2637 2472/2640 600/2635
f 2318/1996 656/1995 2865/6455 4768/2633
f 1776/6456 5589/6457 5574/6458 140/6459
f 138/6460 5598/6461 5601/6462 1840/6463
f 2448/2856 576/2855 2864/2630 4769/2629
f 575/2851 2448/2856 4769/2629 2863/6464
f 2863/2626 4769/2629 2434/2632 562/2627
f 2447/2852 575/2851 2863/6464 4770/2625
f 574/2847 2447/2852 4770/2625 2862/6465
f 2862/2622 4770/2625 2435/2628 563/2623
f 2446/2848 574/2847 2862/6465 4771/2621
f 573/2843 2446/2848 4771/2621 2861/6466
f 2861/2618 4771/2621 2436/2624 564/2619
f 2445/2844 573/2843 2861/6466 4772/2617
f 572/2839 2445/2844 4772/2617 2860/6467
f 2860/2614 4772/2617 2437/2620 565/2615
f 2444/2840 572/2839 2860/6467 4773/2613
f 571/2835 2444/2840 4773/2613 2859/6468
f 2859/2610 4773/2613 2438/2616 566/2611
f 2443/2836 571/2835 2859/6468 4774/2609
f 570/2831 2443/2836 4774/2609 2858/6469
f 2858/2606 4774/2609 2439/2612 567/2607
f 2442/2832 570/2831 2858/6469 4775/2605
f 569/2827 2442/2832 4775/2605 2857/6470
f 2857/2602 4775/2605 2440/2608 568/2603
f 2441/2828 569/2827 2857/6470 4776/2601
f 4944/1929 5685/6441 5652/6471 2649/6472
f 1724/6473 5558/6474 5563/6331 112/6330
f 2538/2440 665/2439 2856/2598 4777/2597
f 666/6475 2538/2440 4777/2597 2855/6476
f 2855/2594 4777/2597 2536/2600 663/2595
f 2539/2436 666/2435 2855/6476 4778/2593
f 667/6477 2539/2436 4778/2593 2854/6478
f 2854/2590 4778/2593 2535/2596 662/2591
f 2540/2432 667/2431 2854/6478 4779/2589
f 668/6479 2540/2432 4779/2589 2853/6480
f 2853/2586 4779/2589 2534/2592 661/2587
f 2541/2428 668/2427 2853/6480 4780/2585
f 669/6481 2541/2428 4780/2585 2852/6482
f 2852/2582 4780/2585 2533/2588 660/2583
f 2542/2424 669/2423 2852/6482 4781/2581
f 670/6483 2542/2424 4781/2581 2851/6484
f 2851/2578 4781/2581 2532/2584 659/2579
f 2543/2420 670/2419 2851/6484 4782/2577
f 671/6485 2543/2420 4782/2577 2850/6486
f 2850/2574 4782/2577 2531/2580 658/2575
f 2544/2416 671/2415 2850/6486 4783/2573
f 672/6487 2544/2416 4783/2573 2849/6488
f 2849/2570 4783/2573 2530/2576 657/2571
f 2320/2412 672/2411 2849/6488 4784/2569
f 116/6489 5636/6490 5587/6491 1775/6492
f 1774/6493 5585/6494 5557/6495 117/6496
f 2554/2120 681/2119 2848/2566 4785/2565
f 682/6497 2554/2120 4785/2565 2847/6498
f 2847/2562 4785/2565 2552/2568 679/2563
f 2555/2116 682/2115 2847/6498 4786/2561
f 683/6499 2555/2116 4786/2561 2846/6500
f 2846/2558 4786/2561 2551/2564 678/2559
f 2556/2112 683/2111 2846/6500 4787/2557
f 684/6501 2556/2112 4787/2557 2845/6502
f 2845/2554 4787/2557 2550/2560 677/2555
f 2557/2108 684/2107 2845/6502 4788/2553
f 685/6503 2557/2108 4788/2553 2844/6504
f 2844/2550 4788/2553 2549/2556 676/2551
f 2558/2104 685/2103 2844/6504 4789/2549
f 686/6505 2558/2104 4789/2549 2843/6506
f 2843/2546 4789/2549 2548/2552 675/2547
f 2559/2100 686/2099 2843/6506 4790/2545
f 687/6507 2559/2100 4790/2545 2842/6508
f 2842/2542 4790/2545 2547/2548 674/2543
f 2560/2096 687/2095 2842/6508 4791/2541
f 688/6509 2560/2096 4791/2541 2841/6510
f 2841/2538 4791/2541 2546/2544 673/2539
f 2324/2092 688/2091 2841/6510 4792/2537
f 2409/2892 5639/6511 5655/6512 4704/2889
f 1722/6513 5556/6514 5624/6515 114/6516
f 2562/2408 689/2407 2840/2534 4793/2533
f 690/6517 2562/2408 4793/2533 2839/6518
f 2839/2530 4793/2533 2498/2536 626/2531
f 2563/2404 690/2403 2839/6518 4794/2529
f 691/6519 2563/2404 4794/2529 2838/6520
f 2838/2526 4794/2529 2499/2532 627/2527
f 2564/2400 691/2399 2838/6520 4795/2525
f 692/6521 2564/2400 4795/2525 2837/6522
f 2837/2522 4795/2525 2500/2528 628/2523
f 2565/2396 692/2395 2837/6522 4796/2521
f 693/6523 2565/2396 4796/2521 2836/6524
f 2836/2518 4796/2521 2501/2524 629/2519
f 2566/2392 693/2391 2836/6524 4797/2517
f 694/6525 2566/2392 4797/2517 2835/6526
f 2835/2514 4797/2517 2502/2520 630/2515
f 2567/2388 694/2387 2835/6526 4798/2513
f 695/6527 2567/2388 4798/2513 2834/6528
f 2834/2510 4798/2513 2503/2516 631/2511
f 2568/2384 695/2383 2834/6528 4799/2509
f 696/6529 2568/2384 4799/2509 2833/6530
f 2833/2506 4799/2509 2504/2512 632/2507
f 2326/2380 696/2379 2833/6530 4800/2505
f 2298/2636 5615/6531 5663/6532 4768/2633
f 111/6533 5561/6534 5560/6535 1734/6536
f 2464/2824 592/2823 2832/2502 4801/2501
f 591/2819 2464/2824 4801/2501 2831/6537
f 2831/2498 4801/2501 2576/2504 703/2499
f 2463/2820 591/2819 2831/6537 4802/2497
f 590/2815 2463/2820 4802/2497 2830/6538
f 2830/2494 4802/2497 2575/2500 702/2495
f 2462/2816 590/2815 2830/6538 4803/2493
f 589/2811 2462/2816 4803/2493 2829/6539
f 2829/2490 4803/2493 2574/2496 701/2491
f 2461/2812 589/2811 2829/6539 4804/2489
f 588/2807 2461/2812 4804/2489 2828/6540
f 2828/2486 4804/2489 2573/2492 700/2487
f 2460/2808 588/2807 2828/6540 4805/2485
f 587/2803 2460/2808 4805/2485 2827/6541
f 2827/2482 4805/2485 2572/2488 699/2483
f 2459/2804 587/2803 2827/6541 4806/2481
f 586/2799 2459/2804 4806/2481 2826/6542
f 2826/2478 4806/2481 2571/2484 698/2479
f 2458/2800 586/2799 2826/6542 4807/2477
f 585/2795 2458/2800 4807/2477 2825/6543
f 2825/2474 4807/2477 2570/2480 697/2475
f 2457/2796 585/2795 2825/6543 4808/2473
f 4704/2889 5655/6512 5612/6544 2288/2348
f 2288/2348 5612/6544 5672/6545 4840/2345
f 2496/2760 624/2759 2824/2470 4809/2469
f 623/2755 2496/2760 4809/2469 2823/6546
f 2823/2466 4809/2469 2584/2472 711/2467
f 2495/2756 623/2755 2823/6546 4810/2465
f 622/2751 2495/2756 4810/2465 2822/6547
f 2822/2462 4810/2465 2583/2468 710/2463
f 2494/2752 622/2751 2822/6547 4811/2461
f 621/2747 2494/2752 4811/2461 2821/6548
f 2821/2458 4811/2461 2582/2464 709/2459
f 2493/2748 621/2747 2821/6548 4812/2457
f 620/2743 2493/2748 4812/2457 2820/6549
f 2820/2454 4812/2457 2581/2460 708/2455
f 2492/2744 620/2743 2820/6549 4813/2453
f 619/2739 2492/2744 4813/2453 2819/6550
f 2819/2450 4813/2453 2580/2456 707/2451
f 2491/2740 619/2739 2819/6550 4814/2449
f 618/2735 2491/2740 4814/2449 2818/6551
f 2818/2446 4814/2449 2579/2452 706/2447
f 2490/2736 618/2735 2818/6551 4815/2445
f 617/2731 2490/2736 4815/2445 2817/6552
f 2817/2442 4815/2445 2578/2448 705/2443
f 2489/2732 617/2731 2817/6552 4816/2441
f 4768/2633 5663/6532 5619/6553 2318/1996
f 4840/2345 5672/6545 5628/6554 2352/6555
f 2586/2088 713/2087 2816/2438 4817/2437
f 714/6556 2586/2088 4817/2437 2815/6557
f 2815/2434 4817/2437 2538/2440 666/2435
f 2587/2084 714/2083 2815/6557 4818/2433
f 715/6558 2587/2084 4818/2433 2814/6559
f 2814/2430 4818/2433 2539/2436 667/2431
f 2588/2080 715/2079 2814/6559 4819/2429
f 716/6560 2588/2080 4819/2429 2813/6561
f 2813/2426 4819/2429 2540/2432 668/2427
f 2589/2076 716/2075 2813/6561 4820/2425
f 717/6562 2589/2076 4820/2425 2812/6563
f 2812/2422 4820/2425 2541/2428 669/2423
f 2590/2072 717/2071 2812/6563 4821/2421
f 718/6564 2590/2072 4821/2421 2811/6565
f 2811/2418 4821/2421 2542/2424 670/2419
f 2591/2068 718/2067 2811/6565 4822/2417
f 719/6566 2591/2068 4822/2417 2810/6567
f 2810/2414 4822/2417 2543/2420 671/2415
f 2592/2064 719/2063 2810/6567 4823/2413
f 720/6568 2592/2064 4823/2413 2809/6569
f 2809/2410 4823/2413 2544/2416 672/2411
f 2347/2060 720/2059 2809/6569 4824/2409
f 2324/2092 5622/6570 5680/6571 4904/2089
f 1771/6572 5584/6573 5636/6490 116/6489
f 2594/2312 721/2311 2808/2406 4825/2405
f 722/6574 2594/2312 4825/2405 2807/6575
f 2807/2402 4825/2405 2562/2408 690/2403
f 2595/2308 722/2307 2807/6575 4826/2401
f 723/6576 2595/2308 4826/2401 2806/6577
f 2806/2398 4826/2401 2563/2404 691/2399
f 2596/2304 723/2303 2806/6577 4827/2397
f 724/6578 2596/2304 4827/2397 2805/6579
f 2805/2394 4827/2397 2564/2400 692/2395
f 2597/2300 724/2299 2805/6579 4828/2393
f 725/6580 2597/2300 4828/2393 2804/6581
f 2804/2390 4828/2393 2565/2396 693/2391
f 2598/2296 725/2295 2804/6581 4829/2389
f 726/6582 2598/2296 4829/2389 2803/6583
f 2803/2386 4829/2389 2566/2392 694/2387
f 2599/2292 726/2291 2803/6583 4830/2385
f 727/6584 2599/2292 4830/2385 2802/6585
f 2802/2382 4830/2385 2567/2388 695/2383
f 2600/2288 727/2287 2802/6585 4831/2381
f 728/6586 2600/2288 4831/2381 2801/6587
f 2801/2378 4831/2381 2568/2384 696/2379
f 2350/2284 728/2283 2801/6587 4832/2377
f 139/6588 5600/6589 5599/6278 1835/6277
f 114/6516 5624/6515 5554/6590 1719/6591
f 2602/1864 729/1863 2800/2374 4833/2373
f 730/6592 2602/1864 4833/2373 2799/6593
f 2799/2370 4833/2373 2418/2376 546/2371
f 2603/1860 730/1859 2799/6593 4834/2369
f 731/6594 2603/1860 4834/2369 2798/6595
f 2798/2366 4834/2369 2419/2372 547/2367
f 2604/1856 731/1855 2798/6595 4835/2365
f 732/6596 2604/1856 4835/2365 2797/6597
f 2797/2362 4835/2365 2420/2368 548/2363
f 2605/1852 732/1851 2797/6597 4836/2361
f 733/6598 2605/1852 4836/2361 2796/6599
f 2796/2358 4836/2361 2421/2364 549/2359
f 2606/1848 733/1847 2796/6599 4837/2357
f 734/6600 2606/1848 4837/2357 2795/6601
f 2795/2354 4837/2357 2422/2360 550/2355
f 2607/1844 734/1843 2795/6601 4838/2353
f 735/6602 2607/1844 4838/2353 2794/6603
f 2794/2350 4838/2353 2423/2356 551/2351
f 2608/1840 735/1839 2794/6603 4839/2349
f 736/6604 2608/1840 4839/2349 2793/6605
f 2793/2346 4839/2349 2424/2352 552/2347
f 2352/1836 736/1835 2793/6605 4840/2345
f 1783/6284 5596/6283 5592/6606 123/6607
f 4904/2089 5680/6571 5643/6608 2473/6609
f 2400/2952 528/2951 2792/2342 4841/2341
f 527/2947 2400/2952 4841/2341 2791/6610
f 2791/2338 4841/2341 2616/2344 743/2339
f 2399/2948 527/2947 2791/6610 4842/2337
f 526/2943 2399/2948 4842/2337 2790/6611
f 2790/2334 4842/2337 2615/2340 742/2335
f 2398/2944 526/2943 2790/6611 4843/2333
f 525/2939 2398/2944 4843/2333 2789/6612
f 2789/2330 4843/2333 2614/2336 741/2331
f 2397/2940 525/2939 2789/6612 4844/2329
f 524/2935 2397/2940 4844/2329 2788/6613
f 2788/2326 4844/2329 2613/2332 740/2327
f 2396/2936 524/2935 2788/6613 4845/2325
f 523/2931 2396/2936 4845/2325 2787/6614
f 2787/2322 4845/2325 2612/2328 739/2323
f 2395/2932 523/2931 2787/6614 4846/2321
f 522/2927 2395/2932 4846/2321 2786/6615
f 2786/2318 4846/2321 2611/2324 738/2319
f 2394/2928 522/2927 2786/6615 4847/2317
f 521/2923 2394/2928 4847/2317 2785/6616
f 2785/2314 4847/2317 2610/2320 737/2315
f 2393/2924 521/2923 2785/6616 4848/2313
f 2352/6555 5628/6554 5688/6617 4968/1833
f 136/6618 5567/6619 5582/6620 1770/6621
f 2618/2056 745/2055 2784/2310 4849/2309
f 746/6622 2618/2056 4849/2309 2783/6623
f 2783/2306 4849/2309 2594/2312 722/2307
f 2619/2052 746/2051 2783/6623 4850/2305
f 747/6624 2619/2052 4850/2305 2782/6625
f 2782/2302 4850/2305 2595/2308 723/2303
f 2620/2048 747/2047 2782/6625 4851/2301
f 748/6626 2620/2048 4851/2301 2781/6627
f 2781/2298 4851/2301 2596/2304 724/2299
f 2621/2044 748/2043 2781/6627 4852/2297
f 749/6628 2621/2044 4852/2297 2780/6629
f 2780/2294 4852/2297 2597/2300 725/2295
f 2622/2040 749/2039 2780/6629 4853/2293
f 750/6630 2622/2040 4853/2293 2779/6631
f 2779/2290 4853/2293 2598/2296 726/2291
f 2623/2036 750/2035 2779/6631 4854/2289
f 751/6632 2623/2036 4854/2289 2778/6633
f 2778/2286 4854/2289 2599/2292 727/2287
f 2624/2032 751/2031 2778/6633 4855/2285
f 752/6634 2624/2032 4855/2285 2777/6635
f 2777/2282 4855/2285 2600/2288 728/2283
f 2357/2028 752/2027 2777/6635 4856/6258
f 4968/1833 5688/6617 5640/6636 2425/6637
f 1833/6329 5597/6328 5598/6461 138/6460
f 2634/2216 761/2215 2776/2278 4857/2277
f 762/6638 2634/2216 4857/2277 2775/6639
f 2775/2274 4857/2277 2632/2280 759/2275
f 2635/2212 762/2211 2775/6639 4858/2273
f 763/6640 2635/2212 4858/2273 2774/6641
f 2774/2270 4858/2273 2631/2276 758/2271
f 2636/2208 763/2207 2774/6641 4859/2269
f 764/6642 2636/2208 4859/2269 2773/6643
f 2773/2266 4859/2269 2630/2272 757/2267
f 2637/2204 764/2203 2773/6643 4860/2265
f 765/6644 2637/2204 4860/2265 2772/6645
f 2772/2262 4860/2265 2629/2268 756/2263
f 2638/2200 765/2199 2772/6645 4861/2261
f 766/6646 2638/2200 4861/2261 2771/6647
f 2771/2258 4861/2261 2628/2264 755/2259
f 2639/2196 766/2195 2771/6647 4862/2257
f 767/6648 2639/2196 4862/2257 2770/6649
f 2770/2254 4862/2257 2627/2260 754/2255
f 2640/2192 767/2191 2770/6649 4863/2253
f 768/6650 2640/2192 4863/2253 2769/6651
f 2769/2250 4863/2253 2626/2256 753/2251
f 2363/2188 768/2187 2769/6651 4864/2249
f 135/6411 5603/6410 5581/6652 1768/6653
f 1780/6351 5594/6350 5595/6282 121/6281
f 2584/2472 712/2471 2768/2246 4865/2245
f 711/2467 2584/2472 4865/2245 2767/6654
f 2767/2242 4865/2245 2386/2248 514/2243
f 2583/2468 711/2467 2767/6654 4866/2241
f 710/2463 2583/2468 4866/2241 2766/6655
f 2766/2238 4866/2241 2387/2244 515/2239
f 2582/2464 710/2463 2766/6655 4867/2237
f 709/2459 2582/2464 4867/2237 2765/6656
f 2765/2234 4867/2237 2388/2240 516/2235
f 2581/2460 709/2459 2765/6656 4868/2233
f 708/2455 2581/2460 4868/2233 2764/6657
f 2764/2230 4868/2233 2389/2236 517/2231
f 2580/2456 708/2455 2764/6657 4869/2229
f 707/2451 2580/2456 4869/2229 2763/6658
f 2763/2226 4869/2229 2390/2232 518/2227
f 2579/2452 707/2451 2763/6658 4870/2225
f 706/2447 2579/2452 4870/2225 2762/6659
f 2762/2222 4870/2225 2391/2228 519/2223
f 2578/2448 706/2447 2762/6659 4871/2221
f 705/2443 2578/2448 4871/2221 2761/6660
f 2761/2218 4871/2221 2392/2224 520/2219
f 2577/2444 705/2443 2761/6660 4872/2217
f 2457/2796 5642/6661 5658/6662 4728/2793
f 2307/6389 5617/6388 5667/6663 4800/2505
f 2642/1960 769/1959 2760/2214 4873/2213
f 770/6664 2642/1960 4873/2213 2759/6665
f 2759/2210 4873/2213 2634/2216 762/2211
f 2643/1956 770/1955 2759/6665 4874/2209
f 771/6666 2643/1956 4874/2209 2758/6667
f 2758/2206 4874/2209 2635/2212 763/2207
f 2644/1952 771/1951 2758/6667 4875/2205
f 772/6668 2644/1952 4875/2205 2757/6669
f 2757/2202 4875/2205 2636/2208 764/2203
f 2645/1948 772/1947 2757/6669 4876/2201
f 773/6670 2645/1948 4876/2201 2756/6671
f 2756/2198 4876/2201 2637/2204 765/2199
f 2646/1944 773/1943 2756/6671 4877/2197
f 774/6672 2646/1944 4877/2197 2755/6673
f 2755/2194 4877/2197 2638/2200 766/2195
f 2647/1940 774/1939 2755/6673 4878/2193
f 775/6674 2647/1940 4878/2193 2754/6675
f 2754/2190 4878/2193 2639/2196 767/2191
f 2648/1936 775/1935 2754/6675 4879/2189
f 776/6676 2648/1936 4879/2189 2753/6677
f 2753/2186 4879/2189 2640/2192 768/2187
f 2370/1932 776/1931 2753/6677 4880/2185
f 1766/6678 5579/6679 5635/6680 134/6681
f 4728/2793 5658/6662 5615/6531 2298/2636
f 2616/2344 744/2343 2752/2182 4881/2181
f 743/2339 2616/2344 4881/2181 2751/6682
f 2751/2178 4881/2181 2450/2184 578/2179
f 2615/2340 743/2339 2751/6682 4882/2177
f 742/2335 2615/2340 4882/2177 2750/6683
f 2750/2174 4882/2177 2451/2180 579/2175
f 2614/2336 742/2335 2750/6683 4883/2173
f 741/2331 2614/2336 4883/2173 2749/6684
f 2749/2170 4883/2173 2452/2176 580/2171
f 2613/2332 741/2331 2749/6684 4884/2169
f 740/2327 2613/2332 4884/2169 2748/6685
f 2748/2166 4884/2169 2453/2172 581/2167
f 2612/2328 740/2327 2748/6685 4885/2165
f 739/2323 2612/2328 4885/2165 2747/6686
f 2747/2162 4885/2165 2454/2168 582/2163
f 2611/2324 739/2323 2747/6686 4886/2161
f 738/2319 2611/2324 4886/2161 2746/6687
f 2746/2158 4886/2161 2455/2164 583/2159
f 2610/2320 738/2319 2746/6687 4887/2157
f 737/2315 2610/2320 4887/2157 2745/6688
f 2745/2154 4887/2157 2456/2160 584/2155
f 2609/2316 737/2315 2745/6688 4888/2153
f 2545/2540 5647/6689 5666/6690 4792/2537
f 115/6691 5555/6692 5552/6693 1714/6694
f 2658/1992 785/1991 2744/2150 4889/2149
f 786/6695 2658/1992 4889/2149 2743/6696
f 2743/2146 4889/2149 2656/2152 783/2147
f 2659/1988 786/1987 2743/6696 4890/2145
f 787/6697 2659/1988 4890/2145 2742/6698
f 2742/2142 4890/2145 2655/2148 782/2143
f 2660/1984 787/1983 2742/6698 4891/2141
f 788/6699 2660/1984 4891/2141 2741/6700
f 2741/2138 4891/2141 2654/2144 781/2139
f 2661/1980 788/1979 2741/6700 4892/2137
f 789/6701 2661/1980 4892/2137 2740/6702
f 2740/2134 4892/2137 2653/2140 780/2135
f 2662/1976 789/1975 2740/6702 4893/2133
f 790/6703 2662/1976 4893/2133 2739/6704
f 2739/2130 4893/2133 2652/2136 779/2131
f 2663/1972 790/1971 2739/6704 4894/2129
f 791/6705 2663/1972 4894/2129 2738/6706
f 2738/2126 4894/2129 2651/2132 778/2127
f 2664/1968 791/1967 2738/6706 4895/2125
f 792/6707 2664/1968 4895/2125 2737/6708
f 2737/2122 4895/2125 2650/2128 777/2123
f 2372/1964 792/1963 2737/6708 4896/2121
f 1778/6393 5593/6392 5590/6709 142/6710
f 4800/2505 5667/6663 5623/6711 2326/2380
f 2480/2792 608/2791 2736/2118 4897/2117
f 607/2787 2480/2792 4897/2117 2735/6712
f 2735/2114 4897/2117 2554/2120 682/2115
f 2479/2788 607/2787 2735/6712 4898/2113
f 606/2783 2479/2788 4898/2113 2734/6713
f 2734/2110 4898/2113 2555/2116 683/2111
f 2478/2784 606/2783 2734/6713 4899/2109
f 605/2779 2478/2784 4899/2109 2733/6714
f 2733/2106 4899/2109 2556/2112 684/2107
f 2477/2780 605/2779 2733/6714 4900/2105
f 604/2775 2477/2780 4900/2105 2732/6715
f 2732/2102 4900/2105 2557/2108 685/2103
f 2476/2776 604/2775 2732/6715 4901/2101
f 603/2771 2476/2776 4901/2101 2731/6716
f 2731/2098 4901/2101 2558/2104 686/2099
f 2475/2772 603/2771 2731/6716 4902/2097
f 602/2767 2475/2772 4902/2097 2730/6717
f 2730/2094 4902/2097 2559/2100 687/2095
f 2474/2768 602/2767 2730/6717 4903/2093
f 601/2763 2474/2768 4903/2093 2729/6718
f 2729/2090 4903/2093 2560/2096 688/2091
f 2473/2764 601/2763 2729/6718 4904/2089
f 2625/2252 5651/6719 5675/6720 4864/2249
f 4792/2537 5666/6690 5622/6570 2324/2092
f 2552/2568 680/2567 2728/2086 4905/2085
f 679/2563 2552/2568 4905/2085 2727/6721
f 2727/2082 4905/2085 2586/2088 714/2083
f 2551/2564 679/2563 2727/6721 4906/2081
f 678/2559 2551/2564 4906/2081 2726/6722
f 2726/2078 4906/2081 2587/2084 715/2079
f 2550/2560 678/2559 2726/6722 4907/2077
f 677/2555 2550/2560 4907/2077 2725/6723
f 2725/2074 4907/2077 2588/2080 716/2075
f 2549/2556 677/2555 2725/6723 4908/2073
f 676/2551 2549/2556 4908/2073 2724/6724
f 2724/2070 4908/2073 2589/2076 717/2071
f 2548/2552 676/2551 2724/6724 4909/2069
f 675/2547 2548/2552 4909/2069 2723/6725
f 2723/2066 4909/2069 2590/2072 718/2067
f 2547/2548 675/2547 2723/6725 4910/2065
f 674/2543 2547/2548 4910/2065 2722/6726
f 2722/2062 4910/2065 2591/2068 719/2063
f 2546/2544 674/2543 2722/6726 4911/2061
f 673/2539 2546/2544 4911/2061 2721/6727
f 2721/2058 4911/2061 2592/2064 720/2059
f 2545/2540 673/2539 2721/6727 4912/2057
f 123/6607 5592/6606 5591/6429 1777/6428
f 4864/2249 5675/6720 5630/6426 2363/2188
f 2512/2728 640/2727 2720/2054 4913/2053
f 639/2723 2512/2728 4913/2053 2719/6728
f 2719/2050 4913/2053 2618/2056 746/2051
f 2511/2724 639/2723 2719/6728 4914/2049
f 638/2719 2511/2724 4914/2049 2718/6729
f 2718/2046 4914/2049 2619/2052 747/2047
f 2510/2720 638/2719 2718/6729 4915/2045
f 637/2715 2510/2720 4915/2045 2717/6730
f 2717/2042 4915/2045 2620/2048 748/2043
f 2509/2716 637/2715 2717/6730 4916/2041
f 636/2711 2509/2716 4916/2041 2716/6731
f 2716/2038 4916/2041 2621/2044 749/2039
f 2508/2712 636/2711 2716/6731 4917/2037
f 635/2707 2508/2712 4917/2037 2715/6732
f 2715/2034 4917/2037 2622/2040 750/2035
f 2507/2708 635/2707 2715/6732 4918/2033
f 634/2703 2507/2708 4918/2033 2714/6733
f 2714/2030 4918/2033 2623/2036 751/2031
f 2506/2704 634/2703 2714/6733 4919/2029
f 633/2699 2506/2704 4919/2029 2713/6734
f 2713/2026 4919/2029 2624/2032 752/2027
f 2505/2700 633/2699 2713/6734 4920/2025
f 2318/1996 5619/6553 5683/6735 4928/1993
f 1764/6736 5577/6737 5551/6738 124/6739
f 2416/2920 544/2919 2712/2022 4921/2021
f 543/2915 2416/2920 4921/2021 2711/6740
f 2711/2018 4921/2021 2522/2024 650/2019
f 2415/2916 543/2915 2711/6740 4922/2017
f 542/2911 2415/2916 4922/2017 2710/6741
f 2710/2014 4922/2017 2523/2020 651/2015
f 2414/2912 542/2911 2710/6741 4923/2013
f 541/2907 2414/2912 4923/2013 2709/6742
f 2709/2010 4923/2013 2524/2016 652/2011
f 2413/2908 541/2907 2709/6742 4924/2009
f 540/2903 2413/2908 4924/2009 2708/6743
f 2708/2006 4924/2009 2525/2012 653/2007
f 2412/2904 540/2903 2708/6743 4925/2005
f 539/2899 2412/2904 4925/2005 2707/6744
f 2707/2002 4925/2005 2526/2008 654/2003
f 2411/2900 539/2899 2707/6744 4926/2001
f 538/2895 2411/2900 4926/2001 2706/6745
f 2706/1998 4926/2001 2527/2004 655/1999
f 2410/2896 538/2895 2706/6745 4927/1997
f 537/2891 2410/2896 4927/1997 2705/6746
f 2705/1994 4927/1997 2528/2000 656/1995
f 2409/2892 537/2891 2705/6746 4928/1993
f 142/6710 5590/6709 5589/6457 1776/6456
f 4928/1993 5683/6735 5639/6511 2409/2892
f 2536/2600 664/2599 2704/1990 4929/1989
f 663/2595 2536/2600 4929/1989 2703/6747
f 2703/1986 4929/1989 2658/1992 786/1987
f 2535/2596 663/2595 2703/6747 4930/1985
f 662/2591 2535/2596 4930/1985 2702/6748
f 2702/1982 4930/1985 2659/1988 787/1983
f 2534/2592 662/2591 2702/6748 4931/1981
f 661/2587 2534/2592 4931/1981 2701/6749
f 2701/1978 4931/1981 2660/1984 788/1979
f 2533/2588 661/2587 2701/6749 4932/1977
f 660/2583 2533/2588 4932/1977 2700/6750
f 2700/1974 4932/1977 2661/1980 789/1975
f 2532/2584 660/2583 2700/6750 4933/1973
f 659/2579 2532/2584 4933/1973 2699/6751
f 2699/1970 4933/1973 2662/1976 790/1971
f 2531/2580 659/2579 2699/6751 4934/1969
f 658/2575 2531/2580 4934/1969 2698/6752
f 2698/1966 4934/1969 2663/1972 791/1967
f 2530/2576 658/2575 2698/6752 4935/1965
f 657/2571 2530/2576 4935/1965 2697/6753
f 2697/1962 4935/1965 2664/1968 792/1963
f 2529/2572 657/2571 2697/6753 4936/1961
f 127/6754 5611/6755 5575/6756 1763/6757
f 113/6758 5559/6759 5558/6474 1724/6473
f 2656/2152 784/2151 2696/1958 4937/1957
f 783/2147 2656/2152 4937/1957 2695/6760
f 2695/1954 4937/1957 2642/1960 770/1955
f 2655/2148 783/2147 2695/6760 4938/1953
f 782/2143 2655/2148 4938/1953 2694/6761
f 2694/1950 4938/1953 2643/1956 771/1951
f 2654/2144 782/2143 2694/6761 4939/1949
f 781/2139 2654/2144 4939/1949 2693/6762
f 2693/1946 4939/1949 2644/1952 772/1947
f 2653/2140 781/2139 2693/6762 4940/1945
f 780/2135 2653/2140 4940/1945 2692/6763
f 2692/1942 4940/1945 2645/1948 773/1943
f 2652/2136 780/2135 2692/6763 4941/1941
f 779/2131 2652/2136 4941/1941 2691/6764
f 2691/1938 4941/1941 2646/1944 774/1939
f 2651/2132 779/2131 2691/6764 4942/1937
f 778/2127 2651/2132 4942/1937 2690/6765
f 2690/1934 4942/1937 2647/1940 775/1935
f 2650/2128 778/2127 2690/6765 4943/1933
f 777/2123 2650/2128 4943/1933 2689/6766
f 2689/1930 4943/1933 2648/1936 776/1931
f 2649/2124 777/2123 2689/6766 4944/1929
f 1775/6492 5587/6491 5588/6767 125/6768
f 122/6431 5586/6430 5585/6494 1774/6493
f 2576/2504 704/2503 2688/1926 4945/1925
f 703/2499 2576/2504 4945/1925 2687/6769
f 2687/1922 4945/1925 2514/1928 642/1923
f 2575/2500 703/2499 2687/6769 4946/1921
f 702/2495 2575/2500 4946/1921 2686/6770
f 2686/1918 4946/1921 2515/1924 643/1919
f 2574/2496 702/2495 2686/6770 4947/1917
f 701/2491 2574/2496 4947/1917 2685/6771
f 2685/1914 4947/1917 2516/1920 644/1915
f 2573/2492 701/2491 2685/6771 4948/1913
f 700/2487 2573/2492 4948/1913 2684/6772
f 2684/1910 4948/1913 2517/1916 645/1911
f 2572/2488 700/2487 2684/6772 4949/1909
f 699/2483 2572/2488 4949/1909 2683/6773
f 2683/1906 4949/1909 2518/1912 646/1907
f 2571/2484 699/2483 2683/6773 4950/1905
f 698/2479 2571/2484 4950/1905 2682/6774
f 2682/1902 4950/1905 2519/1908 647/1903
f 2570/2480 698/2479 2682/6774 4951/1901
f 697/2475 2570/2480 4951/1901 2681/6775
f 2681/1898 4951/1901 2520/1904 648/1899
f 2569/2476 697/2475 2681/6775 4952/1897
f 2377/2956 5637/6776 5653/6777 4688/2953
f 1864/6778 5607/6779 5626/6780 132/6781
f 2632/2280 760/2279 2680/1894 4953/1893
f 759/2275 2632/2280 4953/1893 2679/6782
f 2679/1890 4953/1893 2402/1896 530/1891
f 2631/2276 759/2275 2679/6782 4954/1889
f 758/2271 2631/2276 4954/1889 2678/6783
f 2678/1886 4954/1889 2403/1892 531/1887
f 2630/2272 758/2271 2678/6783 4955/1885
f 757/2267 2630/2272 4955/1885 2677/6784
f 2677/1882 4955/1885 2404/1888 532/1883
f 2629/2268 757/2267 2677/6784 4956/1881
f 756/2263 2629/2268 4956/1881 2676/6785
f 2676/1878 4956/1881 2405/1884 533/1879
f 2628/2264 756/2263 2676/6785 4957/1877
f 755/2259 2628/2264 4957/1877 2675/6786
f 2675/1874 4957/1877 2406/1880 534/1875
f 2627/2260 755/2259 2675/6786 4958/1873
f 754/2255 2627/2260 4958/1873 2674/6787
f 2674/1870 4958/1873 2407/1876 535/1871
f 2626/2256 754/2255 2674/6787 4959/1869
f 753/2251 2626/2256 4959/1869 2673/6788
f 2673/1866 4959/1869 2408/1872 536/1867
f 2625/2252 753/2251 2673/6788 4960/1865
f 117/6496 5557/6495 5556/6514 1722/6513
f 2505/2700 5645/6299 5661/6789 4752/2697
f 2432/2888 560/2887 2672/1862 4961/1861
f 559/2883 2432/2888 4961/1861 2671/6790
f 2671/1858 4961/1861 2602/1864 730/1859
f 2431/2884 559/2883 2671/6790 4962/1857
f 558/2879 2431/2884 4962/1857 2670/6791
f 2670/1854 4962/1857 2603/1860 731/1855
f 2430/2880 558/2879 2670/6791 4963/1853
f 557/2875 2430/2880 4963/1853 2669/6792
f 2669/1850 4963/1853 2604/1856 732/1851
f 2429/2876 557/2875 2669/6792 4964/1849
f 556/2871 2429/2876 4964/1849 2668/6793
f 2668/1846 4964/1849 2605/1852 733/1847
f 2428/2872 556/2871 2668/6793 4965/1845
f 555/2867 2428/2872 4965/1845 2667/6794
f 2667/1842 4965/1845 2606/1848 734/1843
f 2427/2868 555/2867 2667/6794 4966/1841
f 554/2863 2427/2868 4966/1841 2666/6795
f 2666/1838 4966/1841 2607/1844 735/1839
f 2426/2864 554/2863 2666/6795 4967/1837
f 553/2859 2426/2864 4967/1837 2665/6796
f 2665/1834 4967/1837 2608/1840 736/1835
f 2425/2860 553/2859 2665/6796 4968/1833
f 4688/2953 5653/6777 5609/6797 2274/2220
f 1760/6798 5573/6799 5600/6589 139/6588
f 2275/1416 469/1415 2256/1830 4969/1829
f 1104/5255 2275/1416 4969/1829 3824/4166
f 3824/4166 4969/1829 3777/1832 1329/4167
f 2277/1420 440/1419 2234/1826 4970/1825
f 816/4103 2277/1420 4970/1825 3248/3014
f 3248/3014 4970/1825 3105/1828 945/3015
f 2291/1448 412/1447 2201/1822 4971/1821
f 560/2887 2291/1448 4971/1821 2672/1862
f 2672/1862 4971/1821 2601/1824 729/1863
f 2341/1596 438/1595 2166/1818 4972/1817
f 960/3655 2341/1596 4972/1817 3256/3046
f 3256/3046 4972/1817 3233/1820 1073/3047
f 2364/1684 481/1683 2186/1814 4973/1813
f 1328/4519 2364/1684 4973/1813 3832/4198
f 3832/4198 4973/1813 3809/1816 1361/4199
f 2362/1676 426/1675 2229/1810 4974/1809
f 760/2279 2362/1676 4974/1809 2680/1894
f 2680/1894 4974/1809 2401/1812 529/1895
f 2369/1708 496/1707 2185/1806 4975/1805
f 1360/4423 2369/1708 4975/1805 3840/4230
f 3840/4230 4975/1805 3761/1808 1313/4231
f 2279/1424 435/1423 2175/1802 4976/1801
f 832/4071 2279/1424 4976/1801 3264/3078
f 3264/3078 4976/1801 3161/1804 1001/3079
f 2301/1468 465/1467 2254/1798 4977/1797
f 864/4007 2301/1468 4977/1797 3272/3110
f 3272/3110 4977/1797 3225/1800 1065/3111
f 3233/1820 439/1819 2165/1794 4978/1793
f 1073/3047 3233/1820 4978/1793 3280/3142
f 3280/3142 4978/1793 2977/1796 817/3143
f 2329/1552 408/1551 2225/1790 4979/1789
f 704/2503 2329/1552 4979/1789 2688/1926
f 2688/1926 4979/1789 2513/1792 641/1927
f 2340/1588 470/1587 2255/1786 4980/1785
f 1288/4839 2340/1588 4980/1785 3848/4262
f 3848/4262 4980/1785 3553/1788 1105/4263
f 2371/1720 428/1719 2213/1782 4981/1781
f 784/2151 2371/1720 4981/1781 2696/1958
f 2696/1958 4981/1781 2641/1784 769/1959
f 2293/1452 487/1451 2184/1778 4982/1777
f 1152/5159 2293/1452 4982/1777 3856/4294
f 3856/4294 4982/1777 3793/1780 1345/4295
f 2360/1672 446/1671 2164/1774 4983/1773
f 1040/3463 2360/1672 4983/1773 3288/3174
f 3288/3174 4983/1773 3121/1776 961/3175
f 2314/1504 495/1503 2183/1770 4984/1769
f 1184/5095 2314/1504 4984/1769 3864/4326
f 3864/4326 4984/1769 3745/1772 1297/4327
f 2349/1620 451/1619 2242/1766 4985/1765
f 992/3591 2349/1620 4985/1765 3296/3206
f 3296/3206 4985/1765 3049/1768 889/3207
f 2319/1524 429/1523 2224/1762 4986/1761
f 664/2599 2319/1524 4986/1761 2704/1990
f 2704/1990 4986/1761 2657/1764 785/1991
f 2358/1664 444/1663 2163/1758 4987/1757
f 1024/3495 2358/1664 4987/1757 3304/3238
f 3304/3238 4987/1757 3209/1760 1049/3239
f 3809/1816 483/1815 2182/1754 4988/1753
f 1361/4199 3809/1816 4988/1753 3872/4358
f 3872/4358 4988/1753 3785/1756 1337/4359
f 2304/1480 453/1479 2241/1750 4989/1749
f 888/3911 2304/1480 4989/1749 3312/3270
f 3312/3270 4989/1749 3137/1752 977/3271
f 2287/1440 399/1439 2206/1746 4990/1745
f 544/2919 2287/1440 4990/1745 2712/2022
f 2712/2022 4990/1745 2521/1748 649/2023
f 2373/1740 464/1739 2248/1742 4991/1741
f 1064/3335 2373/1740 4991/1741 3320/3302
f 3320/3302 4991/1741 3065/1744 905/3303
f 3225/1800 466/1799 2253/1738 4992/1737
f 1065/3111 3225/1800 4992/1737 3328/3334
f 3328/3334 4992/1737 2373/1740 1064/3335
f 2308/1488 411/1487 2223/1734 4993/1733
f 640/2727 2308/1488 4993/1733 2720/2054
f 2720/2054 4993/1733 2617/1736 745/2055
f 2323/1536 421/1535 2233/1730 4994/1729
f 680/2567 2323/1536 4994/1729 2728/2086
f 2728/2086 4994/1729 2585/1732 713/2087
f 2299/1464 422/1463 2212/1726 4995/1725
f 608/2791 2299/1464 4995/1725 2736/2118
f 2736/2118 4995/1725 2553/1728 681/2119
f 2327/1548 476/1547 2264/1722 4996/1721
f 1224/4967 2327/1548 4996/1721 3880/4390
f 3880/4390 4996/1721 3633/1724 1185/4391
f 2657/1764 430/1763 2222/1718 4997/1717
f 785/1991 2657/1764 4997/1717 2744/2150
f 2744/2150 4997/1717 2371/1720 784/2151
f 2356/1656 417/1655 2211/1714 4998/1713
f 744/2343 2356/1656 4998/1713 2752/2182
f 2752/2182 4998/1713 2449/1716 577/2183
f 2641/1784 427/1783 2228/1710 4999/1709
f 769/1959 2641/1784 4999/1709 2760/2214
f 2760/2214 4999/1709 2633/1712 761/2215
f 2271/1408 492/1407 2181/1706 5000/1705
f 1088/5287 2271/1408 5000/1705 3888/4422
f 3888/4422 5000/1705 2369/1708 1360/4423
f 3793/1780 488/1779 2180/1702 5001/1701
f 1345/4295 3793/1780 5001/1701 3896/4454
f 3896/4454 5001/1701 3649/1704 1201/4455
f 2338/1576 404/1575 2221/1698 5002/1697
f 712/2471 2338/1576 5002/1697 2768/2246
f 2768/2246 5002/1697 2385/1700 513/2247
f 3785/1756 482/1755 2263/1694 5003/1693
f 1337/4359 3785/1756 5003/1693 3904/4486
f 3904/4486 5003/1693 3641/1696 1193/4487
f 3209/1760 445/1759 2162/1690 5004/1689
f 1049/3239 3209/1760 5004/1689 3336/3366
f 3336/3366 5004/1689 3201/1692 1041/3367
f 2355/6800 455/6801 2240/1686 5005/1685
f 1016/6099 2355/6800 5005/1685 3344/3398
f 3344/3398 5005/1685 3073/1688 913/3399
f 3777/1832 480/1831 2262/1682 5006/1681
f 1329/4167 3777/1832 5006/1681 3912/4518
f 3912/4518 5006/1681 2364/1684 1328/4519
f 2353/1648 443/1647 2174/1678 5007/1677
f 1000/3559 2353/1648 5007/1677 3352/3430
f 3352/3430 5007/1677 3185/1680 1025/3431
f 2633/1712 414/1711 2227/1674 5008/1673
f 761/2215 2633/1712 5008/1673 2776/2278
f 2776/2278 5008/1673 2362/1676 760/2279
f 3201/1692 447/1691 2161/1670 5009/1669
f 1041/3367 3201/1692 5009/1669 3360/3462
f 3360/3462 5009/1669 2360/1672 1040/3463
f 2336/1572 500/1571 2177/1666 5010/1665
f 1272/4871 2336/1572 5010/1665 3920/4550
f 3920/4550 5010/1665 3689/1668 1241/4551
f 3185/1680 433/1679 2173/1662 5011/1661
f 1025/3431 3185/1680 5011/1661 3368/3494
f 3368/3494 5011/1661 2358/1664 1024/3495
f 2617/1736 410/1735 2220/1658 5012/1657
f 745/2055 2617/1736 5012/1657 2784/2310
f 2784/2310 5012/1657 2593/1660 721/2311
f 2285/1436 416/1435 2210/1654 5013/1653
f 528/2951 2285/1436 5013/1653 2792/2342
f 2792/2342 5013/1653 2356/1656 744/2343
f 2343/1600 467/1599 2239/1650 5014/1649
f 976/3623 2343/1600 5014/1649 3376/3526
f 3376/3526 5014/1649 2355/1652 1016/3527
f 3161/1804 434/1803 2172/1646 5015/1645
f 1001/3079 3161/1804 5015/1645 3384/3558
f 3384/3558 5015/1645 2353/1648 1000/3559
f 2281/1428 503/1427 2192/1642 5016/1641
f 1120/5223 2281/1428 5016/1641 3928/4582
f 3928/4582 5016/1641 3585/1644 1137/4583
f 2601/1824 401/1823 2205/1638 5017/1637
f 729/1863 2601/1824 5017/1637 2800/2374
f 2800/2374 5017/1637 2417/1640 545/2375
f 2345/1604 494/1603 2191/1634 5018/1633
f 1296/4775 2345/1604 5018/1633 3936/4614
f 3936/4614 5018/1633 3657/1636 1209/4615
f 3761/1808 501/1807 2176/1630 5019/1629
f 1313/4231 3761/1808 5019/1629 3944/4646
f 3944/4646 5019/1629 3721/1632 1273/4647
f 2283/1432 484/1431 2261/1626 5020/1625
f 1136/5191 2283/1432 5020/1625 3952/4678
f 3952/4678 5020/1625 3753/1628 1305/4679
f 2593/1660 405/1659 2204/1622 5021/1621
f 721/2311 2593/1660 5021/1621 2808/2406
f 2808/2406 5021/1621 2561/1624 689/2407
f 2321/1528 462/1527 2247/1618 5022/1617
f 928/3815 2321/1528 5022/1617 3392/3590
f 3392/3590 5022/1617 2349/1620 992/3591
f 3753/1628 473/1627 2268/1614 5023/1613
f 1305/4679 3753/1628 5023/1613 3960/4710
f 3960/4710 5023/1613 3705/1616 1257/4711
f 2585/1732 420/1731 2209/1610 5024/1609
f 713/2087 2585/1732 5024/1609 2816/2438
f 2816/2438 5024/1609 2537/1612 665/2439
f 2312/1500 475/1499 2260/1606 5025/1605
f 1168/5127 2312/1500 5025/1605 3968/4742
f 3968/4742 5025/1605 3673/1608 1225/4743
f 3745/1772 504/1771 2179/1602 5026/1601
f 1297/4327 3745/1772 5026/1601 3976/4774
f 3976/4774 5026/1601 2345/1604 1296/4775
f 3137/1752 454/1751 2238/1598 5027/1597
f 977/3271 3137/1752 5027/1597 3400/3622
f 3400/3622 5027/1597 2343/1600 976/3623
f 3121/1776 441/1775 2171/1594 5028/1593
f 961/3175 3121/1776 5028/1593 3408/3654
f 3408/3654 5028/1593 2341/1596 960/3655
f 2332/1560 486/1559 2197/1590 5029/1589
f 1240/4935 2332/1560 5029/1589 3984/4806
f 3984/4806 5029/1589 3601/1592 1153/4807
f 2334/1564 471/1563 2267/1586 5030/1585
f 1256/4903 2334/1564 5030/1585 3992/4838
f 3992/4838 5030/1585 2340/1588 1288/4839
f 2330/1556 468/1555 2252/1582 5031/1581
f 936/3783 2330/1556 5031/1581 3416/3686
f 3416/3686 5031/1581 3033/1584 873/3687
f 3105/1828 449/1827 2237/1578 5032/1577
f 945/3015 3105/1828 5032/1577 3424/3718
f 3424/3718 5032/1577 3097/1580 937/3719
f 2306/1484 406/1483 2219/1574 5033/1573
f 624/2759 2306/1484 5033/1573 2824/2470
f 2824/2470 5033/1573 2338/1576 712/2471
f 3721/1632 502/1631 2178/1570 5034/1569
f 1273/4647 3721/1632 5034/1569 4000/4870
f 4000/4870 5034/1569 2336/1572 1272/4871
f 2269/1404 457/1403 2246/1566 5035/1565
f 800/4135 2269/1404 5035/1565 3432/3750
f 3432/3750 5035/1565 3009/1568 849/3751
f 3705/1616 472/1615 2266/1562 5036/1561
f 1257/4711 3705/1616 5036/1561 4008/4902
f 4008/4902 5036/1561 2334/1564 1256/4903
f 3689/1668 499/1667 2196/1558 5037/1557
f 1241/4551 3689/1668 5037/1557 4016/4934
f 4016/4934 5037/1557 2332/1560 1240/4935
f 3097/1580 459/1579 2251/1554 5038/1553
f 937/3719 3097/1580 5038/1553 3440/3782
f 3440/3782 5038/1553 2330/1556 936/3783
f 2297/1460 397/1459 2200/1550 5039/1549
f 592/2823 2297/1460 5039/1549 2832/2502
f 2832/2502 5039/1549 2329/1552 704/2503
f 3673/1608 478/1607 2259/1546 5040/1545
f 1225/4743 3673/1608 5040/1545 4024/4966
f 4024/4966 5040/1545 2327/1548 1224/4967
f 2561/1624 402/1623 2203/1542 5041/1541
f 689/2407 2561/1624 5041/1541 2840/2534
f 2840/2534 5041/1541 2497/1544 625/2535
f 3657/1636 497/1635 2190/1538 5042/1537
f 1209/4615 3657/1636 5042/1537 4032/4998
f 4032/4998 5042/1537 3537/1540 1089/4999
f 2553/1728 425/1727 2208/1534 5043/1533
f 681/2119 2553/1728 5043/1533 2848/2566
f 2848/2566 5043/1533 2323/1536 680/2567
f 3649/1704 489/1703 2195/1530 5044/1529
f 1201/4455 3649/1704 5044/1529 4040/5030
f 4040/5030 5044/1529 3569/1532 1121/5031
f 2310/1492 450/1491 2236/1526 5045/1525
f 904/3879 2310/1492 5045/1525 3448/3814
f 3448/3814 5045/1525 2321/1528 928/3815
f 2537/1612 424/1611 2218/1522 5046/1521
f 665/2439 2537/1612 5046/1521 2856/2598
f 2856/2598 5046/1521 2319/1524 664/2599
f 2295/1456 431/1455 2232/1518 5047/1517
f 576/2855 2295/1456 5047/1517 2864/2630
f 2864/2630 5047/1517 2433/1520 561/2631
f 2521/1748 398/1747 2199/1514 5048/1513
f 649/2023 2521/1748 5048/1513 2872/2662
f 2872/2662 5048/1513 2465/1516 593/2663
f 3641/1696 477/1695 2258/1510 5049/1509
f 1193/4487 3641/1696 5049/1509 4048/5062
f 4048/5062 5049/1509 3617/1512 1169/5063
f 3073/1688 448/1687 2170/1506 5050/1505
f 913/3399 3073/1688 5050/1505 3456/3846
f 3456/3846 5050/1505 3025/1508 865/3847
f 3633/1724 485/1723 2194/1502 5051/1501
f 1185/4391 3633/1724 5051/1501 4056/5094
f 4056/5094 5051/1501 2314/1504 1184/5095
f 3617/1512 474/1511 2265/1498 5052/1497
f 1169/5063 3617/1512 5052/1497 4064/5126
f 4064/5126 5052/1497 2312/1500 1168/5127
f 2273/1412 423/1411 2217/1494 5053/1493
f 512/2983 2273/1412 5053/1493 2880/2694
f 2880/2694 5053/1493 2481/1496 609/2695
f 3065/1744 463/1743 2235/1490 5054/1489
f 905/3303 3065/1744 5054/1489 3464/3878
f 3464/3878 5054/1489 2310/1492 904/3879
f 2513/1792 409/1791 2226/1486 5055/1485
f 641/1927 2513/1792 5055/1485 2888/2726
f 2888/2726 5055/1485 2308/1488 640/2727
f 2497/1544 403/1543 2202/1482 5056/1481
f 625/2535 2497/1544 5056/1481 2896/2758
f 2896/2758 5056/1481 2306/1484 624/2759
f 3049/1768 452/1767 2245/1478 5057/1477
f 889/3207 3049/1768 5057/1477 3472/3910
f 3472/3910 5057/1477 2304/1480 888/3911
f 3033/1584 458/1583 2250/1474 5058/1473
f 873/3687 3033/1584 5058/1473 3480/3942
f 3480/3942 5058/1473 2961/1476 801/3943
f 3025/1508 437/1507 2169/1470 5059/1469
f 865/3847 3025/1508 5059/1469 3488/3974
f 3488/3974 5059/1469 2993/1472 833/3975
f 2289/1444 460/1443 2249/1466 5060/1465
f 848/4039 2289/1444 5060/1465 3496/4006
f 3496/4006 5060/1465 2301/1468 864/4007
f 2481/1496 432/1495 2216/1462 5061/1461
f 609/2695 2481/1496 5061/1461 2904/2790
f 2904/2790 5061/1461 2299/1464 608/2791
f 2465/1516 407/1515 2198/1458 5062/1457
f 593/2663 2465/1516 5062/1457 2912/2822
f 2912/2822 5062/1457 2297/1460 592/2823
f 2449/1716 418/1715 2231/1454 5063/1453
f 577/2183 2449/1716 5063/1453 2920/2854
f 2920/2854 5063/1453 2295/1456 576/2855
f 3601/1592 498/1591 2193/1450 5064/1449
f 1153/4807 3601/1592 5064/1449 4072/5158
f 4072/5158 5064/1449 2293/1452 1152/5159
f 2433/6802 419/6803 2215/1446 5065/1445
f 561/6306 2433/6802 5065/1445 2928/2886
f 2928/2886 5065/1445 2291/1448 560/2887
f 3009/1568 456/1567 2244/1442 5066/1441
f 849/3751 3009/1568 5066/1441 3504/4038
f 3504/4038 5066/1441 2289/1444 848/4039
f 2417/1640 400/1639 2207/1438 5067/1437
f 545/2375 2417/1640 5067/1437 2936/2918
f 2936/2918 5067/1437 2287/1440 544/2919
f 2401/1812 415/1811 2214/1434 5068/1433
f 529/1895 2401/1812 5068/1433 2944/2950
f 2944/2950 5068/1433 2285/1436 528/2951
f 3585/6804 491/6805 2189/1430 5069/1429
f 1137/5341 3585/6804 5069/1429 4080/5190
f 4080/5190 5069/1429 2283/1432 1136/5191
f 3569/1532 490/1531 2188/1426 5070/1425
f 1121/5031 3569/1532 5070/1425 4088/5222
f 4088/5222 5070/1425 2281/1428 1120/5223
f 2993/1472 436/1471 2168/1422 5071/1421
f 833/3975 2993/1472 5071/1421 3512/4070
f 3512/4070 5071/1421 2279/1424 832/4071
f 2977/1796 442/1795 2167/1418 5072/1417
f 817/3143 2977/1796 5072/1417 3520/4102
f 3520/4102 5072/1417 2277/1420 816/4103
f 3553/1788 479/1787 2257/1414 5073/1413
f 1105/4263 3553/1788 5073/1413 4096/5254
f 4096/5254 5073/1413 2275/1416 1104/5255
f 2385/1700 413/1699 2230/1410 5074/1409
f 513/2247 2385/1700 5074/1409 2952/2982
f 2952/2982 5074/1409 2273/1412 512/2983
f 3537/1540 493/1539 2187/1406 5075/1405
f 1089/4999 3537/1540 5075/1405 4104/5286
f 4104/5286 5075/1405 2271/1408 1088/5287
f 2961/1476 461/1475 2243/1402 5076/1401
f 801/3943 2961/1476 5076/1401 3528/4134
f 3528/4134 5076/1401 2269/1404 800/4135
f 367/6806 2107/6807 5077/6808 2049/6809
f 2107/1264 366/1263 2046/6810 5077/6808
f 384/6811 1413/6812 5078/6813 2156/6814
f 1413/1260 385/1259 2155/6815 5078/6813
f 372/6816 2101/6817 5079/6818 1383/6819
f 2101/1400 361/1399 2084/6820 5079/6818
f 378/6821 2141/6822 5080/6823 1429/6824
f 2141/1396 391/1395 2151/6825 5080/6823
f 364/6826 2104/6827 5081/6828 2040/6829
f 2104/1392 365/1391 2051/6830 5081/6828
f 382/6831 2134/6832 5082/6833 1409/6834
f 2134/1388 381/1387 1396/6835 5082/6833
f 369/6836 2133/6837 5083/6838 1391/6839
f 2133/1384 374/1383 1394/6840 5083/6838
f 393/6841 1410/6842 5084/6843 2139/6844
f 1410/1380 388/1379 2150/6845 5084/6843
f 366/1263 2105/6846 5085/6847 2046/6810
f 2105/1376 369/1375 1391/6839 5085/6847
f 388/1379 1420/6848 5086/6849 2150/6845
f 1420/1372 384/1371 2156/6814 5086/6849
f 374/1383 2126/6850 5087/6851 1394/6840
f 2126/1368 375/1367 1386/6852 5087/6851
f 394/6853 1407/6854 5088/6855 2136/6856
f 1407/1364 393/1363 2139/6844 5088/6855
f 365/1391 2093/6857 5089/6858 2051/6830
f 2093/1360 376/1359 1432/6859 5089/6858
f 395/6860 2117/6861 5090/6862 2099/6863
f 2117/1356 382/1355 1409/6834 5090/6862
f 370/6864 2108/6865 5091/6866 1390/6867
f 2108/1352 367/1351 2049/6809 5091/6866
f 385/1259 1417/6868 5092/6869 2155/6815
f 1417/1348 389/1347 2148/6870 5092/6869
f 362/6871 1539/6872 5093/6873 2034/6874
f 1539/1344 363/1343 2036/6875 5093/6873
f 380/6876 2160/6877 5094/6878 1399/6879
f 2160/1340 379/1339 1393/6880 5094/6878
f 376/1359 2118/6881 5095/6882 1432/6859
f 2118/1336 383/1335 1401/6883 5095/6882
f 383/6884 2120/6885 5096/6886 1401/6887
f 2120/1332 395/1331 2099/6863 5096/6886
f 371/6888 2097/6889 5097/6890 1405/6891
f 2097/1328 362/1327 2034/6874 5097/6890
f 379/1339 2144/6892 5098/6893 1393/6880
f 2144/1324 390/1323 2158/6894 5098/6893
f 368/6895 2123/6896 5099/6897 1392/6898
f 2123/1320 370/1319 1390/6867 5099/6897
f 389/1347 1411/6899 5100/6900 2148/6870
f 1411/1316 386/1315 2153/6901 5100/6900
f 373/6902 2147/6903 5101/6904 1380/6905
f 2147/1312 372/1311 1383/6819 5101/6904
f 391/1395 1415/6906 5102/6907 2151/6825
f 1415/1308 392/1307 2142/6908 5102/6907
f 387/6909 2128/6910 5103/6911 1377/6912
f 2128/1304 377/1303 1431/6913 5103/6911
f 396/6914 1424/6915 5104/6916 2106/6917
f 1424/1300 387/1299 1377/6912 5104/6916
f 361/1399 2095/6918 5105/6919 2084/6820
f 2095/1296 371/1295 1405/6891 5105/6919
f 390/1323 2138/6920 5106/6921 2158/6894
f 2138/1292 378/1291 1429/6824 5106/6921
f 363/1343 1531/6922 5107/6923 2036/6875
f 1531/1288 364/1287 2040/6829 5107/6923
f 381/1387 2159/6924 5108/6925 1396/6835
f 2159/1284 380/1283 1399/6879 5108/6925
f 377/1303 2135/6926 5109/6927 1431/6913
f 2135/1280 368/1279 1392/6898 5109/6927
f 386/1315 1427/6928 5110/6929 2153/6901
f 1427/1276 396/1275 2106/6917 5110/6929
f 375/1367 2122/6930 5111/6931 1386/6852
f 2122/1272 373/1271 1380/6905 5111/6931
f 392/1307 1404/6932 5112/6933 2142/6908
f 1404/1268 394/1267 2136/6856 5112/6933
f 1618/1310 5113/1397 2101/1400 372/1311
f 336/6934 2018/6935 5113/1397 1618/1310
f 2018/6935 325/6936 2035/1398 5113/1397
f 2010/1290 5114/1393 2141/1396 378/1291
f 342/6937 1623/6938 5114/1393 2010/1290
f 1623/6938 355/6939 2111/1394 5114/1393
f 2030/1286 5115/1389 2104/1392 364/1287
f 328/6940 2094/6941 5115/1389 2030/1286
f 2094/6941 329/6942 1605/1390 5115/1389
f 2005/1354 5116/1385 2134/1388 382/1355
f 346/6943 1622/6944 5116/1385 2005/1354
f 1622/6944 345/6945 2059/1386 5116/1385
f 1619/1374 5117/1381 2133/1384 369/1375
f 333/6946 2055/6947 5117/1381 1619/1374
f 2055/6947 338/6948 2020/1382 5117/1381
f 2092/1362 5118/1377 1410/1380 393/1363
f 357/6949 1587/6950 5118/1377 2092/1362
f 1587/6950 352/6951 2015/1378 5118/1377
f 1609/1262 5119/1373 2105/1376 366/1263
f 330/6952 2033/6953 5119/1373 1609/1262
f 2033/6953 333/6946 1619/1374 5119/1373
f 2015/1378 5120/1369 1420/1372 388/1379
f 352/6951 1583/6954 5120/1369 2015/1378
f 1583/6954 348/6955 2008/1370 5120/1369
f 2020/1382 5121/1365 2126/1368 374/1383
f 338/6948 1584/6956 5121/1365 2020/1382
f 1584/6956 339/6957 2022/1366 5121/1365
f 2102/1266 5122/1361 1407/1364 394/1267
f 358/6958 1546/6959 5122/1361 2102/1266
f 1546/6959 357/6949 2092/1362 5122/1361
f 1605/1390 5123/1357 2093/1360 365/1391
f 329/6942 2043/6960 5123/1357 1605/1390
f 2043/6960 340/6961 2024/1358 5123/1357
f 2088/1330 5124/1353 2117/1356 395/1331
f 359/6962 1590/6963 5124/1353 2088/1330
f 1590/6963 346/6943 2005/1354 5124/1353
f 1624/1318 5125/1349 2108/1352 370/1319
f 334/6964 2042/6965 5125/1349 1624/1318
f 2042/6965 331/6966 1612/1350 5125/1349
f 2016/1258 5126/1345 1417/1348 385/1259
f 349/6967 1597/6968 5126/1345 2016/1258
f 1597/6968 353/6969 2098/1346 5126/1345
f 2045/1326 5127/1341 1539/1344 362/1327
f 326/6970 2091/6971 5127/1341 2045/1326
f 2091/6971 327/6972 2031/1342 5127/1341
f 2000/1282 5128/1337 2160/1340 380/1283
f 344/6973 1586/6974 5128/1337 2000/1282
f 1586/6974 343/6975 1996/1338 5128/1337
f 2024/1358 5129/1333 2118/1336 376/1359
f 340/6961 1591/6976 5129/1333 2024/1358
f 1591/6976 347/6977 2007/1334 5129/1333
f 2007/6978 5130/1329 2120/1332 383/6884
f 347/6979 1601/6980 5130/1329 2007/6978
f 1601/6980 359/6962 2088/1330 5130/1329
f 1617/1294 5131/1325 2097/1328 371/1295
f 335/6981 2014/6982 5131/1325 1617/1294
f 2014/6982 326/6970 2045/1326 5131/1325
f 1996/1338 5132/1321 2144/1324 379/1339
f 343/6975 1615/6983 5132/1321 1996/1338
f 1615/6983 354/6984 2109/1322 5132/1321
f 1610/1278 5133/1317 2123/1320 368/1279
f 332/6985 2037/6986 5133/1317 1610/1278
f 2037/6986 334/6964 1624/1318 5133/1317
f 2098/1346 5134/1313 1411/1316 389/1347
f 353/6969 1600/6987 5134/1313 2098/1346
f 1600/6987 350/6988 2025/1314 5134/1313
f 2009/1270 5135/1309 2147/1312 373/1271
f 337/6989 2054/6990 5135/1309 2009/1270
f 2054/6990 336/6934 1618/1310 5135/1309
f 2111/1394 5136/1305 1415/1308 391/1395
f 355/6939 1551/6991 5136/1305 2111/1394
f 1551/6991 356/6992 2112/1306 5136/1305
f 2011/1298 5137/1301 2128/1304 387/1299
f 351/6993 1621/6994 5137/1301 2011/1298
f 1621/6994 341/6995 2001/1302 5137/1301
f 2090/1274 5138/1297 1424/1300 396/1275
f 360/6996 1585/6997 5138/1297 2090/1274
f 1585/6997 351/6993 2011/1298 5138/1297
f 2035/1398 5139/1293 2095/1296 361/1399
f 325/6936 2019/6998 5139/1293 2035/1398
f 2019/6998 335/6981 1617/1294 5139/1293
f 2109/1322 5140/1289 2138/1292 390/1323
f 354/6984 1625/6999 5140/1289 2109/1322
f 1625/6999 342/6937 2010/1290 5140/1289
f 2031/1342 5141/1285 1531/1288 363/1343
f 327/6972 2089/7000 5141/1285 2031/1342
f 2089/7000 328/6940 2030/1286 5141/1285
f 2059/1386 5142/1281 2159/1284 381/1387
f 345/6945 1582/7001 5142/1281 2059/1386
f 1582/7001 344/6973 2000/1282 5142/1281
f 2001/1302 5143/1277 2135/1280 377/1303
f 341/6995 2058/7002 5143/1277 2001/1302
f 2058/7002 332/6985 1610/1278 5143/1277
f 2025/1314 5144/1273 1427/1276 386/1315
f 350/6988 1574/7003 5144/1273 2025/1314
f 1574/7003 360/6996 2090/1274 5144/1273
f 2022/1366 5145/1269 2122/1272 375/1367
f 339/6957 1588/7004 5145/1269 2022/1366
f 1588/7004 337/6989 2009/1270 5145/1269
f 2112/1306 5146/1265 1404/1268 392/1307
f 356/6992 1572/7005 5146/1265 2112/1306
f 1572/7005 358/6958 2102/1266 5146/1265
f 1612/1350 5147/1261 2107/1264 367/1351
f 331/6966 2083/7006 5147/1261 1612/1350
f 2083/7006 330/6952 1609/1262 5147/1261
f 2008/1370 5148/1257 1413/1260 384/1371
f 348/6955 1589/7007 5148/1257 2008/1370
f 1589/7007 349/6967 2016/1258 5148/1257
f 2080/1150 5149/1253 1623/1256 342/1151
f 306/7008 2029/7009 5149/1253 2080/1150
f 2029/972 319/971 2079/1254 5149/1253
f 1426/1146 5150/1249 2094/1252 328/1147
f 292/7010 2062/7011 5150/1249 1426/1146
f 2062/1112 293/1111 1428/1250 5150/1249
f 2074/1214 5151/1245 1622/1248 346/1215
f 310/7012 2002/7013 5151/1245 2074/1214
f 2002/1108 309/1107 2068/1246 5151/1245
f 2145/1234 5152/1241 2055/1244 333/1235
f 297/7014 1403/7015 5152/1241 2145/1234
f 1403/1104 302/1103 1373/1242 5152/1241
f 2047/1222 5153/1237 1587/1240 357/1223
f 321/7016 2003/7017 5153/1237 2047/1222
f 2003/1100 316/1099 2070/1238 5153/1237
f 1422/1122 5154/1233 2033/1236 330/1123
f 294/7018 2044/7019 5154/1233 1422/1122
f 2044/1096 297/1095 2145/1234 5154/1233
f 2070/1238 5155/1229 1583/1232 352/1239
f 316/1099 2060/7020 5155/1229 2070/1238
f 2060/1092 312/1091 2064/1230 5155/1229
f 1373/1242 5156/1225 1584/1228 338/1243
f 302/1103 1433/7021 5156/1225 1373/1242
f 1433/1088 303/1087 1371/1226 5156/1225
f 2053/1126 5157/1221 1546/1224 358/1127
f 322/7022 2100/7023 5157/1221 2053/1126
f 2100/1084 321/1083 2047/1222 5157/1221
f 1428/1250 5158/1217 2043/1220 329/1251
f 293/1111 1389/7024 5158/1217 1428/1250
f 1389/1080 304/1079 1369/1218 5158/1217
f 2061/1190 5159/1213 1590/1216 359/1191
f 323/7025 2056/7026 5159/1213 2061/1190
f 2056/1076 310/1075 2074/1214 5159/1213
f 2154/1178 5160/1209 2042/1212 334/1179
f 298/7027 2038/7028 5160/1209 2154/1178
f 2038/1072 295/1071 1414/1210 5160/1209
f 2063/1118 5161/1205 1597/1208 349/1119
f 313/7029 1999/7030 5161/1205 2063/1118
f 1999/1068 317/1067 2081/1206 5161/1205
f 1430/1186 5162/1201 2091/1204 326/1187
f 290/7031 2048/7032 5162/1201 1430/1186
f 2048/1064 291/1063 1425/1202 5162/1201
f 2082/1142 5163/1197 1586/1200 344/1143
f 308/7033 2023/7034 5163/1197 2082/1142
f 2023/1060 307/1059 2085/1198 5163/1197
f 1369/1218 5164/1193 1591/1196 340/1219
f 304/1079 1418/7035 5164/1193 1369/1218
f 1418/1056 311/1055 2065/1194 5164/1193
f 2065/7036 5165/1189 1601/1192 347/7037
f 311/7038 2052/7039 5165/1189 2065/7036
f 2052/1052 323/1051 2061/1190 5165/1189
f 2149/1154 5166/1185 2014/1188 335/1155
f 299/7040 1384/7041 5166/1185 2149/1154
f 1384/1048 290/1047 1430/1186 5166/1185
f 2085/1198 5167/1181 1615/1184 343/1199
f 307/1059 2041/7042 5167/1181 2085/1198
f 2041/1044 318/1043 2086/1182 5167/1181
f 2143/1138 5168/1177 2037/1180 332/1139
f 296/7043 2032/7044 5168/1177 2143/1138
f 2032/1040 298/1039 2154/1178 5168/1177
f 2081/1206 5169/1173 1600/1176 353/1207
f 317/1067 2004/7045 5169/1173 2081/1206
f 2004/1036 314/1035 2067/1174 5169/1173
f 2152/1130 5170/1169 2054/1172 337/1131
f 301/7046 1423/7047 5170/1169 2152/1130
f 1423/1032 300/1031 2157/1170 5170/1169
f 2079/1254 5171/1165 1551/1168 355/1255
f 319/971 2013/7048 5171/1165 2079/1254
f 2013/1028 320/1027 2078/1166 5171/1165
f 2071/1158 5172/1161 1621/1164 351/1159
f 315/7049 2026/7050 5172/1161 2071/1158
f 2026/1024 305/1023 2076/1162 5172/1161
f 2057/1134 5173/1157 1585/1160 360/1135
f 324/7051 2021/7052 5173/1157 2057/1134
f 2021/1020 315/1019 2071/1158 5173/1157
f 2127/1114 5174/1153 2019/1156 325/1115
f 289/7053 1378/7054 5174/1153 2127/1114
f 1378/1016 299/1015 2149/1154 5174/1153
f 2086/1182 5175/1149 1625/1152 354/1183
f 318/1043 2028/7055 5175/1149 2086/1182
f 2028/1012 306/1011 2080/1150 5175/1149
f 1425/1202 5176/1145 2089/1148 327/1203
f 291/1063 2050/7056 5176/1145 1425/1202
f 2050/1008 292/1007 1426/1146 5176/1145
f 2068/1246 5177/1141 1582/1144 345/1247
f 309/1107 2027/7057 5177/1141 2068/1246
f 2027/1004 308/1003 2082/1142 5177/1141
f 2076/1162 5178/1137 2058/1140 341/1163
f 305/1023 1397/7058 5178/1137 2076/1162
f 1397/1000 296/999 2143/1138 5178/1137
f 2067/1174 5179/1133 1574/1136 350/1175
f 314/1035 2017/7059 5179/1133 2067/1174
f 2017/996 324/995 2057/1134 5179/1133
f 1371/1226 5180/1129 1588/1132 339/1227
f 303/1087 1412/7060 5180/1129 1371/1226
f 1412/992 301/991 2152/1130 5180/1129
f 2078/1166 5181/1125 1572/1128 356/1167
f 320/1027 2012/7061 5181/1125 2078/1166
f 2012/988 322/987 2053/1126 5181/1125
f 1414/1210 5182/1121 2083/1124 331/1211
f 295/1071 2039/7062 5182/1121 1414/1210
f 2039/984 294/983 1422/1122 5182/1121
f 2064/1230 5183/1117 1589/1120 348/1231
f 312/1091 2006/7063 5183/1117 2064/1230
f 2006/980 313/979 2063/1118 5183/1117
f 2157/1170 5184/1113 2018/1116 336/1171
f 300/1031 1375/7064 5184/1113 2157/1170
f 1375/976 289/975 2127/1114 5184/1113
f 1959/1006 5185/1109 2062/1112 292/1007
f 256/7065 1926/7066 5185/1109 1959/1006
f 1926/828 257/827 1957/1110 5185/1109
f 2137/1074 5186/1105 2002/1108 310/1075
f 274/7067 1937/7068 5186/1105 2137/1074
f 1937/968 273/967 1906/1106 5186/1105
f 1936/1094 5187/1101 1403/1104 297/1095
f 261/7069 1919/7070 5187/1101 1936/1094
f 1919/964 266/963 1903/1102 5187/1101
f 2119/1082 5188/1097 2003/1100 321/1083
f 285/7071 2114/7072 5188/1097 2119/1082
f 2114/960 280/959 1374/1098 5188/1097
f 1941/982 5189/1093 2044/1096 294/983
f 258/7073 1986/7074 5189/1093 1941/982
f 1986/956 261/955 1936/1094 5189/1093
f 1374/1098 5190/1089 2060/1092 316/1099
f 280/959 2075/7075 5190/1089 1374/1098
f 2075/952 276/951 2131/1090 5190/1089
f 1903/1102 5191/1085 1433/1088 302/1103
f 266/963 1931/7076 5191/1085 1903/1102
f 1931/948 267/947 1908/1086 5191/1085
f 2146/986 5192/1081 2100/1084 322/987
f 286/7077 2069/7078 5192/1081 2146/986
f 2069/944 285/943 2119/1082 5192/1081
f 1957/1110 5193/1077 1389/1080 293/1111
f 257/827 1988/7079 5193/1077 1957/1110
f 1988/940 268/939 1899/1078 5193/1077
f 2140/1050 5194/1073 2056/1076 323/1051
f 287/7080 2096/7081 5194/1073 2140/1050
f 2096/936 274/935 2137/1074 5194/1073
f 1935/1038 5195/1069 2038/1072 298/1039
f 262/7082 1993/7083 5195/1069 1935/1038
f 1993/932 259/931 1948/1070 5195/1069
f 2132/978 5196/1065 1999/1068 313/979
f 277/7084 2077/7085 5196/1065 2132/978
f 2077/928 281/927 1376/1066 5196/1065
f 1973/1046 5197/1061 2048/1064 290/1047
f 254/7086 1928/7087 5197/1061 1973/1046
f 1928/924 255/923 1955/1062 5197/1061
f 1905/1002 5198/1057 2023/1060 308/1003
f 272/7088 1949/7089 5198/1057 1905/1002
f 1949/920 271/919 1912/1058 5198/1057
f 1899/1078 5199/1053 1418/1056 304/1079
f 268/939 1944/7090 5199/1053 1899/1078
f 1944/916 275/915 2130/1054 5199/1053
f 2130/7091 5200/1049 2052/1052 311/7038
f 275/7092 2103/7093 5200/1049 2130/7091
f 2103/912 287/911 2140/1050 5200/1049
f 1894/1014 5201/1045 1384/1048 299/1015
f 263/7094 1918/7095 5201/1045 1894/1014
f 1918/908 254/907 1973/1046 5201/1045
f 1912/1058 5202/1041 2041/1044 307/1059
f 271/919 1933/7096 5202/1041 1912/1058
f 1933/904 282/903 2121/1042 5202/1041
f 1939/998 5203/1037 2032/1040 296/999
f 260/7097 1981/7098 5203/1037 1939/998
f 1981/900 262/899 1935/1038 5203/1037
f 1376/1066 5204/1033 2004/1036 317/1067
f 281/927 2073/7099 5204/1033 1376/1066
f 2073/896 278/895 2129/1034 5204/1033
f 1896/990 5205/1029 1423/1032 301/991
f 265/7100 1978/7101 5205/1029 1896/990
f 1978/892 264/891 1898/1030 5205/1029
f 2115/970 5206/1025 2013/1028 319/971
f 283/7102 2066/7103 5206/1025 2115/970
f 2066/888 284/887 2116/1026 5206/1025
f 2124/1018 5207/1021 2026/1024 315/1019
f 279/7104 1940/7105 5207/1021 2124/1018
f 1940/884 269/883 1902/1022 5207/1021
f 2125/994 5208/1017 2021/1020 324/995
f 288/7106 2113/7107 5208/1017 2125/994
f 2113/880 279/879 2124/1018 5208/1017
f 1953/974 5209/1013 1378/1016 289/975
f 253/7108 1923/7109 5209/1013 1953/974
f 1923/876 263/875 1894/1014 5209/1013
f 2121/1042 5210/1009 2028/1012 318/1043
f 282/903 1934/7110 5210/1009 2121/1042
f 1934/872 270/871 1916/1010 5210/1009
f 1955/1062 5211/1005 2050/1008 291/1063
f 255/923 1927/7111 5211/1005 1955/1062
f 1927/868 256/867 1959/1006 5211/1005
f 1906/1106 5212/1001 2027/1004 309/1107
f 273/967 1942/7112 5212/1001 1906/1106
f 1942/864 272/863 1905/1002 5212/1001
f 1902/1022 5213/997 1397/1000 305/1023
f 269/883 1920/7113 5213/997 1902/1022
f 1920/860 260/859 1939/998 5213/997
f 2129/1034 5214/993 2017/996 314/1035
f 278/895 2110/7114 5214/993 2129/1034
f 2110/856 288/855 2125/994 5214/993
f 1908/1086 5215/989 1412/992 303/1087
f 267/947 1929/7115 5215/989 1908/1086
f 1929/852 265/851 1896/990 5215/989
f 2116/1026 5216/985 2012/988 320/1027
f 284/887 2072/7116 5216/985 2116/1026
f 2072/848 286/847 2146/986 5216/985
f 1948/1070 5217/981 2039/984 295/1071
f 259/931 1982/7117 5217/981 1948/1070
f 1982/844 258/843 1941/982 5217/981
f 2131/1090 5218/977 2006/980 312/1091
f 276/951 2087/7118 5218/977 2131/1090
f 2087/840 277/839 2132/978 5218/977
f 1898/1030 5219/973 1375/976 300/1031
f 264/891 1921/7119 5219/973 1898/1030
f 1921/836 253/835 1953/974 5219/973
f 1916/1010 5220/969 2029/972 306/1011
f 270/871 1922/7120 5220/969 1916/1010
f 1922/832 283/831 2115/970 5220/969
f 1877/934 5221/965 1937/968 274/935
f 238/7121 1900/7122 5221/965 1877/934
f 1900/7122 237/7123 1879/966 5221/965
f 1867/954 5222/961 1919/964 261/955
f 225/7124 1381/7125 5222/961 1867/954
f 1381/7125 230/7126 1868/962 5222/961
f 1989/942 5223/957 2114/960 285/943
f 249/7127 1924/7128 5223/957 1989/942
f 1924/7128 244/7129 1967/958 5223/957
f 1876/842 5224/953 1986/956 258/843
f 222/7130 1408/7131 5224/953 1876/842
f 1408/7131 225/7124 1867/954 5224/953
f 1967/958 5225/949 2075/952 280/959
f 244/7129 1907/7132 5225/949 1967/958
f 1907/7132 240/7133 1882/950 5225/949
f 1868/962 5226/945 1931/948 266/963
f 230/7126 1370/7134 5226/945 1868/962
f 1370/7134 231/7135 1869/946 5226/945
f 1956/846 5227/941 2069/944 286/847
f 250/7136 1950/7137 5227/941 1956/846
f 1950/7137 249/7127 1989/942 5227/941
f 1861/826 5228/937 1988/940 257/827
f 221/7138 1400/7139 5228/937 1861/826
f 1400/7139 232/7140 1870/938 5228/937
f 1960/910 5229/933 2096/936 287/911
f 251/7141 1893/7142 5229/933 1960/910
f 1893/7142 238/7121 1877/934 5229/933
f 1863/898 5230/929 1993/932 262/899
f 226/7143 1382/7144 5230/929 1863/898
f 1382/7144 223/7145 1857/930 5230/929
f 1880/838 5231/925 2077/928 277/839
f 241/7146 1904/7147 5231/925 1880/838
f 1904/7147 245/7148 1965/926 5231/925
f 1888/906 5232/921 1928/924 254/907
f 218/7149 1434/7150 5232/921 1888/906
f 1434/7150 219/7151 1865/922 5232/921
f 1883/862 5233/917 1949/920 272/863
f 236/7152 1901/7153 5233/917 1883/862
f 1901/7153 235/7154 1881/918 5233/917
f 1870/938 5234/913 1944/916 268/939
f 232/7140 1897/7155 5234/913 1870/938
f 1897/7155 239/7156 1878/914 5234/913
f 1878/7157 5235/909 2103/912 275/7092
f 239/7158 1895/7159 5235/909 1878/7157
f 1895/7159 251/7141 1960/910 5235/909
f 1913/874 5236/905 1918/908 263/875
f 227/7160 1416/7161 5236/905 1913/874
f 1416/7161 218/7149 1888/906 5236/905
f 1881/918 5237/901 1933/904 271/919
f 235/7154 1914/7162 5237/901 1881/918
f 1914/7162 246/7163 1961/902 5237/901
f 1860/858 5238/897 1981/900 260/859
f 224/7164 1387/7165 5238/897 1860/858
f 1387/7165 226/7143 1863/898 5238/897
f 1965/926 5239/893 2073/896 281/927
f 245/7148 1925/7166 5239/893 1965/926
f 1925/7166 242/7167 1969/894 5239/893
f 1910/850 5240/889 1978/892 265/851
f 229/7168 1379/7169 5240/889 1910/850
f 1379/7169 228/7170 1915/890 5240/889
f 1983/830 5241/885 2066/888 283/831
f 247/7171 1917/7172 5241/885 1983/830
f 1917/7172 248/7173 1991/886 5241/885
f 1972/878 5242/881 1940/884 279/879
f 243/7174 1892/7175 5242/881 1972/878
f 1892/7175 233/7176 1875/882 5242/881
f 1954/854 5243/877 2113/880 288/855
f 252/7177 1930/7178 5243/877 1954/854
f 1930/7178 243/7174 1972/878 5243/877
f 1889/834 5244/873 1923/876 253/835
f 217/7179 1421/7180 5244/873 1889/834
f 1421/7180 227/7160 1913/874 5244/873
f 1961/902 5245/869 1934/872 282/903
f 246/7163 1891/7181 5245/869 1961/902
f 1891/7181 234/7182 1872/870 5245/869
f 1865/922 5246/865 1927/868 255/923
f 219/7151 1388/7183 5246/865 1865/922
f 1388/7183 220/7184 1866/866 5246/865
f 1879/966 5247/861 1942/864 273/967
f 237/7123 1909/7185 5247/861 1879/966
f 1909/7185 236/7152 1883/862 5247/861
f 1875/882 5248/857 1920/860 269/883
f 233/7176 1887/7186 5248/857 1875/882
f 1887/7186 224/7164 1860/858 5248/857
f 1969/894 5249/853 2110/856 278/895
f 242/7167 1932/7187 5249/853 1969/894
f 1932/7187 252/7177 1954/854 5249/853
f 1869/946 5250/849 1929/852 267/947
f 231/7135 1372/7188 5250/849 1869/946
f 1372/7188 229/7168 1910/850 5250/849
f 1991/886 5251/845 2072/848 284/887
f 248/7173 1946/7189 5251/845 1991/886
f 1946/7189 250/7136 1956/846 5251/845
f 1857/930 5252/841 1982/844 259/931
f 223/7145 1385/7190 5252/841 1857/930
f 1385/7190 222/7130 1876/842 5252/841
f 1882/950 5253/837 2087/840 276/951
f 240/7133 1911/7191 5253/837 1882/950
f 1911/7191 241/7146 1880/838 5253/837
f 1915/890 5254/833 1921/836 264/891
f 228/7170 1419/7192 5254/833 1915/890
f 1419/7192 217/7179 1889/834 5254/833
f 1872/870 5255/829 1922/832 270/871
f 234/7182 1890/7193 5255/829 1872/870
f 1890/7193 247/7171 1983/830 5255/829
f 1866/866 5256/825 1926/828 256/867
f 220/7184 1395/7194 5256/825 1866/866
f 1395/7194 221/7138 1861/826 5256/825
f 1490/814 5257/821 1381/824 225/815
f 189/7195 1449/7196 5257/821 1490/814
f 1449/544 194/543 1483/822 5257/821
f 1871/802 5258/817 1924/820 249/803
f 213/7197 1458/7198 5258/817 1871/802
f 1458/540 208/539 1823/818 5258/817
f 1508/702 5259/813 1408/816 222/703
f 186/7199 1465/7200 5259/813 1508/702
f 1465/680 189/679 1490/814 5259/813
f 1823/818 5260/809 1907/812 244/819
f 208/539 1456/7201 5260/809 1823/818
f 1456/676 204/675 1830/810 5260/809
f 1483/822 5261/805 1370/808 230/823
f 194/543 1441/7202 5261/805 1483/822
f 1441/672 195/671 1474/806 5261/805
f 1884/706 5262/801 1950/804 250/707
f 214/7203 1398/7204 5262/801 1884/706
f 1398/668 213/667 1871/802 5262/801
f 1503/686 5263/797 1400/800 221/687
f 185/7205 1453/7206 5263/797 1503/686
f 1453/664 196/663 1470/798 5263/797
f 1885/770 5264/793 1893/796 251/771
f 215/7207 1435/7208 5264/793 1885/770
f 1435/660 202/659 1808/794 5264/793
f 1494/758 5265/789 1382/792 226/759
f 190/7209 1442/7210 5265/789 1494/758
f 1442/656 187/655 1486/790 5265/789
f 1826/698 5266/785 1904/788 241/699
f 205/7211 1467/7212 5266/785 1826/698
f 1467/652 209/651 1837/786 5266/785
f 1501/766 5267/781 1434/784 218/767
f 182/7213 1446/7214 5267/781 1501/766
f 1446/648 183/647 1506/782 5267/781
f 1799/722 5268/777 1901/780 236/723
f 200/7215 1445/7216 5268/777 1799/722
f 1445/644 199/643 1805/778 5268/777
f 1470/798 5269/773 1897/776 232/799
f 196/663 1437/7217 5269/773 1470/798
f 1437/640 203/639 1839/774 5269/773
f 1839/7218 5270/769 1895/772 239/7219
f 203/7220 1473/7221 5270/769 1839/7218
f 1473/636 215/635 1885/770 5270/769
f 1480/734 5271/765 1416/768 227/735
f 191/7222 1454/7223 5271/765 1480/734
f 1454/632 182/631 1501/766 5271/765
f 1805/778 5272/761 1914/764 235/779
f 199/643 1436/7224 5272/761 1805/778
f 1436/628 210/627 1829/762 5272/761
f 1485/718 5273/757 1387/760 224/719
f 188/7225 1440/7226 5273/757 1485/718
f 1440/624 190/623 1494/758 5273/757
f 1837/786 5274/753 1925/756 245/787
f 209/651 1472/7227 5274/753 1837/786
f 1472/620 206/619 1853/754 5274/753
f 1478/710 5275/749 1379/752 229/711
f 193/7228 1439/7229 5275/749 1478/710
f 1439/616 192/615 1479/750 5275/749
f 1873/690 5276/745 1917/748 247/691
f 211/7230 1402/7231 5276/745 1873/690
f 1402/612 212/611 1874/746 5276/745
f 1820/738 5277/741 1892/744 243/739
f 207/7232 1438/7233 5277/741 1820/738
f 1438/608 197/607 1784/742 5277/741
f 1886/714 5278/737 1930/740 252/715
f 216/7234 1457/7235 5278/737 1886/714
f 1457/604 207/603 1820/738 5278/737
f 1497/694 5279/733 1421/736 217/695
f 181/7236 1455/7237 5279/733 1497/694
f 1455/600 191/599 1480/734 5279/733
f 1829/762 5280/729 1891/732 246/763
f 210/627 1452/7238 5280/729 1829/762
f 1452/596 198/595 1791/730 5280/729
f 1506/782 5281/725 1388/728 219/783
f 183/647 1460/7239 5281/725 1506/782
f 1460/592 184/591 1504/726 5281/725
f 1796/682 5282/721 1909/724 237/683
f 201/7240 1447/7241 5282/721 1796/682
f 1447/588 200/587 1799/722 5282/721
f 1784/742 5283/717 1887/720 233/743
f 197/607 1451/7242 5283/717 1784/742
f 1451/584 188/583 1485/718 5283/717
f 1853/754 5284/713 1932/716 242/755
f 206/619 1461/7243 5284/713 1853/754
f 1461/580 216/579 1886/714 5284/713
f 1474/806 5285/709 1372/712 231/807
f 195/671 1444/7244 5285/709 1474/806
f 1444/576 193/575 1478/710 5285/709
f 1874/746 5286/705 1946/708 248/747
f 212/611 1406/7245 5286/705 1874/746
f 1406/572 214/571 1884/706 5286/705
f 1486/790 5287/701 1385/704 223/791
f 187/655 1471/7246 5287/701 1486/790
f 1471/568 186/567 1508/702 5287/701
f 1830/810 5288/697 1911/700 240/811
f 204/675 1459/7247 5288/697 1830/810
f 1459/564 205/563 1826/698 5288/697
f 1479/750 5289/693 1419/696 228/751
f 192/615 1468/7248 5289/693 1479/750
f 1468/560 181/559 1497/694 5289/693
f 1791/730 5290/689 1890/692 234/731
f 198/595 1448/7249 5290/689 1791/730
f 1448/556 211/555 1873/690 5290/689
f 1504/726 5291/685 1395/688 220/727
f 184/591 1466/7250 5291/685 1504/726
f 1466/552 185/551 1503/686 5291/685
f 1808/794 5292/681 1900/684 238/795
f 202/659 1450/7251 5292/681 1808/794
f 1450/548 201/547 1796/682 5292/681
f 1557/566 5293/677 1465/680 186/567
f 150/7252 1500/7253 5293/677 1557/566
f 1500/536 153/535 1571/678 5293/677
f 1556/538 5294/673 1456/676 208/539
f 172/7254 1596/7255 5294/673 1556/538
f 1596/532 168/531 1537/674 5294/673
f 1542/542 5295/669 1441/672 194/543
f 158/7256 1492/7257 5295/669 1542/542
f 1492/528 159/527 1534/670 5295/669
f 1552/570 5296/665 1398/668 214/571
f 178/7258 1613/7259 5296/665 1552/570
f 1613/524 177/523 1545/666 5296/665
f 1549/550 5297/661 1453/664 185/551
f 149/7260 1505/7261 5297/661 1549/550
f 1505/520 160/519 1520/662 5297/661
f 1493/634 5298/657 1435/660 215/635
f 179/7262 1599/7263 5298/657 1493/634
f 1599/516 166/515 1525/658 5298/657
f 1564/622 5299/653 1442/656 190/623
f 154/7264 1498/7265 5299/653 1564/622
f 1498/512 151/511 1554/654 5299/653
f 1541/562 5300/649 1467/652 205/563
f 169/7266 1598/7267 5300/649 1541/562
f 1598/508 173/507 1563/650 5300/649
f 1723/630 5301/645 1446/648 182/631
f 146/7268 1772/7269 5301/645 1723/630
f 1772/504 147/503 1717/646 5301/645
f 1511/586 5302/641 1445/644 200/587
f 164/7270 1481/7271 5302/641 1511/586
f 1481/500 163/499 1510/642 5302/641
f 1520/662 5303/637 1437/640 196/663
f 160/519 1560/7272 5303/637 1520/662
f 1560/496 167/495 1518/638 5303/637
f 1518/7273 5304/633 1473/636 203/7220
f 167/7274 1594/7275 5304/633 1518/7273
f 1594/492 179/491 1493/634 5304/633
f 1559/598 5305/629 1454/632 191/599
f 155/7276 1761/7277 5305/629 1559/598
f 1761/488 146/487 1723/630 5305/629
f 1510/642 5306/625 1436/628 199/643
f 163/499 1558/7278 5306/625 1510/642
f 1558/484 174/483 1565/626 5306/625
f 1568/582 5307/621 1440/624 188/583
f 152/7279 1507/7280 5307/621 1568/582
f 1507/480 154/479 1564/622 5307/621
f 1563/650 5308/617 1472/620 209/651
f 173/507 1592/7281 5308/617 1563/650
f 1592/476 170/475 1532/618 5308/617
f 1530/574 5309/613 1439/616 193/575
f 157/7282 1488/7283 5309/613 1530/574
f 1488/472 156/471 1528/614 5309/613
f 1550/554 5310/609 1402/612 211/555
f 175/7284 1607/7285 5310/609 1550/554
f 1607/468 176/467 1548/610 5310/609
f 1527/602 5311/605 1438/608 207/603
f 171/7286 1573/7287 5311/605 1527/602
f 1573/464 161/463 1522/606 5311/605
f 1491/578 5312/601 1457/604 216/579
f 180/7288 1580/7289 5312/601 1491/578
f 1580/460 171/459 1527/602 5312/601
f 1729/558 5313/597 1455/600 181/559
f 145/7290 1769/7291 5313/597 1729/558
f 1769/456 155/455 1559/598 5313/597
f 1565/626 5314/593 1452/596 210/627
f 174/483 1561/7292 5314/593 1565/626
f 1561/452 162/451 1514/594 5314/593
f 1717/646 5315/589 1460/592 183/647
f 147/503 1773/7293 5315/589 1717/646
f 1773/448 148/447 1547/590 5315/589
f 1512/546 5316/585 1447/588 201/547
f 165/7294 1475/7295 5316/585 1512/546
f 1475/444 164/443 1511/586 5316/585
f 1522/606 5317/581 1451/584 197/607
f 161/463 1496/7296 5317/581 1522/606
f 1496/440 152/439 1568/582 5317/581
f 1532/618 5318/577 1461/580 206/619
f 170/475 1576/7297 5318/577 1532/618
f 1576/436 180/435 1491/578 5318/577
f 1534/670 5319/573 1444/576 195/671
f 159/527 1489/7298 5319/573 1534/670
f 1489/432 157/431 1530/574 5319/573
f 1548/610 5320/569 1406/572 212/611
f 176/467 1606/7299 5320/569 1548/610
f 1606/428 178/427 1552/570 5320/569
f 1554/654 5321/565 1471/568 187/655
f 151/511 1499/7300 5321/565 1554/654
f 1499/424 150/423 1557/566 5321/565
f 1537/674 5322/561 1459/564 204/675
f 168/531 1593/7301 5322/561 1537/674
f 1593/420 169/419 1541/562 5322/561
f 1528/614 5323/557 1468/560 192/615
f 156/471 1767/7302 5323/557 1528/614
f 1767/416 145/415 1729/558 5323/557
f 1514/594 5324/553 1448/556 198/595
f 162/451 1555/7303 5324/553 1514/594
f 1555/412 175/411 1550/554 5324/553
f 1547/590 5325/549 1466/552 184/591
f 148/447 1495/7304 5325/549 1547/590
f 1495/408 149/407 1549/550 5325/549
f 1525/658 5326/545 1450/548 202/659
f 166/515 1469/7305 5326/545 1525/658
f 1469/404 165/403 1512/546 5326/545
f 1571/678 5327/541 1449/544 189/679
f 153/535 1509/7306 5327/541 1571/678
f 1509/400 158/399 1542/542 5327/541
f 1545/666 5328/537 1458/540 213/667
f 177/523 1614/7307 5328/537 1545/666
f 1614/396 172/395 1556/538 5328/537
f 1666/422 5329/533 1500/536 150/423
f 114/7308 1722/7309 5329/533 1666/422
f 1722/7309 117/7310 1834/534 5329/533
f 1712/394 5330/529 1596/532 172/395
f 136/7311 1752/7312 5330/529 1712/394
f 1752/7312 132/7313 1694/530 5330/529
f 1854/398 5331/525 1492/528 158/399
f 122/7314 1777/7315 5331/525 1854/398
f 1777/7315 123/7316 1846/526 5331/525
f 1747/426 5332/521 1613/524 178/427
f 142/7317 1778/7318 5332/521 1747/426
f 1778/7318 141/7319 1737/522 5332/521
f 1669/406 5333/517 1505/520 149/407
f 113/7320 1707/7321 5333/517 1669/406
f 1707/7321 124/7322 1811/518 5333/517
f 1740/490 5334/513 1599/516 179/491
f 143/7323 1844/7324 5334/513 1740/490
f 1844/7324 130/7325 1794/514 5334/513
f 1848/478 5335/509 1498/512 154/479
f 118/7326 1714/7327 5335/509 1848/478
f 1714/7327 115/7328 1656/510 5335/509
f 1693/418 5336/505 1598/508 169/419
f 133/7329 1749/7330 5336/505 1693/418
f 1749/7330 137/7331 1708/506 5336/505
f 1677/486 5337/501 1772/504 146/487
f 110/7332 1734/7333 5337/501 1677/486
f 1734/7333 111/7334 1682/502 5337/501
f 1801/442 5338/497 1481/500 164/443
f 128/7335 1763/7336 5338/497 1801/442
f 1763/7336 127/7337 1819/498 5338/497
f 1811/518 5339/493 1560/496 160/519
f 124/7322 1764/7338 5339/493 1811/518
f 1764/7338 131/7339 1691/494 5339/493
f 1691/7340 5340/489 1594/492 167/7274
f 131/7341 1849/7342 5340/489 1691/7340
f 1849/7342 143/7323 1740/490 5340/489
f 1841/454 5341/485 1761/488 155/455
f 119/7343 1695/7344 5341/485 1841/454
f 1695/7344 110/7332 1677/486 5341/485
f 1819/498 5342/481 1558/484 163/499
f 127/7337 1840/7345 5342/481 1819/498
f 1840/7345 138/7346 1705/482 5342/481
f 1836/438 5343/477 1507/480 152/439
f 116/7347 1771/7348 5343/477 1836/438
f 1771/7348 118/7326 1848/478 5343/477
f 1708/506 5344/473 1592/476 173/507
f 137/7331 1758/7349 5344/473 1708/506
f 1758/7349 134/7350 1703/474 5344/473
f 1858/430 5345/469 1488/472 157/431
f 121/7351 1780/7352 5345/469 1858/430
f 1780/7352 120/7353 1862/470 5345/469
f 1701/410 5346/465 1607/468 175/411
f 139/7354 1760/7355 5346/465 1701/410
f 1760/7355 140/7356 1732/466 5346/465
f 1696/458 5347/461 1573/464 171/459
f 135/7357 1842/7358 5347/461 1696/458
f 1842/7358 125/7359 1809/462 5347/461
f 1727/434 5348/457 1580/460 180/435
f 144/7360 1768/7361 5348/457 1727/434
f 1768/7361 135/7357 1696/458 5348/457
f 1684/414 5349/453 1769/456 145/415
f 109/7362 1692/7363 5349/453 1684/414
f 1692/7363 119/7343 1841/454 5349/453
f 1705/482 5350/449 1561/452 174/483
f 138/7346 1833/7364 5350/449 1705/482
f 1833/7364 126/7365 1827/450 5350/449
f 1682/502 5351/445 1773/448 147/503
f 111/7334 1742/7366 5351/445 1682/502
f 1742/7366 112/7367 1673/446 5351/445
f 1797/402 5352/441 1475/444 165/403
f 129/7368 1755/7369 5352/441 1797/402
f 1755/7369 128/7335 1801/442 5352/441
f 1809/462 5353/437 1496/440 161/463
f 125/7359 1775/7370 5353/437 1809/462
f 1775/7370 116/7347 1836/438 5353/437
f 1703/474 5354/433 1576/436 170/475
f 134/7350 1766/7371 5354/433 1703/474
f 1766/7371 144/7360 1727/434 5354/433
f 1846/526 5355/429 1489/432 159/527
f 123/7316 1783/7372 5355/429 1846/526
f 1783/7372 121/7351 1858/430 5355/429
f 1732/466 5356/425 1606/428 176/467
f 140/7356 1776/7373 5356/425 1732/466
f 1776/7373 142/7317 1747/426 5356/425
f 1656/510 5357/421 1499/424 151/511
f 115/7328 1719/7374 5357/421 1656/510
f 1719/7374 114/7308 1666/422 5357/421
f 1694/530 5358/417 1593/420 168/531
f 132/7313 1864/7375 5358/417 1694/530
f 1864/7375 133/7329 1693/418 5358/417
f 1862/470 5359/413 1767/416 156/471
f 120/7353 1698/7376 5359/413 1862/470
f 1698/7376 109/7362 1684/414 5359/413
f 1827/450 5360/409 1555/412 162/451
f 126/7365 1835/7377 5360/409 1827/450
f 1835/7377 139/7354 1701/410 5360/409
f 1673/446 5361/405 1495/408 148/447
f 112/7367 1724/7378 5361/405 1673/446
f 1724/7378 113/7320 1669/406 5361/405
f 1794/514 5362/401 1469/404 166/515
f 130/7325 1756/7379 5362/401 1794/514
f 1756/7379 129/7368 1797/402 5362/401
f 1834/534 5363/397 1509/400 153/535
f 117/7310 1774/7380 5363/397 1834/534
f 1774/7380 122/7314 1854/398 5363/397
f 1737/522 5364/393 1614/396 177/523
f 141/7319 1770/7381 5364/393 1737/522
f 1770/7381 136/7311 1712/394 5364/393
f 1990/334 5365/389 1719/392 115/335
f 79/7382 1680/7383 5365/389 1990/334
f 1680/116 78/115 1998/390 5365/389
f 1649/354 5366/385 1864/388 132/355
f 96/7384 1975/7385 5366/385 1649/354
f 1975/108 97/107 1641/386 5366/385
f 1977/294 5367/381 1698/384 120/295
f 84/7386 1643/7387 5367/381 1977/294
f 1643/244 73/243 1958/382 5367/381
f 1667/274 5368/377 1835/380 126/275
f 90/7388 1648/7389 5368/377 1667/274
f 1648/200 103/199 1628/378 5368/377
f 1964/270 5369/373 1724/376 112/271
f 76/7390 1645/7391 5369/373 1964/270
f 1645/232 77/231 1995/374 5369/373
f 1657/338 5370/369 1756/372 130/339
f 94/7392 1971/7393 5370/369 1657/338
f 1971/248 93/247 1650/370 5370/369
f 1984/358 5371/365 1774/368 117/359
f 81/7394 1646/7395 5371/365 1984/358
f 1646/192 86/191 1675/366 5371/365
f 1655/346 5372/361 1770/364 141/347
f 105/7396 1685/7397 5372/361 1655/346
f 1685/188 100/187 1744/362 5372/361
f 1998/390 5373/357 1722/360 114/391
f 78/115 1689/7398 5373/357 1998/390
f 1689/144 81/143 1984/358 5373/357
f 1744/362 5374/353 1752/356 136/363
f 100/187 1970/7399 5374/353 1744/362
f 1970/140 96/139 1649/354 5374/353
f 1675/366 5375/349 1777/352 122/367
f 86/191 1979/7400 5375/349 1675/366
f 1979/224 87/223 1660/350 5375/349
f 1635/250 5376/345 1778/348 142/251
f 106/7401 1709/7402 5376/345 1635/250
f 1709/184 105/183 1655/346 5376/345
f 1995/374 5377/341 1707/344 113/375
f 77/231 1633/7403 5377/341 1995/374
f 1633/168 88/167 1661/342 5377/341
f 1637/314 5378/337 1844/340 143/315
f 107/7404 1672/7405 5378/337 1637/314
f 1672/136 94/135 1657/338 5378/337
f 1974/302 5379/333 1714/336 118/303
f 82/7406 1678/7407 5379/333 1974/302
f 1678/212 79/211 1990/334 5379/333
f 1641/386 5380/329 1749/332 133/387
f 97/107 1679/7408 5380/329 1641/386
f 1679/208 101/207 1631/330 5380/329
f 1962/310 5381/325 1734/328 110/311
f 74/7409 1654/7410 5381/325 1962/310
f 1654/180 75/179 1968/326 5381/325
f 1671/266 5382/321 1763/324 128/267
f 92/7411 1994/7412 5382/321 1671/266
f 1994/120 91/119 1670/322 5382/321
f 1661/342 5383/317 1764/320 124/343
f 88/167 1997/7413 5383/317 1661/342
f 1997/124 95/123 1647/318 5383/317
f 1647/7414 5384/313 1849/316 131/7415
f 95/7416 1665/7417 5384/313 1647/7414
f 1665/148 107/147 1637/314 5384/313
f 1976/278 5385/309 1695/312 119/279
f 83/7418 1636/7419 5385/309 1976/278
f 1636/160 74/159 1962/310 5385/309
f 1670/322 5386/305 1840/308 127/323
f 91/119 1652/7420 5386/305 1670/322
f 1652/152 102/151 1644/306 5386/305
f 1992/262 5387/301 1771/304 116/263
f 80/7421 1683/7422 5387/301 1992/262
f 1683/172 82/171 1974/302 5387/301
f 1631/330 5388/297 1758/300 137/331
f 101/207 1686/7423 5388/297 1631/330
f 1686/164 98/163 1738/298 5388/297
f 1663/254 5389/293 1780/296 121/255
f 85/7424 1658/7425 5389/293 1663/254
f 1658/156 84/155 1977/294 5389/293
f 1628/378 5390/289 1760/292 139/379
f 103/199 1702/7426 5390/289 1628/378
f 1702/132 104/131 1630/290 5390/289
f 1741/282 5391/285 1842/288 135/283
f 99/7427 1985/7428 5391/285 1741/282
f 1985/112 89/111 1690/286 5391/285
f 1639/258 5392/281 1768/284 144/259
f 108/7429 1681/7430 5392/281 1639/258
f 1681/228 99/227 1741/282 5392/281
f 1958/382 5393/277 1692/280 109/383
f 73/243 1640/7431 5393/277 1958/382
f 1640/240 83/239 1976/278 5393/277
f 1644/306 5394/273 1833/276 138/307
f 102/151 1651/7432 5394/273 1644/306
f 1651/236 90/235 1667/274 5394/273
f 1968/326 5395/269 1742/272 111/327
f 75/179 1638/7433 5395/269 1968/326
f 1638/128 76/127 1964/270 5395/269
f 1650/370 5396/265 1755/268 129/371
f 93/247 1987/7434 5396/265 1650/370
f 1987/216 92/215 1671/266 5396/265
f 1690/286 5397/261 1775/264 125/287
f 89/111 1634/7435 5397/261 1690/286
f 1634/220 80/219 1992/262 5397/261
f 1738/298 5398/257 1766/260 134/299
f 98/163 1687/7436 5398/257 1738/298
f 1687/176 108/175 1639/258 5398/257
f 1660/350 5399/253 1783/256 123/351
f 87/223 1980/7437 5399/253 1660/350
f 1980/204 85/203 1663/254 5399/253
f 1630/290 5400/249 1776/252 140/291
f 104/131 1697/7438 5400/249 1630/290
f 1697/196 106/195 1635/250 5400/249
f 1745/134 5401/245 1971/248 94/135
f 55/57 1662/56 5401/245 1745/134
f 1662/56 54/7439 1735/246 5401/245
f 1785/154 5402/241 1643/244 84/155
f 29/25 1604/24 5402/241 1785/154
f 1604/24 1/7440 1502/242 5402/241
f 1502/242 5403/237 1640/240 73/243
f 1/7440 1608/7441 5403/237 1502/242
f 1608/7441 28/7442 1792/238 5403/237
f 1943/150 5404/233 1651/236 102/151
f 64/7443 1754/7444 5404/233 1943/150
f 1754/7444 37/7445 1816/234 5404/233
f 1462/126 5405/229 1645/232 76/127
f 20/7446 1553/7447 5405/229 1462/126
f 1553/8 21/7 1463/230 5405/229
f 1963/174 5406/225 1681/228 108/175
f 71/7448 1721/7449 5406/225 1963/174
f 1721/7449 61/7450 1713/226 5406/225
f 1788/190 5407/221 1979/224 86/191
f 31/7451 1715/7452 5407/221 1788/190
f 1715/52 32/51 1807/222 5407/221
f 1828/110 5408/217 1634/220 89/111
f 35/7453 1757/7454 5408/217 1828/110
f 1757/7454 25/7455 1821/218 5408/217
f 1735/246 5409/213 1987/216 93/247
f 54/7439 1664/7456 5409/213 1735/246
f 1664/62 53/61 1731/214 5409/213
f 1804/170 5410/209 1678/212 82/171
f 27/7457 1746/7458 5410/209 1804/170
f 1746/7458 24/7459 1825/210 5410/209
f 1716/106 5411/205 1679/208 97/107
f 59/7460 1676/7461 5411/205 1716/106
f 1676/7461 63/7462 1938/206 5411/205
f 1807/222 5412/201 1980/204 87/223
f 32/51 1706/7463 5412/201 1807/222
f 1706/30 30/29 1786/202 5412/201
f 1816/234 5413/197 1648/200 90/235
f 37/7445 1753/7464 5413/197 1816/234
f 1753/72 65/71 1951/198 5413/197
f 1947/130 5414/193 1697/196 104/131
f 66/75 1736/74 5414/193 1947/130
f 1736/74 68/7465 1952/194 5414/193
f 1800/142 5415/189 1646/192 81/143
f 26/33 1728/32 5415/189 1800/142
f 1728/32 31/7451 1788/190 5415/189
f 1945/182 5416/185 1685/188 105/183
f 67/7466 1653/7467 5416/185 1945/182
f 1653/80 62/79 1710/186 5416/185
f 1952/194 5417/181 1709/184 106/195
f 68/101 1743/100 5417/181 1952/194
f 1743/100 67/7466 1945/182 5417/181
f 1482/158 5418/177 1654/180 74/159
f 18/15 1540/14 5418/177 1482/158
f 1540/14 19/7468 1477/178 5418/177
f 1720/162 5419/173 1687/176 98/163
f 60/7469 1711/7470 5419/173 1720/162
f 1711/7470 71/7448 1963/174 5419/173
f 1821/218 5420/169 1683/172 80/219
f 25/7455 1748/7471 5420/169 1821/218
f 1748/7471 27/7457 1804/170 5420/169
f 1463/230 5421/165 1633/168 77/231
f 21/7 1516/7472 5421/165 1463/230
f 1516/44 34/43 1817/166 5421/165
f 1938/206 5422/161 1686/164 101/207
f 63/7462 1674/7473 5422/161 1938/206
f 1674/7473 60/7469 1720/162 5422/161
f 1792/238 5423/157 1636/160 83/239
f 28/7442 1517/7474 5423/157 1792/238
f 1517/18 18/15 1482/158 5423/157
f 1786/202 5424/153 1658/156 85/203
f 30/29 1726/7475 5424/153 1786/202
f 1726/54 29/25 1785/154 5424/153
f 1759/118 5425/149 1652/152 91/119
f 52/65 1789/68 5425/149 1759/118
f 1789/68 64/7443 1943/150 5425/149
f 1739/7476 5426/145 1665/148 95/7416
f 56/97 1699/96 5426/145 1739/7476
f 1699/96 70/7477 1966/146 5426/145
f 1812/114 5427/141 1689/144 78/115
f 23/7478 1725/7479 5427/141 1812/114
f 1725/7479 26/33 1800/142 5427/141
f 1710/186 5428/137 1970/140 100/187
f 62/79 1659/7480 5428/137 1710/186
f 1659/7480 58/7481 1718/138 5428/137
f 1966/146 5429/133 1672/136 107/147
f 70/89 1700/88 5429/133 1966/146
f 1700/88 55/57 1745/134 5429/133
f 1951/198 5430/129 1702/132 103/199
f 65/71 1642/104 5430/129 1951/198
f 1642/104 66/75 1947/130 5430/129
f 1477/178 5431/125 1638/128 75/179
f 19/7468 1543/10 5431/125 1477/178
f 1543/10 20/7446 1462/126 5431/125
f 1817/166 5432/121 1997/124 88/167
f 34/43 1765/7482 5432/121 1817/166
f 1765/4 56/3 1739/122 5432/121
f 1731/214 5433/117 1994/120 92/215
f 53/61 1832/7483 5433/117 1731/214
f 1832/66 52/65 1759/118 5433/117
f 1825/210 5434/113 1680/116 79/211
f 24/7459 1730/7484 5434/113 1825/210
f 1730/7484 23/7478 1812/114 5434/113
f 1713/226 5435/109 1985/112 99/227
f 61/7450 1751/7485 5435/109 1713/226
f 1751/7485 35/7453 1828/110 5435/109
f 1718/138 5436/105 1975/108 96/139
f 58/7481 1688/7486 5436/105 1718/138
f 1688/7486 59/7460 1716/106 5436/105
f 6229/7487 5437/103 1813/70 6220/7488
f 6224/7489 1850/7490 5437/103 6229/7487
f 1850/76 66/75 1642/104 5437/103
f 6230/7491 5438/99 1762/102 6216/7492
f 6223/7493 1838/7494 5438/99 6230/7491
f 1838/7494 67/7466 1743/100 5438/99
f 6231/7495 5439/95 1487/98 6198/7496
f 6212/7497 1632/7498 5439/95 6231/7495
f 1632/90 70/89 1699/96 5439/95
f 1711/7470 5440/7499 1629/7500 71/7448
f 60/7469 1859/7501 5440/7499 1711/7470
f 1721/7449 5441/7502 1443/7503 61/7450
f 71/7448 1629/7500 5441/7502 1721/7449
f 6227/7504 6317/7505 6273/7506 6235/7507
f 6234/7508 5442/87 1632/90 6212/7497
f 6222/7509 1831/7510 5442/87 6234/7508
f 1831/58 55/57 1700/88 5442/87
f 6334/92 6290/7511 6200/7512 6260/93
f 60/7469 1674/7473 5443/7513 1859/7501
f 1674/7473 63/7462 1856/7514 5443/7513
f 63/7462 1676/7461 5444/7515 1856/7514
f 1676/7461 59/7460 1803/7516 5444/7515
f 6233/7517 6320/7518 6287/7519 6197/7520
f 59/7460 1688/7486 5445/7521 1803/7516
f 1688/7486 58/7481 1852/7522 5445/7521
f 6285/7523 6261/7524 6200/7512 6290/7511
f 58/7481 1659/7480 5446/7525 1852/7522
f 1659/7480 62/79 1851/78 5446/7525
f 1838/7494 5447/77 1653/80 67/7466
f 6223/7493 6239/7526 5447/77 1838/7494
f 6239/7526 6225/7527 1851/78 5447/77
f 6240/7528 5448/73 1850/76 6224/7489
f 6216/7492 1762/102 5448/73 6240/7528
f 1762/102 68/101 1736/74 5448/73
f 1781/7529 5449/69 1753/72 37/7445
f 6196/7530 6241/7531 5449/69 1781/7529
f 6241/7531 6220/7488 1813/70 5449/69
f 6232/7532 6319/7533 6266/7534 6194/7535
f 37/7445 1754/7444 5450/7536 1781/7529
f 1754/7444 64/7443 1668/7537 5450/7536
f 6243/7538 5451/67 1806/64 6218/7539
f 6213/7540 1668/7541 5451/67 6243/7538
f 1668/7537 64/7443 1789/68 5451/67
f 1814/60 5452/63 1832/66 53/61
f 6221/7542 6244/7543 5452/63 1814/60
f 6244/7543 6218/7539 1806/64 5452/63
f 1810/7544 5453/59 1664/62 54/7439
f 6219/7545 6245/7546 5453/59 1810/7544
f 6245/7546 6221/7542 1814/60 5453/59
f 6246/7547 5454/55 1831/58 6222/7509
f 6219/7545 1810/7544 5454/55 6246/7547
f 1810/7544 54/7439 1662/56 5454/55
f 1567/28 5455/53 1726/54 30/29
f 6205/7548 6247/7549 5455/53 1567/28
f 6247/7549 6203/7550 1562/26 5455/53
f 1570/7551 5456/49 1715/52 31/7451
f 6207/7552 6248/7553 5456/49 1570/7551
f 6248/7553 6206/7554 1569/50 5456/49
f 6289/7555 6199/7556 6261/7524 6285/7523
f 25/7455 1757/7454 5457/7557 1595/7558
f 1757/7454 35/7453 1779/7559 5457/7557
f 1533/6 5458/41 1516/44 21/7
f 6202/7560 6250/7561 5458/41 1533/6
f 6250/7561 6214/7562 1704/42 5458/41
f 35/7453 1751/7485 5459/7563 1779/7559
f 1751/7485 61/7450 1443/7503 5459/7563
f 1748/7471 5460/7564 1566/7565 27/7457
f 25/7455 1595/7558 5460/7564 1748/7471
f 6269/7566 6229/7487 6220/7488 6310/7567
f 1746/7458 5461/7568 1581/7569 24/7459
f 27/7457 1566/7565 5461/7568 1746/7458
f 6286/7570 6262/7571 6199/7556 6289/7555
f 1730/7484 5462/7572 1575/7573 23/7478
f 24/7459 1581/7569 5462/7572 1730/7484
f 6314/7574 6224/7489 6229/7487 6269/7566
f 1725/7479 5463/7575 1602/34 26/33
f 23/7478 1575/7573 5463/7575 1725/7479
f 6291/7576 6201/7577 6262/7571 6286/7570
f 6256/7578 5464/31 1602/34 6211/7579
f 6207/7552 1570/7551 5464/31 6256/7578
f 1570/7551 31/7451 1728/32 5464/31
f 1569/50 5465/27 1706/30 32/51
f 6206/7554 6257/7580 5465/27 1569/50
f 6257/7580 6205/7548 1567/28 5465/27
f 6258/19 5466/23 1562/26 6203/20
f 6193/40 1620/7581 5466/23 6258/19
f 1620/7581 1/7440 1604/24 5466/23
f 1608/7441 5467/7582 1733/7583 28/7442
f 1/7440 1620/7581 5467/7582 1608/7441
f 6270/7584 6230/7491 6216/7492 6306/7585
f 1733/7583 5468/17 1517/18 28/7442
f 6215/94 6260/93 5468/17 1733/7583
f 6260/93 6200/7512 1519/16 5468/17
f 6261/7524 5469/13 1519/16 6200/7512
f 6199/7556 1515/7586 5469/13 6261/7524
f 1515/12 19/11 1540/14 5469/13
f 6262/7571 5470/9 1515/12 6199/7556
f 6201/7577 1523/7587 5470/9 6262/7571
f 1523/7587 20/7446 1543/10 5470/9
f 1523/7587 5471/5 1553/8 20/7446
f 6201/7577 6263/7588 5471/5 1523/7587
f 6263/7588 6202/7560 1533/6 5471/5
f 1704/42 5472/1 1765/4 34/43
f 6214/7562 6264/7589 5472/1 1704/42
f 6264/7589 6198/7590 1487/2 5472/1
f 2223/1734 5534/7591 5486/7592 410/1735
f 2214/1434 5525/7593 5492/7594 416/1435
f 429/1523 5505/7595 5535/7596 2224/1762
f 419/6803 5495/7597 5526/7598 2215/1446
f 2198/1458 5509/7599 5473/7600 397/1459
f 408/1551 5484/7601 5536/7602 2225/1790
f 432/1495 5508/7603 5527/7604 2216/1462
f 398/1747 5474/7605 5510/7606 2199/1514
f 409/1791 5485/7607 5537/7608 2226/1486
f 2217/1494 5528/7609 5508/7603 432/1495
f 397/1459 5473/7600 5511/7610 2200/1550
f 414/1711 5490/7611 5538/7612 2227/1674
f 2218/1522 5529/7613 5505/7595 429/1523
f 2201/1822 5512/7614 5477/7615 401/1823
f 2228/1710 5539/7616 5490/7611 414/1711
f 406/1483 5482/7617 5530/7618 2219/1574
f 403/1543 5479/7619 5513/7620 2202/1482
f 2229/1810 5540/7621 5491/7622 415/1811
f 410/1735 5486/7592 5531/7623 2220/1658
f 402/1623 5478/7624 5514/7625 2203/1542
f 413/1699 5489/7626 5541/7627 2230/1410
f 2221/1698 5532/7628 5489/7626 413/1699
f 2204/1622 5515/7629 5478/7624 402/1623
f 418/1715 5494/7630 5542/7631 2231/1454
f 430/1763 5506/7632 5533/7633 2222/1718
f 2205/1638 5516/7634 5476/7635 400/1639
f 2232/1518 5543/7636 5495/7637 419/1519
f 411/1487 5487/7638 5534/7591 2223/1734
f 2206/1746 5517/7639 5474/7605 398/1747
f 2233/1730 5544/7640 5496/7641 420/1731
f 2224/1762 5535/7596 5506/7632 430/1763
f 2207/1438 5518/7642 5475/7643 399/1439
f 407/1515 5483/7644 5509/7599 2198/1458
f 2225/1790 5536/7602 5485/7607 409/1791
f 2208/1534 5519/7645 5497/7646 421/1535
f 2199/1514 5510/7606 5483/7644 407/1515
f 2226/1486 5537/7608 5487/7638 411/1487
f 420/1731 5496/7641 5520/7647 2209/1610
f 2200/1550 5511/7610 5484/7601 408/1551
f 2227/1674 5538/7612 5502/7648 426/1675
f 416/1435 5492/7594 5521/7649 2210/1654
f 412/1447 5488/7650 5512/7614 2201/1822
f 427/1783 5503/7651 5539/7616 2228/1710
f 417/1655 5493/7652 5522/7653 2211/1714
f 2202/1482 5513/7620 5482/7617 406/1483
f 426/1675 5502/7648 5540/7621 2229/1810
f 422/1463 5498/7654 5523/7655 2212/1726
f 2203/1542 5514/7625 5479/7619 403/1543
f 2230/1410 5541/7627 5499/7656 423/1411
f 2213/1782 5524/7657 5503/7651 427/1783
f 405/1659 5481/7658 5515/7629 2204/1622
f 2231/1454 5542/7631 5507/7659 431/1455
f 415/1811 5491/7622 5525/7593 2214/1434
f 401/1823 5477/7615 5516/7634 2205/1638
f 431/1455 5507/7659 5543/7636 2232/1518
f 2215/1446 5526/7598 5488/7650 412/1447
f 399/1439 5475/7643 5517/7639 2206/1746
f 421/1535 5497/7646 5544/7640 2233/1730
f 2216/1462 5527/7604 5498/7654 422/1463
f 400/1639 5476/7635 5518/7642 2207/1438
f 423/1411 5499/7656 5528/7609 2217/1494
f 425/1727 5501/7660 5519/7645 2208/1534
f 424/1611 5500/7661 5529/7613 2218/1522
f 2209/1610 5520/7647 5500/7661 424/1611
f 2219/1574 5530/7618 5480/7662 404/1575
f 2210/1654 5521/7649 5493/7652 417/1655
f 2220/1658 5531/7623 5481/7658 405/1659
f 2211/1714 5522/7653 5494/7630 418/1715
f 404/1575 5480/7662 5532/7628 2221/1698
f 2212/1726 5523/7655 5501/7660 425/1727
f 2222/1718 5533/7633 5504/7663 428/1719
f 428/1719 5504/7663 5524/7657 2213/1782
f 5588/7664 5609/6797 5653/6777 5602/7665
f 5602/6409 5653/6777 5637/6776 5603/6410
f 5611/6755 5610/7666 5654/7667 5575/6756
f 5575/6756 5654/7667 5638/7668 5576/7669
f 5563/6331 5612/6544 5655/6512 5562/6332
f 5562/6332 5655/6512 5639/6511 5561/7670
f 5578/7671 5613/7672 5656/7673 5577/7674
f 5577/6737 5656/7673 5640/7675 5551/6738
f 5571/7676 5614/7677 5657/7678 5604/7679
f 5604/6353 5657/7678 5641/7680 5605/6354
f 5546/6302 5615/6531 5658/6662 5545/6303
f 5545/6303 5658/6662 5642/6661 5634/7681
f 5580/7682 5616/7683 5659/7684 5579/7685
f 5579/6679 5659/7684 5643/7686 5635/6680
f 5555/6692 5617/6388 5660/6371 5552/6693
f 5552/6693 5660/6371 5644/6370 5553/7687
f 5595/6282 5618/7688 5661/7689 5596/6283
f 5596/6283 5661/7689 5645/6299 5592/6606
f 5603/6410 5637/6776 5662/7690 5581/6652
f 5581/6652 5662/7690 5616/7683 5580/7682
f 5620/7691 5619/6553 5663/6532 5547/7692
f 5547/7692 5663/6532 5615/6531 5546/6302
f 5605/6354 5641/7680 5664/7693 5606/7694
f 5606/7694 5664/7693 5613/7695 5578/7696
f 5567/6619 5621/7697 5665/7698 5582/6620
f 5582/6620 5665/7698 5646/7699 5583/7700
f 5565/7701 5622/6570 5666/6690 5564/7702
f 5564/7702 5666/6690 5647/6689 5608/7703
f 5624/6515 5623/6711 5667/6663 5554/6590
f 5554/6590 5667/6663 5617/6388 5555/6692
f 5634/7681 5642/6661 5668/7704 5548/7705
f 5548/7705 5668/7704 5648/7706 5549/7707
f 5553/7687 5644/6370 5669/6373 5584/7708
f 5584/6573 5669/6373 5649/6372 5636/6490
f 5626/7709 5625/7710 5670/7711 5566/7712
f 5566/7712 5670/7711 5621/7697 5567/6619
f 5557/6495 5627/7713 5671/7714 5556/6514
f 5556/6514 5671/7714 5623/6711 5624/6515
f 5559/6759 5628/6554 5672/6545 5558/6474
f 5558/6474 5672/6545 5612/6544 5563/6331
f 5576/7669 5638/7668 5673/7715 5568/7716
f 5568/7716 5673/7715 5650/7717 5569/7718
f 5586/6430 5629/6260 5674/6259 5585/6494
f 5585/6494 5674/6259 5627/7713 5557/6495
f 5631/6279 5630/6426 5675/6720 5597/6328
f 5597/6328 5675/6720 5651/6719 5598/6461
f 5636/6490 5649/6372 5676/7719 5587/6491
f 5587/6491 5676/7719 5609/6797 5588/6767
f 5600/6589 5632/6439 5677/6427 5599/6278
f 5599/6278 5677/6427 5630/6426 5631/6279
f 5569/7718 5650/7717 5678/7720 5570/7721
f 5570/7721 5678/7720 5614/7677 5571/7676
f 5590/6709 5633/7722 5679/7723 5589/6457
f 5589/6457 5679/7723 5652/7724 5574/6458
f 5635/6680 5643/7686 5680/6571 5572/7725
f 5572/7725 5680/6571 5622/6570 5565/7701
f 5608/7703 5647/6689 5681/7726 5607/7727
f 5607/6779 5681/7726 5625/7710 5626/6780
f 5592/6606 5645/6299 5682/6262 5591/6429
f 5591/6429 5682/6262 5629/6260 5586/6430
f 5561/6534 5639/6511 5683/6735 5560/6535
f 5560/6535 5683/6735 5619/6553 5620/7691
f 5583/6391 5646/7699 5684/7728 5593/6392
f 5593/6392 5684/7728 5633/7722 5590/6709
f 5574/6458 5652/7724 5685/6441 5573/7729
f 5573/6799 5685/6441 5632/6439 5600/6589
f 5549/6349 5648/7706 5686/7730 5594/6350
f 5594/6350 5686/7730 5618/7688 5595/6282
f 5598/6461 5651/6719 5687/7731 5601/6462
f 5601/6462 5687/7731 5610/7666 5611/6755
f 5551/6738 5640/7675 5688/6617 5550/7732
f 5550/7732 5688/6617 5628/6554 5559/6759
f 4784/2569 5665/7698 5621/7697 2320/2412
f 2350/2284 5627/7713 5674/6259 4856/2281
f 143/6355 5605/6354 5606/7694 1849/7733
f 1695/7734 5547/7692 5546/6302 119/6301
f 2529/2572 5646/7699 5665/7698 4784/2569
f 1734/6536 5560/6535 5620/7691 110/7735
f 4720/2825 5657/7678 5614/7677 2296/2156
f 2441/2828 5641/7680 5657/7678 4720/2825
f 137/7736 5565/7701 5564/7702 1749/7737
f 1698/7738 5548/7705 5549/7707 120/6348
f 4960/1865 5687/7731 5651/6719 2625/2252
f 1840/6463 5601/6462 5611/6755 127/6754
f 2286/1868 5610/7666 5687/7731 4960/1865
f 4896/2121 5679/7723 5633/7722 2372/1964
f 2649/6472 5652/6471 5679/7723 4896/2121
f 4832/2377 5671/7714 5627/7713 2350/2284
f 125/6768 5588/6767 5602/7665 1842/6408
f 1752/7739 5566/7712 5567/6619 136/6618
f 4760/2665 5662/7690 5637/6776 2377/2956
f 2326/2380 5623/6711 5671/7714 4832/2377
f 4696/2921 5654/7667 5610/7666 2286/1868
f 2300/2668 5616/7683 5662/7690 4760/2665
f 130/7740 5571/7676 5604/7679 1844/6352
f 2393/2924 5638/7668 5654/7667 4696/2921
f 1742/6333 5562/6332 5561/7670 111/6533
f 1755/7741 5568/7716 5569/7718 129/7742
f 1756/7743 5570/7721 5571/7676 130/7740
f 1692/6304 5545/6303 5634/7681 109/7744
f 4936/1961 5684/7728 5646/7699 2529/2572
f 2372/1964 5633/7722 5684/7728 4936/1961
f 4872/2217 5676/7719 5649/6372 2577/2444
f 1758/7745 5572/7725 5565/7701 137/7736
f 124/6739 5551/6738 5550/7732 1707/7746
f 2274/2220 5609/6797 5676/7719 4872/2217
f 4808/2473 5668/7704 5642/6661 2457/2796
f 1849/7733 5606/7694 5578/7696 131/7747
f 110/7735 5620/7691 5547/7692 1695/7734
f 4736/2761 5659/7684 5616/7683 2300/2668
f 2569/2476 5648/7706 5668/7704 4808/2473
f 140/6459 5574/6458 5573/7729 1760/6798
f 2473/6609 5643/6608 5659/7684 4736/2761
f 133/7748 5608/7703 5607/7727 1864/6778
f 1749/7737 5564/7702 5608/7703 133/7748
f 109/7744 5634/7681 5548/7705 1698/7738
f 1763/6757 5575/6756 5576/7669 128/7749
f 4912/2057 5681/7726 5647/6689 2545/2540
f 131/7750 5578/7671 5577/7674 1764/6736
f 2347/2060 5625/7710 5681/7726 4912/2057
f 4848/2313 5673/7715 5638/7668 2393/2924
f 132/6781 5626/6780 5566/7712 1752/7739
f 4776/2601 5664/7693 5641/7680 2441/2828
f 2609/2316 5650/7717 5673/7715 4848/2313
f 1714/6694 5552/6693 5553/7687 118/7751
f 4712/2857 5656/7673 5613/7672 2292/6327
f 144/7752 5580/7682 5579/7685 1766/6678
f 2292/2604 5613/7695 5664/7693 4776/2601
f 2425/6637 5640/6636 5656/7673 4712/2857
f 128/7749 5576/7669 5568/7716 1755/7741
f 1768/6653 5581/6652 5580/7682 144/7752
f 129/7742 5569/7718 5570/7721 1756/7743
f 4952/1897 5686/7730 5648/7706 2569/2476
f 1770/6621 5582/6620 5583/7700 141/6390
f 2309/1900 5618/7688 5686/7730 4952/1897
f 4888/2153 5678/7720 5650/7717 2609/2316
f 1719/6591 5554/6590 5555/6692 115/6691
f 134/6681 5635/6680 5572/7725 1758/7745
f 1707/7746 5550/7732 5559/6759 113/6758
f 118/7751 5553/7687 5584/7708 1771/6572
f 2296/2156 5614/7677 5678/7720 4888/2153
f 4824/2409 5670/7711 5625/7710 2347/2060
f 4752/2697 5661/6789 5618/7688 2309/1900
f 2320/2412 5621/7697 5670/7711 4824/2409
f 6085/7753 6049/7754 5704/7755 5725/7756
f 6086/7757 6050/7758 5744/7759 5696/7760
f 6087/7761 6051/7762 5703/7763 5736/7764
f 6088/7765 6052/7766 5730/7767 5701/7768
f 6089/7769 6053/7770 5740/7771 5705/7772
f 6090/7773 6089/7769 5705/7772 5737/7774
f 6091/7775 6054/7776 5747/7777 5713/7778
f 6092/7779 6055/7780 5746/7781 5721/7782
f 6093/7783 6056/7784 5738/7785 5702/7786
f 6094/7787 6086/7757 5696/7760 5731/7788
f 6095/7789 6057/7790 5729/7791 5697/7792
f 6096/7793 6058/7794 5692/7795 5743/7796
f 6051/7762 6059/7797 5739/7798 5703/7763
f 6097/7799 6060/7800 5753/7801 5715/7802
f 6050/7758 6061/7803 5691/7804 5744/7759
f 6098/7805 6062/7806 5748/7807 5714/7808
f 6099/7809 6063/7810 5726/7811 5707/7812
f 6100/7813 6064/7814 5722/7815 5757/7816
f 6101/7817 6065/7818 5695/7819 5732/7820
f 6052/7766 6066/7821 5700/7822 5730/7767
f 6053/7770 6067/7823 5689/7824 5740/7771
f 6102/7825 6098/7805 5714/7808 5754/7826
f 6066/7821 6090/7773 5737/7774 5700/7822
f 6054/7776 6068/7827 5712/7828 5747/7777
f 6103/7829 6092/7779 5721/7782 5758/7830
f 6064/7814 6069/7831 5749/7832 5722/7815
f 6056/7784 6088/7765 5701/7768 5738/7785
f 6065/7818 6094/7787 5731/7788 5695/7819
f 6059/7797 6093/7783 5702/7786 5739/7798
f 6060/7800 6070/7833 5709/7834 5753/7801
f 6104/7835 6071/7836 5699/7837 5741/7838
f 6105/7839 6072/7840 5720/7841 5759/7842
f 6106/7843 6073/7844 5711/7845 5750/7846
f 6062/7806 6091/7775 5713/7778 5748/7807
f 6107/7847 6074/7848 5716/7849 5755/7850
f 6063/7810 6075/7851 5690/7852 5726/7811
f 6108/7853 6100/7813 5757/7816 5708/7854
f 6109/7855 6101/7817 5732/7820 5694/7856
f 6071/7836 6076/7857 5733/7858 5699/7837
f 6070/7833 6102/7825 5754/7826 5709/7834
f 6110/7859 6077/7860 5756/7861 5717/7862
f 6072/7840 6103/7829 5758/7830 5720/7841
f 6111/7863 6078/7864 5706/7865 5734/7866
f 6074/7848 6079/7867 5751/7868 5716/7849
f 6069/7831 6080/7869 5718/7870 5749/7832
f 6112/7871 6099/7809 5707/7812 5727/7872
f 6113/7873 6095/7789 5697/7792 5742/7874
f 6067/7823 6104/7835 5741/7838 5689/7824
f 6114/7875 6105/7839 5759/7842 5719/7876
f 6115/7877 6081/7878 5735/7879 5698/7880
f 6116/7881 6106/7843 5750/7846 5710/7882
f 6073/7844 6107/7847 5755/7850 5711/7845
f 6117/7883 6082/7884 5724/7885 5728/7886
f 6118/7887 6110/7859 5717/7862 5752/7888
f 6076/7857 6109/7855 5694/7856 5733/7858
f 6082/7884 6083/7889 5745/7890 5724/7885
f 6119/7891 6114/7875 5719/7876 5760/7892
f 6077/7860 6108/7853 5708/7854 5756/7861
f 6079/7867 6097/7799 5715/7802 5751/7868
f 6049/7893 6111/7863 5734/7866 5704/7894
f 6058/7794 6112/7871 5727/7872 5692/7795
f 6120/7895 6085/7753 5725/7756 5723/7896
f 6061/7803 6113/7873 5742/7874 5691/7804
f 6081/7878 6084/7897 5693/7898 5735/7879
f 6078/7864 6087/7761 5736/7764 5706/7865
f 6075/7851 6117/7883 5728/7886 5690/7852
f 6068/7827 6118/7887 5752/7888 5712/7828
f 6083/7889 6116/7881 5710/7882 5745/7890
f 6080/7869 6119/7891 5760/7892 5718/7870
f 6055/7780 6120/7895 5723/7896 5746/7781
f 6057/7790 6115/7877 5698/7880 5729/7791
f 6084/7897 6096/7793 5743/7796 5693/7898
f 6122/7899 6121/7900 5824/7901 5784/7902
f 6124/7903 6123/7904 5762/7905 5798/7906
f 6126/7907 6125/7908 5808/7909 5778/7910
f 6128/7911 6127/7912 5781/7913 5825/7914
f 6130/7915 6129/7916 5799/7917 5764/7918
f 6132/7919 6131/7920 5777/7921 5809/7922
f 6127/7912 6133/7923 5826/7924 5781/7913
f 6123/7904 6134/7925 5800/7926 5762/7905
f 6136/7927 6135/7928 5810/7929 5774/7930
f 6138/7931 6137/7932 5827/7933 5783/7934
f 6140/7935 6139/7936 5801/7937 5769/7938
f 6142/7939 6141/7940 5811/7941 5775/7942
f 6144/7943 6143/7944 5780/7945 5828/7946
f 6146/7947 6145/7948 5772/7949 5802/7950
f 6131/7920 6147/7951 5812/7952 5777/7921
f 6143/7944 6148/7953 5829/7954 5780/7945
f 6150/7955 6149/7956 5803/7957 5767/7958
f 6152/7959 6151/7960 5771/7961 5813/7962
f 6154/7963 6153/7964 5830/7965 5792/7966
f 6156/7967 6155/7968 5804/7969 5766/7970
f 6157/7971 6140/7935 5769/7938 5814/7972
f 6159/7973 6158/7974 5831/7975 5791/7976
f 6160/7977 6156/7967 5766/7970 5805/7978
f 6162/7979 6161/7980 5815/7981 5765/7982
f 6164/7983 6163/7984 5832/7985 5790/7986
f 6166/7987 6165/7988 5806/7989 5776/7990
f 6168/7991 6167/7992 5816/7993 5768/7994
f 6169/7995 6162/7979 5765/7982 5807/7996
f 6171/7997 6170/7998 5817/7999 5796/8000
f 6125/7908 6142/7939 5775/7942 5808/7909
f 6173/8001 6172/8002 5795/8003 5818/8004
f 6145/7948 6132/7919 5809/7922 5772/7949
f 6175/8005 6174/8006 5819/8007 5785/8008
f 6135/7928 6176/8009 5773/8010 5810/7929
f 6178/8011 6177/8012 5820/8013 5786/8014
f 6141/7940 6136/7927 5774/7930 5811/7941
f 6180/8015 6179/8016 5821/8017 5794/8018
f 6147/7951 6181/8019 5761/8020 5812/7952
f 6182/8021 6138/7931 5783/7934 5822/8022
f 6181/8019 6152/7959 5813/7962 5761/8020
f 6184/8023 6183/8024 5823/8025 5788/8026
f 6172/8002 6185/8027 5797/8028 5795/8003
f 6186/8029 6157/7971 5814/7972 5763/8030
f 6121/7900 6187/8031 5789/8032 5824/7901
f 6188/8033 6124/7903 5798/7906 5779/8034
f 6161/7980 6130/7915 5764/7918 5815/7981
f 6189/8035 6128/7911 5825/7914 5787/8036
f 6129/7916 6188/8033 5779/8034 5799/7917
f 6167/7992 6186/8029 5763/8030 5816/7993
f 6133/7923 6178/8011 5786/8014 5826/7924
f 6134/7925 6171/7997 5796/8000 5800/7926
f 6170/7998 6190/8037 5782/8038 5817/7999
f 6137/7932 6184/8023 5788/8026 5827/7933
f 6139/7936 6191/8039 5770/8040 5801/7937
f 6192/8041 6173/8001 5818/8004 5793/8042
f 6187/8031 6144/7943 5828/7946 5789/8032
f 6176/8009 6146/7947 5802/7950 5773/8010
f 6174/8006 6122/7899 5784/7902 5819/8007
f 6148/7953 6180/8015 5794/8018 5829/7954
f 6149/7956 6168/7991 5768/7994 5803/7957
f 6177/8012 6175/8005 5785/8008 5820/8013
f 6153/7964 6192/8041 5793/8042 5830/7965
f 6155/7968 6150/7955 5767/7958 5804/7969
f 6179/8016 6164/7983 5790/7986 5821/8017
f 6158/7974 6154/7963 5792/7966 5831/7975
f 6151/7960 6160/7977 5805/7978 5771/7961
f 6190/8037 6182/8021 5822/8022 5782/8038
f 6163/7984 6159/7973 5791/7976 5832/7985
f 6165/7988 6126/7907 5778/7910 5806/7989
f 6183/8024 6189/8035 5787/8036 5823/8025
f 6185/8027 6166/8043 5776/8044 5797/8028
f 6191/8039 6169/7995 5807/7996 5770/8040
f 5815/7981 5764/7918 5836/8045 5887/8046
f 5787/8036 5825/7914 5897/8047 5859/8048
f 5816/7993 5763/8030 5835/8049 5888/8050
f 5826/7924 5786/8014 5858/8051 5898/8052
f 5817/7999 5782/8038 5854/8053 5889/8054
f 5827/7933 5788/8026 5860/8055 5899/8056
f 5795/8003 5797/8028 5869/8057 5867/8058
f 5793/8042 5818/8004 5890/8059 5865/8060
f 5789/8032 5828/7946 5900/8061 5861/8062
f 5779/8034 5798/7906 5870/8063 5851/8064
f 5819/8007 5784/7902 5856/8065 5891/8066
f 5829/7954 5794/8018 5866/8067 5901/8068
f 5799/7917 5779/8034 5851/8064 5871/8069
f 5820/8013 5785/8008 5857/8070 5892/8071
f 5830/7965 5793/8042 5865/8060 5902/8072
f 5800/7926 5796/8000 5868/8073 5872/8074
f 5821/8017 5790/7986 5862/8075 5893/8076
f 5831/7975 5792/7966 5864/8077 5903/8078
f 5801/7937 5770/8040 5842/8079 5873/8080
f 5782/8038 5822/8022 5894/8081 5854/8053
f 5832/7985 5791/7976 5863/8082 5904/8083
f 5773/8010 5802/7950 5874/8084 5845/8085
f 5823/8025 5787/8036 5859/8048 5895/8086
f 5797/8028 5776/8044 5848/8087 5869/8057
f 5803/7957 5768/7994 5840/8088 5875/8089
f 5784/7902 5824/7901 5896/8090 5856/8065
f 5798/7906 5762/7905 5834/8091 5870/8063
f 5804/7969 5767/7958 5839/8092 5876/8093
f 5825/7914 5781/7913 5853/8094 5897/8047
f 5764/7918 5799/7917 5871/8069 5836/8045
f 5771/7961 5805/7978 5877/8095 5843/8096
f 5781/7913 5826/7924 5898/8052 5853/8094
f 5762/7905 5800/7926 5872/8074 5834/8091
f 5806/7989 5778/7910 5850/8097 5878/8098
f 5783/7934 5827/7933 5899/8056 5855/8099
f 5769/7938 5801/7937 5873/8080 5841/8100
f 5770/8040 5807/7996 5879/8101 5842/8079
f 5828/7946 5780/7945 5852/8102 5900/8061
f 5802/7950 5772/7949 5844/8103 5874/8084
f 5778/7910 5808/7909 5880/8104 5850/8097
f 5780/7945 5829/7954 5901/8068 5852/8102
f 5767/7958 5803/7957 5875/8089 5839/8092
f 5809/7922 5777/7921 5849/8105 5881/8106
f 5792/7966 5830/7965 5902/8072 5864/8077
f 5766/7970 5804/7969 5876/8093 5838/8107
f 5774/7930 5810/7929 5882/8108 5846/8109
f 5791/7976 5831/7975 5903/8078 5863/8082
f 5805/7978 5766/7970 5838/8107 5877/8095
f 5775/7942 5811/7941 5883/8110 5847/8111
f 5765/7982 5815/7981 5887/8046 5837/8112
f 5790/7986 5832/7985 5904/8083 5862/8075
f 5776/7990 5806/7989 5878/8098 5848/8113
f 5777/7921 5812/7952 5884/8114 5849/8105
f 5768/7994 5816/7993 5888/8050 5840/8088
f 5807/7996 5765/7982 5837/8112 5879/8101
f 5813/7962 5771/7961 5843/8096 5885/8115
f 5796/8000 5817/7999 5889/8054 5868/8073
f 5808/7909 5775/7942 5847/8111 5880/8104
f 5814/7972 5769/7938 5841/8100 5886/8116
f 5818/8004 5795/8003 5867/8058 5890/8059
f 5772/7949 5809/7922 5881/8106 5844/8103
f 5785/8008 5819/8007 5891/8066 5857/8070
f 5810/7929 5773/8010 5845/8085 5882/8108
f 5786/8014 5820/8013 5892/8071 5858/8051
f 5811/7941 5774/7930 5846/8109 5883/8110
f 5794/8018 5821/8017 5893/8076 5866/8067
f 5812/7952 5761/8020 5833/8117 5884/8114
f 5822/8022 5783/7934 5855/8099 5894/8081
f 5761/8020 5813/7962 5885/8115 5833/8117
f 5788/8026 5823/8025 5895/8086 5860/8055
f 5763/8030 5814/7972 5886/8116 5835/8049
f 5824/7901 5789/8032 5861/8062 5896/8090
f 6/8118 1626/8119 5948/8120 6047/8121
f 6047/8121 5948/8120 5947/8122 6048/8123
f 1521/8124 11/8125 6032/8126 5941/8127
f 5941/8127 6032/8126 6031/8128 5942/8129
f 1782/8130 69/8131 6046/8132 5931/8133
f 5931/8133 6046/8132 6045/8134 5932/8135
f 48/8136 1855/8137 6044/8138 6021/8139
f 6021/8139 6044/8138 6043/8140 6022/8141
f 1750/8142 40/8143 6034/8144 6041/8145
f 6041/8145 6034/8144 6033/8146 6042/8147
f 42/8148 1802/8149 6040/8150 5979/8151
f 5979/8151 6040/8150 6039/8152 5980/8153
f 3/8154 1513/8155 6038/8156 6003/8157
f 6003/8157 6038/8156 6037/8158 6004/8159
f 33/8160 1544/8161 5916/8162 6015/8163
f 6015/8163 5916/8162 5915/8164 6016/8165
f 1538/8166 6/8118 6047/8121 6029/8167
f 6029/8167 6047/8121 6048/8123 6030/8168
f 4/8169 1616/8170 6026/8171 5955/8172
f 5955/8172 6026/8171 6025/8173 5956/8174
f 69/8131 1464/8175 5908/8176 6046/8132
f 6046/8132 5908/8176 5907/8177 6045/8134
f 5/8178 1484/8179 6024/8180 5945/8181
f 5945/8181 6024/8180 6023/8182 5946/8183
f 17/8184 1536/8185 6018/8186 5905/8187
f 5905/8187 6018/8186 6017/8188 5906/8189
f 1798/8190 45/8191 5954/8192 6019/8193
f 6019/8193 5954/8192 5953/8194 6020/8195
f 1824/8196 38/8197 6006/8198 6011/8199
f 6011/8199 6006/8198 6005/8200 6012/8201
f 1855/8137 49/8202 6028/8203 6044/8138
f 6044/8138 6028/8203 6027/8204 6043/8140
f 72/8205 1750/8142 6041/8145 6035/8206
f 6035/8206 6041/8145 6042/8147 6036/8207
f 1535/8208 7/8209 6008/8210 6009/8211
f 6009/8211 6008/8210 6007/8212 6010/8213
f 1802/8149 47/8214 6014/8215 6040/8150
f 6040/8150 6014/8215 6013/8216 6039/8152
f 1513/8155 72/8205 6035/8206 6038/8156
f 6038/8156 6035/8206 6036/8207 6037/8158
f 41/8217 1822/8218 6002/8219 5995/8220
f 5995/8220 6002/8219 6001/8221 5996/8222
f 40/8143 1795/8223 5998/8224 6034/8144
f 6034/8144 5998/8224 5997/8225 6033/8146
f 11/8125 1538/8166 6029/8167 6032/8126
f 6032/8126 6029/8167 6030/8168 6031/8128
f 49/8202 1847/8226 5994/8227 6028/8203
f 6028/8203 5994/8227 5993/8228 6027/8204
f 2/8229 1611/8230 5990/8231 5975/8232
f 5975/8232 5990/8231 5989/8233 5976/8234
f 1616/8170 10/8235 5944/8236 6026/8171
f 6026/8171 5944/8236 5943/8237 6025/8173
f 1484/8179 36/8238 5964/8239 6024/8180
f 6024/8180 5964/8239 5963/8240 6023/8182
f 1793/8241 48/8136 6021/8139 5983/8242
f 5983/8242 6021/8139 6022/8141 5984/8243
f 46/8244 1798/8190 6019/8193 5999/8245
f 5999/8245 6019/8193 6020/8195 6000/8246
f 1536/8185 33/8160 6015/8163 6018/8186
f 6018/8186 6015/8163 6016/8165 6017/8188
f 50/8247 1845/8248 5982/8249 5991/8250
f 5991/8250 5982/8249 5981/8251 5992/8252
f 47/8214 1824/8196 6011/8199 6014/8215
f 6014/8215 6011/8199 6012/8201 6013/8216
f 39/8253 1818/8254 5978/8255 5985/8256
f 5985/8256 5978/8255 5977/8257 5986/8258
f 12/8259 1535/8208 6009/8211 5987/8260
f 5987/8260 6009/8211 6010/8213 5988/8261
f 7/8209 1529/8262 5972/8263 6008/8210
f 6008/8210 5972/8263 5971/8264 6007/8212
f 38/8197 1843/8265 5968/8266 6006/8198
f 6006/8198 5968/8266 5967/8267 6005/8200
f 1476/8268 3/8154 6003/8157 5961/8269
f 5961/8269 6003/8157 6004/8159 5962/8270
f 1822/8218 46/8244 5999/8245 6002/8219
f 6002/8219 5999/8245 6000/8246 6001/8221
f 1790/8271 43/8272 5930/8273 5957/8274
f 5957/8274 5930/8273 5929/8275 5958/8276
f 1795/8223 41/8217 5995/8220 5998/8224
f 5998/8224 5995/8220 5996/8222 5997/8225
f 1847/8226 50/8247 5991/8250 5994/8227
f 5994/8227 5991/8250 5992/8252 5993/8228
f 1611/8230 12/8259 5987/8260 5990/8231
f 5990/8231 5987/8260 5988/8261 5989/8233
f 1815/8277 39/8253 5985/8256 5951/8278
f 5951/8278 5985/8256 5986/8258 5952/8279
f 1579/8280 15/8281 5938/8282 5949/8283
f 5949/8283 5938/8282 5937/8284 5950/8285
f 8/8286 1526/8287 5940/8288 5969/8289
f 5969/8289 5940/8288 5939/8290 5970/8291
f 1578/8292 14/8293 5920/8294 5935/8295
f 5935/8295 5920/8294 5919/8296 5936/8297
f 57/8298 1793/8241 5983/8242 5965/8299
f 5965/8299 5983/8242 5984/8243 5966/8300
f 1845/8248 51/8301 5934/8302 5982/8249
f 5982/8249 5934/8302 5933/8303 5981/8251
f 1787/8304 42/8148 5979/8151 5927/8305
f 5927/8305 5979/8151 5980/8153 5928/8306
f 13/8307 1577/8308 5926/8309 5973/8310
f 5973/8310 5926/8309 5925/8311 5974/8312
f 1818/8254 44/8313 5960/8314 5978/8255
f 5978/8255 5960/8314 5959/8315 5977/8257
f 1603/8316 2/8229 5975/8232 5921/8317
f 5921/8317 5975/8232 5976/8234 5922/8318
f 1524/8319 13/8307 5973/8310 5917/8320
f 5917/8320 5973/8310 5974/8312 5918/8321
f 1529/8262 8/8286 5969/8289 5972/8263
f 5972/8263 5969/8289 5970/8291 5971/8264
f 1843/8265 57/8298 5965/8299 5968/8266
f 5968/8266 5965/8299 5966/8300 5967/8267
f 36/8238 1476/8268 5961/8269 5964/8239
f 5964/8239 5961/8269 5962/8270 5963/8240
f 44/8313 1790/8271 5957/8274 5960/8314
f 5960/8314 5957/8274 5958/8276 5959/8315
f 1627/8322 4/8169 5955/8172 5909/8323
f 5909/8323 5955/8172 5956/8174 5910/8324
f 45/8191 1815/8277 5951/8278 5954/8192
f 5954/8192 5951/8278 5952/8279 5953/8194
f 16/8325 1579/8280 5949/8283 5913/8326
f 5913/8326 5949/8283 5950/8285 5914/8327
f 1626/8119 5/8178 5945/8181 5948/8120
f 5948/8120 5945/8181 5946/8183 5947/8122
f 10/8235 1521/8124 5941/8127 5944/8236
f 5944/8236 5941/8127 5942/8129 5943/8237
f 1526/8287 9/8328 5912/8329 5940/8288
f 5940/8288 5912/8329 5911/8330 5939/8290
f 15/8281 1578/8292 5935/8295 5938/8282
f 5938/8282 5935/8295 5936/8297 5937/8284
f 51/8301 1782/8130 5931/8133 5934/8302
f 5934/8302 5931/8133 5932/8135 5933/8303
f 43/8272 1787/8304 5927/8305 5930/8273
f 5930/8273 5927/8305 5928/8306 5929/8275
f 1577/8308 22/8331 5924/8332 5926/8309
f 5926/8309 5924/8332 5923/8333 5925/8311
f 22/8331 1603/8316 5921/8317 5924/8332
f 5924/8332 5921/8317 5922/8318 5923/8333
f 14/8293 1524/8319 5917/8320 5920/8294
f 5920/8294 5917/8320 5918/8321 5919/8296
f 1544/8161 16/8325 5913/8326 5916/8162
f 5916/8162 5913/8326 5914/8327 5915/8164
f 9/8328 1627/8322 5909/8323 5912/8329
f 5912/8329 5909/8323 5910/8324 5911/8330
f 1464/8175 17/8334 5905/8335 5908/8176
f 5908/8176 5905/8335 5906/8336 5907/8177
f 6048/8123 5947/8122 6096/7793 6084/7897
f 5942/8129 6031/8128 6115/7877 6057/7790
f 5932/8135 6045/8134 6120/7895 6055/7780
f 6022/8141 6043/8140 6119/7891 6080/7869
f 6042/8147 6033/8146 6116/7881 6083/7889
f 5980/8153 6039/8152 6118/7887 6068/7827
f 6004/8159 6037/8158 6117/7883 6075/7851
f 6016/8165 5915/8164 6087/7761 6078/7864
f 6030/8168 6048/8123 6084/7897 6081/7878
f 5956/8174 6025/8173 6113/7873 6061/7803
f 6045/8134 5907/8177 6085/7753 6120/7895
f 5946/8183 6023/8182 6112/7871 6058/7794
f 5906/8189 6017/8188 6111/7863 6049/7893
f 6020/8195 5953/8194 6097/7799 6079/7867
f 6012/8201 6005/8200 6108/7853 6077/7860
f 6043/8140 6027/8204 6114/7875 6119/7891
f 6036/8207 6042/8147 6083/7889 6082/7884
f 6010/8213 6007/8212 6109/7855 6076/7857
f 6039/8152 6013/8216 6110/7859 6118/7887
f 6037/8158 6036/8207 6082/7884 6117/7883
f 5996/8222 6001/8221 6107/7847 6073/7844
f 6033/8146 5997/8225 6106/7843 6116/7881
f 6031/8128 6030/8168 6081/7878 6115/7877
f 6027/8204 5993/8228 6105/7839 6114/7875
f 5976/8234 5989/8233 6104/7835 6067/7823
f 6025/8173 5943/8237 6095/7789 6113/7873
f 6023/8182 5963/8240 6099/7809 6112/7871
f 5984/8243 6022/8141 6080/7869 6069/7831
f 6000/8246 6020/8195 6079/7867 6074/7848
f 6017/8188 6016/8165 6078/7864 6111/7863
f 5992/8252 5981/8251 6103/7829 6072/7840
f 6013/8216 6012/8201 6077/7860 6110/7859
f 5986/8258 5977/8257 6102/7825 6070/7833
f 5988/8261 6010/8213 6076/7857 6071/7836
f 6007/8212 5971/8264 6101/7817 6109/7855
f 6005/8200 5967/8267 6100/7813 6108/7853
f 5962/8270 6004/8159 6075/7851 6063/7810
f 6001/8221 6000/8246 6074/7848 6107/7847
f 5958/8276 5929/8275 6091/7775 6062/7806
f 5997/8225 5996/8222 6073/7844 6106/7843
f 5993/8228 5992/8252 6072/7840 6105/7839
f 5989/8233 5988/8261 6071/7836 6104/7835
f 5952/8279 5986/8258 6070/7833 6060/7800
f 5950/8285 5937/8284 6093/7783 6059/7797
f 5970/8291 5939/8290 6094/7787 6065/7818
f 5936/8297 5919/8296 6088/7765 6056/7784
f 5966/8300 5984/8243 6069/7831 6064/7814
f 5981/8251 5933/8303 6092/7779 6103/7829
f 5928/8306 5980/8153 6068/7827 6054/7776
f 5974/8312 5925/8311 6090/7773 6066/7821
f 5977/8257 5959/8315 6098/7805 6102/7825
f 5922/8318 5976/8234 6067/7823 6053/7770
f 5918/8321 5974/8312 6066/7821 6052/7766
f 5971/8264 5970/8291 6065/7818 6101/7817
f 5967/8267 5966/8300 6064/7814 6100/7813
f 5963/8240 5962/8270 6063/7810 6099/7809
f 5959/8315 5958/8276 6062/7806 6098/7805
f 5910/8324 5956/8174 6061/7803 6050/7758
f 5953/8194 5952/8279 6060/7800 6097/7799
f 5914/8327 5950/8285 6059/7797 6051/7762
f 5947/8122 5946/8183 6058/7794 6096/7793
f 5943/8237 5942/8129 6057/7790 6095/7789
f 5939/8290 5911/8330 6086/7757 6094/7787
f 5937/8284 5936/8297 6056/7784 6093/7783
f 5933/8303 5932/8135 6055/7780 6092/7779
f 5929/8275 5928/8306 6054/7776 6091/7775
f 5925/8311 5923/8333 6089/7769 6090/7773
f 5923/8333 5922/8318 6053/7770 6089/7769
f 5919/8296 5918/8321 6052/7766 6088/7765
f 5915/8164 5914/8327 6051/7762 6087/7761
f 5911/8330 5910/8324 6050/7758 6086/7757
f 5907/8177 5906/8336 6049/7754 6085/7753
f 5698/7880 5735/7879 6169/7995 6191/8039
f 5725/7756 5704/7755 6166/8043 6185/8027
f 5751/7868 5715/7802 6189/8035 6183/8024
f 5734/7866 5706/7865 6126/7907 6165/7988
f 5760/7892 5719/7876 6159/7973 6163/7984
f 5710/7882 5750/7846 6182/8021 6190/8037
f 5699/7837 5733/7858 6160/7977 6151/7960
f 5759/7842 5720/7841 6154/7963 6158/7974
f 5749/7832 5718/7870 6164/7983 6179/8016
f 5732/7820 5695/7819 6150/7955 6155/7968
f 5758/7830 5721/7782 6192/8041 6153/7964
f 5748/7807 5713/7778 6175/8005 6177/8012
f 5731/7788 5696/7760 6168/7991 6149/7956
f 5757/7816 5722/7815 6180/8015 6148/7953
f 5747/7777 5712/7828 6122/7899 6174/8006
f 5701/7768 5730/7767 6146/7947 6176/8009
f 5717/7862 5756/7861 6144/7943 6187/8031
f 5721/7782 5746/7781 6173/8001 6192/8041
f 5729/7791 5698/7880 6191/8039 6139/7936
f 5755/7850 5716/7849 6184/8023 6137/7932
f 5745/7890 5710/7882 6190/8037 6170/7998
f 5728/7886 5724/7885 6171/7997 6134/7925
f 5754/7826 5714/7808 6178/8011 6133/7923
f 5744/7759 5691/7804 6186/8029 6167/7992
f 5727/7872 5707/7812 6188/8033 6129/7916
f 5715/7802 5753/7801 6128/7911 6189/8035
f 5743/7796 5692/7795 6130/7915 6161/7980
f 5707/7812 5726/7811 6124/7903 6188/8033
f 5752/7888 5717/7862 6187/8031 6121/7900
f 5691/7804 5742/7874 6157/7971 6186/8029
f 5723/7896 5725/7756 6185/8027 6172/8002
f 5716/7849 5751/7868 6183/8024 6184/8023
f 5689/7824 5741/7838 6152/7959 6181/8019
f 5750/7846 5711/7845 6138/7931 6182/8021
f 5740/7771 5689/7824 6181/8019 6147/7951
f 5722/7815 5749/7832 6179/8016 6180/8015
f 5739/7798 5702/7786 6136/7927 6141/7940
f 5714/7808 5748/7807 6177/8012 6178/8011
f 5738/7785 5701/7768 6176/8009 6135/7928
f 5713/7778 5747/7777 6174/8006 6175/8005
f 5700/7822 5737/7774 6132/7919 6145/7948
f 5746/7781 5723/7896 6172/8002 6173/8001
f 5736/7764 5703/7763 6142/7939 6125/7908
f 5724/7885 5745/7890 6170/7998 6171/7997
f 5735/7879 5693/7898 6162/7979 6169/7995
f 5696/7760 5744/7759 6167/7992 6168/7991
f 5704/7894 5734/7866 6165/7988 6166/7987
f 5718/7870 5760/7892 6163/7984 6164/7983
f 5693/7898 5743/7796 6161/7980 6162/7979
f 5733/7858 5694/7856 6156/7967 6160/7977
f 5719/7876 5759/7842 6158/7974 6159/7973
f 5742/7874 5697/7792 6140/7935 6157/7971
f 5694/7856 5732/7820 6155/7968 6156/7967
f 5720/7841 5758/7830 6153/7964 6154/7963
f 5741/7838 5699/7837 6151/7960 6152/7959
f 5695/7819 5731/7788 6149/7956 6150/7955
f 5708/7854 5757/7816 6148/7953 6143/7944
f 5705/7772 5740/7771 6147/7951 6131/7920
f 5730/7767 5700/7822 6145/7948 6146/7947
f 5756/7861 5708/7854 6143/7944 6144/7943
f 5703/7763 5739/7798 6141/7940 6142/7939
f 5697/7792 5729/7791 6139/7936 6140/7935
f 5711/7845 5755/7850 6137/7932 6138/7931
f 5702/7786 5738/7785 6135/7928 6136/7927
f 5690/7852 5728/7886 6134/7925 6123/7904
f 5709/7834 5754/7826 6133/7923 6127/7912
f 5737/7774 5705/7772 6131/7920 6132/7919
f 5692/7795 5727/7872 6129/7916 6130/7915
f 5753/7801 5709/7834 6127/7912 6128/7911
f 5706/7865 5736/7764 6125/7908 6126/7907
f 5726/7811 5690/7852 6123/7904 6124/7903
f 5712/7828 5752/7888 6121/7900 6122/7899
f 6291/7576 6335/8337 6263/7588 6201/7577
f 6313/8338 6223/7493 6230/7491 6270/7584
f 6335/8337 6292/8339 6202/7560 6263/7588
f 6271/8340 6231/7495 6198/7496 6288/8341
f 6304/8342 6336/8343 6264/7589 6214/7562
f 6302/8344 6212/7497 6231/7495 6271/8340
f 6228/8345 6318/8346 6319/7533 6232/7532
f 1620/7581 6193/40 6259/82 5467/7582
f 6194/7535 6266/7534 6320/7518 6233/7517
f 6370/8347 6269/8348 6310/8349 6474/8350
f 6272/8351 6234/7508 6212/7497 6302/8344
f 1575/7573 6208/8352 6255/8353 5463/7575
f 1581/7569 6209/8354 6254/8355 5462/7572
f 1566/7565 6204/8356 6253/8357 5461/7568
f 1595/7558 6210/8358 6252/8359 5460/7564
f 1779/7559 5459/7563 6251/8360 6195/8361
f 6312/8362 6222/7509 6234/7508 6272/8351
f 1595/7558 5457/7557 6249/8363 6210/8358
f 6235/7507 6273/7506 6318/8346 6228/8345
f 6236/86 6274/85 6317/7505 6227/7504
f 6237/48 6275/47 6307/84 6217/83
f 6238/38 6276/37 6316/46 6226/45
f 6313/8338 6321/8364 6239/7526 6223/7493
f 6321/8364 6315/36 6225/35 6239/7526
f 1781/7529 5450/7536 6242/8365 6196/7530
f 6277/8366 6240/7528 6224/7489 6314/7574
f 6306/7585 6216/7492 6240/7528 6277/8366
f 1852/7522 5446/7525 6238/38 6226/45
f 1803/7516 5445/7521 6237/48 6217/83
f 1856/7514 5444/7515 6236/86 6227/7504
f 1859/7501 5443/7513 6235/7507 6228/8345
f 6268/8367 6322/8368 6241/7531 6196/7530
f 1629/7500 6194/7535 6233/7517 5441/7502
f 1859/7501 6228/8345 6232/7532 5440/7499
f 6322/8368 6310/7567 6220/7488 6241/7531
f 6242/8365 6278/8369 6268/8367 6196/7530
f 5440/7499 6232/7532 6194/7535 1629/7500
f 5441/7502 6233/7517 6197/7520 1443/7503
f 5443/7513 1856/7514 6227/7504 6235/7507
f 5444/7515 1803/7516 6217/83 6236/86
f 5445/7521 1852/7522 6226/45 6237/48
f 5446/7525 1851/78 6225/7527 6238/38
f 5450/7536 1668/7537 6213/7540 6242/8365
f 5457/7557 1779/7559 6195/8361 6249/8363
f 5459/7563 1443/7503 6197/7520 6251/8360
f 5460/7564 6252/8359 6204/8356 1566/7565
f 5461/7568 6253/8357 6209/8354 1581/7569
f 5462/7572 6254/8355 6208/8352 1575/7573
f 5463/7575 6255/8353 6211/7579 1602/34
f 5467/7582 6259/82 6215/94 1733/7583
f 6205/7548 6257/7580 6332/8370 6295/8371
f 6257/7580 6206/7554 6296/8372 6332/8370
f 6207/7552 6256/7578 6283/8373 6297/8374
f 6256/7578 6211/7579 6301/8375 6283/8373
f 6298/8376 6331/8377 6255/8353 6208/8352
f 6250/7561 6202/7560 6292/8339 6327/8378
f 6249/8363 6281/8379 6300/8380 6210/8358
f 6248/7553 6207/7552 6297/8374 6326/8381
f 6203/7550 6247/7549 6325/8382 6293/21
f 6247/7549 6205/7548 6295/8371 6325/8382
f 6219/7545 6246/7547 6280/8383 6309/8384
f 6246/7547 6222/7509 6312/8362 6280/8383
f 6221/7542 6245/7546 6324/8385 6311/8386
f 6245/7546 6219/7545 6309/8384 6324/8385
f 6218/7539 6244/7543 6323/8387 6308/8388
f 6244/7543 6221/7542 6311/8386 6323/8387
f 6213/7540 6243/7538 6279/8389 6303/8390
f 6279/8389 6243/7538 6218/7539 6308/8388
f 6303/8390 6278/8369 6242/8365 6213/7540
f 6195/8361 6267/8391 6281/8379 6249/8363
f 6287/7519 6282/8392 6251/8360 6197/7520
f 6328/8393 6294/8394 6204/8356 6252/8359
f 6329/8395 6299/8396 6209/8354 6253/8357
f 6330/8397 6298/8376 6208/8352 6254/8355
f 6299/8396 6330/8397 6254/8355 6209/8354
f 6331/8377 6301/8375 6211/7579 6255/8353
f 6294/8394 6329/8395 6253/8357 6204/8356
f 6333/81 6305/91 6215/94 6259/82
f 6300/8380 6328/8393 6252/8359 6210/8358
f 6251/8360 6282/8392 6267/8391 6195/8361
f 6214/7562 6250/7561 6327/8378 6304/8342
f 6206/7554 6248/7553 6326/8381 6296/8372
f 6486/8398 6314/8399 6269/8348 6370/8347
f 6462/8400 6361/8401 6270/8402 6306/8403
f 6483/8404 6313/8405 6270/8402 6361/8401
f 6373/8406 6271/8407 6288/8408 6408/8409
f 6450/8410 6302/8411 6271/8407 6373/8406
f 6450/8410 6348/8412 6272/8413 6302/8411
f 6480/8414 6312/8415 6272/8413 6348/8412
f 6507/8416 6321/8417 6313/8405 6483/8404
f 6489/8418 6315/8419 6321/8417 6507/8416
f 6486/8398 6358/8420 6277/8421 6314/8399
f 6462/8400 6306/8403 6277/8421 6358/8420
f 6510/8422 6322/8423 6268/8424 6367/8425
f 6474/8350 6310/8349 6322/8423 6510/8422
f 6391/8426 6279/8427 6308/8428 6468/8429
f 6453/8430 6303/8431 6279/8427 6391/8426
f 6513/8432 6323/8433 6311/8434 6477/8435
f 6468/8429 6308/8428 6323/8433 6513/8432
f 6516/8436 6324/8437 6309/8438 6471/8439
f 6477/8435 6311/8434 6324/8437 6516/8436
f 6394/8440 6280/8441 6312/8415 6480/8414
f 6471/8439 6309/8438 6280/8441 6394/8440
f 6519/8442 6325/8443 6295/8444 6429/8445
f 6423/8446 6293/8447 6325/8443 6519/8442
f 6522/8448 6326/8449 6297/8450 6435/8451
f 6432/8452 6296/8453 6326/8449 6522/8448
f 6525/8454 6327/8455 6292/8456 6420/8457
f 6456/8458 6304/8459 6327/8455 6525/8454
f 6447/8460 6343/8461 6283/8462 6301/8463
f 6435/8451 6297/8450 6283/8462 6343/8461
f 6540/8464 6332/8465 6296/8453 6432/8452
f 6429/8445 6295/8444 6332/8465 6540/8464
f 6400/8466 6284/8467 6293/8447 6423/8446
f 6400/8466 6337/8468 6265/8469 6284/8467
f 6546/8470 6334/8471 6305/8472 6459/8473
f 6414/8474 6290/8475 6334/8471 6546/8470
f 6414/8474 6340/8476 6285/8477 6290/8475
f 6411/8478 6289/8479 6285/8477 6340/8476
f 6411/8478 6349/8480 6286/8481 6289/8479
f 6417/8482 6291/8483 6286/8481 6349/8480
f 6549/8484 6335/8485 6291/8483 6417/8482
f 6420/8457 6292/8456 6335/8485 6549/8484
f 6552/8486 6336/8487 6304/8459 6456/8458
f 6408/8488 6288/8489 6336/8487 6552/8486
f 6339/8490 2/8229 1603/8316 6541/8491
f 6438/8492 6537/8493 6331/8494 6298/8495
f 6441/8496 6534/8497 6330/8498 6299/8499
f 6426/8500 6531/8501 6329/8502 6294/8503
f 6444/8504 6528/8505 6328/8506 6300/8507
f 6355/8508 6354/8509 6267/8510 6282/8511
f 6397/8512 6444/8504 6300/8507 6281/8513
f 6388/8514 6367/8425 6268/8424 6278/8515
f 6385/8516 6492/8517 6316/8518 6276/8519
f 6382/8520 6465/8521 6307/8522 6275/8523
f 6379/8524 6495/8525 6317/8526 6274/8527
f 6376/8528 6498/8529 6318/8530 6273/8531
f 6364/8532 6504/8533 6320/8534 6266/8535
f 6498/8529 6501/8536 6319/8537 6318/8530
f 6501/8536 6364/8532 6266/8535 6319/8537
f 6504/8533 6405/8538 6287/8539 6320/8534
f 6495/8525 6376/8528 6273/8531 6317/8526
f 6465/8521 6379/8524 6274/8527 6307/8522
f 6492/8517 6382/8520 6275/8523 6316/8518
f 6489/8418 6385/8516 6276/8519 6315/8419
f 6453/8430 6388/8514 6278/8515 6303/8431
f 6354/8509 6397/8512 6281/8513 6267/8510
f 6405/8538 6355/8508 6282/8511 6287/8539
f 6528/8505 6426/8500 6294/8503 6328/8506
f 6531/8501 6441/8496 6299/8499 6329/8502
f 6534/8497 6438/8492 6298/8495 6330/8498
f 6537/8493 6447/8460 6301/8463 6331/8494
f 6543/8540 6459/8473 6305/8472 6333/8541
f 6336/8343 6288/8542 6198/7590 6264/7589
f 1603/8316 22/8331 6457/8543 6541/8491
f 6541/8491 6457/8543 6458/8544 6542/8545
f 6542/8545 6458/8544 6459/8473 6543/8540
f 1616/8170 4/8169 6445/8546 6535/8547
f 6535/8547 6445/8546 6446/8548 6536/8549
f 6536/8549 6446/8548 6447/8460 6537/8493
f 1521/8124 10/8235 6436/8550 6532/8551
f 6532/8551 6436/8550 6437/8552 6533/8553
f 6533/8553 6437/8552 6438/8492 6534/8497
f 1538/8166 11/8125 6439/8554 6529/8555
f 6529/8555 6439/8554 6440/8556 6530/8557
f 6530/8557 6440/8556 6441/8496 6531/8501
f 1626/8119 6/8118 6424/8558 6526/8559
f 6526/8559 6424/8558 6425/8560 6527/8561
f 6527/8561 6425/8560 6426/8500 6528/8505
f 3/8154 1476/8268 6357/8562 6403/8563
f 6403/8563 6357/8562 6356/8564 6404/8565
f 6404/8565 6356/8564 6355/8508 6405/8538
f 36/8238 1484/8179 6399/8566 6352/8567
f 6352/8567 6399/8566 6398/8568 6353/8569
f 6353/8569 6398/8568 6397/8512 6354/8509
f 57/8298 1843/8265 6390/8570 6451/8571
f 6451/8571 6390/8570 6389/8572 6452/8573
f 6452/8573 6389/8572 6388/8514 6453/8430
f 39/8253 1815/8277 6387/8574 6487/8575
f 6487/8575 6387/8574 6386/8576 6488/8577
f 6488/8577 6386/8576 6385/8516 6489/8418
f 45/8191 1798/8190 6384/8578 6490/8579
f 6490/8579 6384/8578 6383/8580 6491/8581
f 6491/8581 6383/8580 6382/8520 6492/8517
f 46/8244 1822/8218 6381/8582 6463/8583
f 6463/8583 6381/8582 6380/8584 6464/8585
f 6464/8585 6380/8584 6379/8524 6465/8521
f 41/8217 1795/8223 6378/8586 6493/8587
f 6493/8587 6378/8586 6377/8588 6494/8589
f 6494/8589 6377/8588 6376/8528 6495/8525
f 1513/8155 3/8154 6403/8563 6502/8590
f 6502/8590 6403/8563 6404/8565 6503/8591
f 6503/8591 6404/8565 6405/8538 6504/8533
f 1750/8142 72/8205 6366/8592 6499/8593
f 6499/8593 6366/8592 6365/8594 6500/8595
f 6500/8595 6365/8594 6364/8532 6501/8536
f 40/8143 1750/8142 6499/8593 6496/8596
f 6496/8596 6499/8593 6500/8595 6497/8597
f 6497/8597 6500/8595 6501/8536 6498/8529
f 72/8205 1513/8155 6502/8590 6366/8592
f 6366/8592 6502/8590 6503/8591 6365/8594
f 6365/8594 6503/8591 6504/8533 6364/8532
f 1795/8223 40/8143 6496/8596 6378/8586
f 6378/8586 6496/8596 6497/8597 6377/8588
f 6377/8588 6497/8597 6498/8529 6376/8528
f 1822/8218 41/8217 6493/8587 6381/8582
f 6381/8582 6493/8587 6494/8589 6380/8584
f 6380/8584 6494/8589 6495/8525 6379/8524
f 1798/8190 46/8244 6463/8583 6384/8578
f 6384/8578 6463/8583 6464/8585 6383/8580
f 6383/8580 6464/8585 6465/8521 6382/8520
f 1815/8277 45/8191 6490/8579 6387/8574
f 6387/8574 6490/8579 6491/8581 6386/8576
f 6386/8576 6491/8581 6492/8517 6385/8516
f 1843/8265 38/8197 6369/8598 6390/8570
f 6390/8570 6369/8598 6368/8599 6389/8572
f 6389/8572 6368/8599 6367/8425 6388/8514
f 1484/8179 5/8178 6442/8600 6399/8566
f 6399/8566 6442/8600 6443/8601 6398/8568
f 6398/8568 6443/8601 6444/8504 6397/8512
f 1476/8268 36/8238 6352/8567 6357/8562
f 6357/8562 6352/8567 6353/8569 6356/8564
f 6356/8564 6353/8569 6354/8509 6355/8508
f 5/8178 1626/8119 6526/8559 6442/8600
f 6442/8600 6526/8559 6527/8561 6443/8601
f 6443/8601 6527/8561 6528/8505 6444/8504
f 6/8118 1538/8166 6529/8555 6424/8558
f 6424/8558 6529/8555 6530/8557 6425/8560
f 6425/8560 6530/8557 6531/8501 6426/8500
f 11/8125 1521/8124 6532/8551 6439/8554
f 6439/8554 6532/8551 6533/8553 6440/8556
f 6440/8556 6533/8553 6534/8497 6441/8496
f 10/8235 1616/8170 6535/8547 6436/8550
f 6436/8550 6535/8547 6536/8549 6437/8552
f 6437/8552 6536/8549 6537/8493 6438/8492
f 6265/8469 6337/8468 6543/8540 6333/8541
f 6337/8468 6338/8602 6542/8545 6543/8540
f 6338/8602 6339/8490 6541/8491 6542/8545
f 17/8184 6406/8603 6550/8604 1536/8185
f 6406/8603 6407/8605 6551/8606 6550/8604
f 6407/8605 6408/8488 6552/8486 6551/8606
f 1536/8185 6550/8604 6454/8607 33/8160
f 6550/8604 6551/8606 6455/8608 6454/8607
f 6551/8606 6552/8486 6456/8458 6455/8608
f 16/8325 6418/8609 6547/8610 1579/8280
f 6418/8609 6419/8611 6548/8612 6547/8610
f 6419/8611 6420/8457 6549/8484 6548/8612
f 1579/8280 6547/8610 6415/8613 15/8281
f 6547/8610 6548/8612 6416/8614 6415/8613
f 6548/8612 6549/8484 6417/8482 6416/8614
f 15/8281 6415/8613 6351/8615 1578/8292
f 6415/8613 6416/8614 6350/8616 6351/8615
f 6416/8614 6417/8482 6349/8480 6350/8616
f 14/8293 1578/8292 6351/8615 6409/8617
f 6409/8617 6351/8615 6350/8616 6410/8618
f 6410/8618 6350/8616 6349/8480 6411/8478
f 14/8293 6409/8617 6342/8619 1524/8319
f 6409/8617 6410/8618 6341/8620 6342/8619
f 6410/8618 6411/8478 6340/8476 6341/8620
f 13/8307 1524/8319 6342/8619 6412/8621
f 6412/8621 6342/8619 6341/8620 6413/8622
f 6413/8622 6341/8620 6340/8476 6414/8474
f 13/8307 6412/8621 6544/8623 1577/8308
f 6412/8621 6413/8622 6545/8624 6544/8623
f 6413/8622 6414/8474 6546/8470 6545/8624
f 1577/8308 6544/8623 6457/8543 22/8331
f 6544/8623 6545/8624 6458/8544 6457/8543
f 6545/8624 6546/8470 6459/8473 6458/8544
f 1611/8230 2/8229 6339/8490 6402/8625
f 6402/8625 6339/8490 6338/8602 6401/8626
f 6401/8626 6338/8602 6337/8468 6400/8466
f 1611/8230 6402/8625 6421/8627 12/8259
f 6402/8625 6401/8626 6422/8628 6421/8627
f 6401/8626 6400/8466 6423/8446 6422/8628
f 7/8209 6427/8629 6538/8630 1529/8262
f 6427/8629 6428/8631 6539/8632 6538/8630
f 6428/8631 6429/8445 6540/8464 6539/8632
f 1529/8262 6538/8630 6430/8633 8/8286
f 6538/8630 6539/8632 6431/8634 6430/8633
f 6539/8632 6540/8464 6432/8452 6431/8634
f 9/8328 6433/8635 6345/8636 1627/8322
f 6433/8635 6434/8637 6344/8638 6345/8636
f 6434/8637 6435/8451 6343/8461 6344/8638
f 4/8169 1627/8322 6345/8636 6445/8546
f 6445/8546 6345/8636 6344/8638 6446/8548
f 6446/8548 6344/8638 6343/8461 6447/8460
f 33/8160 6454/8607 6523/8639 1544/8161
f 6454/8607 6455/8608 6524/8640 6523/8639
f 6455/8608 6456/8458 6525/8454 6524/8640
f 1544/8161 6523/8639 6418/8609 16/8325
f 6523/8639 6524/8640 6419/8611 6418/8609
f 6524/8640 6525/8454 6420/8457 6419/8611
f 8/8286 6430/8633 6520/8641 1526/8287
f 6430/8633 6431/8634 6521/8642 6520/8641
f 6431/8634 6432/8452 6522/8448 6521/8642
f 1526/8287 6520/8641 6433/8635 9/8328
f 6520/8641 6521/8642 6434/8637 6433/8635
f 6521/8642 6522/8448 6435/8451 6434/8637
f 12/8259 6421/8627 6517/8643 1535/8208
f 6421/8627 6422/8628 6518/8644 6517/8643
f 6422/8628 6423/8446 6519/8442 6518/8644
f 1535/8208 6517/8643 6427/8629 7/8209
f 6517/8643 6518/8644 6428/8631 6427/8629
f 6518/8644 6519/8442 6429/8445 6428/8631
f 50/8247 6469/8645 6396/8646 1845/8248
f 6469/8645 6470/8647 6395/8648 6396/8646
f 6470/8647 6471/8439 6394/8440 6395/8648
f 1845/8248 6396/8646 6478/8649 51/8301
f 6396/8646 6395/8648 6479/8650 6478/8649
f 6395/8648 6394/8440 6480/8414 6479/8650
f 49/8202 6475/8651 6514/8652 1847/8226
f 6475/8651 6476/8653 6515/8654 6514/8652
f 6476/8653 6477/8435 6516/8436 6515/8654
f 1847/8226 6514/8652 6469/8645 50/8247
f 6514/8652 6515/8654 6470/8647 6469/8645
f 6515/8654 6516/8436 6471/8439 6470/8647
f 48/8136 6466/8655 6511/8656 1855/8137
f 6466/8655 6467/8657 6512/8658 6511/8656
f 6467/8657 6468/8429 6513/8432 6512/8658
f 1855/8137 6511/8656 6475/8651 49/8202
f 6511/8656 6512/8658 6476/8653 6475/8651
f 6512/8658 6513/8432 6477/8435 6476/8653
f 57/8298 6451/8571 6393/8659 1793/8241
f 6451/8571 6452/8573 6392/8660 6393/8659
f 6452/8573 6453/8430 6391/8426 6392/8660
f 1793/8241 6393/8659 6466/8655 48/8136
f 6393/8659 6392/8660 6467/8657 6466/8655
f 6392/8660 6391/8426 6468/8429 6467/8657
f 47/8214 6472/8661 6508/8662 1824/8196
f 6472/8661 6473/8663 6509/8664 6508/8662
f 6473/8663 6474/8350 6510/8422 6509/8664
f 1824/8196 6508/8662 6369/8598 38/8197
f 6508/8662 6509/8664 6368/8599 6369/8598
f 6509/8664 6510/8422 6367/8425 6368/8599
f 43/8272 6460/8665 6360/8666 1787/8304
f 6460/8665 6461/8667 6359/8668 6360/8666
f 6461/8667 6462/8400 6358/8420 6359/8668
f 42/8148 1787/8304 6360/8666 6484/8669
f 6484/8669 6360/8666 6359/8668 6485/8670
f 6485/8670 6359/8668 6358/8420 6486/8398
f 39/8253 6487/8575 6505/8671 1818/8254
f 6487/8575 6488/8577 6506/8672 6505/8671
f 6488/8577 6489/8418 6507/8416 6506/8672
f 1818/8254 6505/8671 6481/8673 44/8313
f 6505/8671 6506/8672 6482/8674 6481/8673
f 6506/8672 6507/8416 6483/8404 6482/8674
f 51/8301 6478/8649 6346/8675 1782/8130
f 6478/8649 6479/8650 6347/8676 6346/8675
f 6479/8650 6480/8414 6348/8412 6347/8676
f 69/8131 1782/8130 6346/8675 6448/8677
f 6448/8677 6346/8675 6347/8676 6449/8678
f 6449/8678 6347/8676 6348/8412 6450/8410
f 69/8131 6448/8677 6375/8679 1464/8175
f 6448/8677 6449/8678 6374/8680 6375/8679
f 6449/8678 6450/8410 6373/8406 6374/8680
f 1464/8175 6375/8679 6406/8681 17/8334
f 6375/8679 6374/8680 6407/8682 6406/8681
f 6374/8680 6373/8406 6408/8409 6407/8682
f 44/8313 6481/8673 6363/8683 1790/8271
f 6481/8673 6482/8674 6362/8684 6363/8683
f 6482/8674 6483/8404 6361/8401 6362/8684
f 43/8272 1790/8271 6363/8683 6460/8665
f 6460/8665 6363/8683 6362/8684 6461/8667
f 6461/8667 6362/8684 6361/8401 6462/8400
f 42/8148 6484/8669 6372/8685 1802/8149
f 6484/8669 6485/8670 6371/8686 6372/8685
f 6485/8670 6486/8398 6370/8347 6371/8686
f 1802/8149 6372/8685 6472/8661 47/8214
f 6372/8685 6371/8686 6473/8663 6472/8661
f 6371/8686 6370/8347 6474/8350 6473/8663